OrderID,OrderDate,CustomerID,CustomerAge,Gender,Region,ProductCategory,ProductName,Quantity,UnitPrice,DiscountPercent,GrossSales,NetSales,PaymentMethod,CustomerRating
ORD100000,2023-01-01,CUST00908,37.0,Female,East,Electronics,Bluetooth Speaker,2,136.7,10,273.4,246.06,Credit Card,3.0
ORD100001,2023-01-01,CUST00126,27.0,Female,Central,Home & Kitchen,Cutlery Set,1,80.88,10,80.88,72.79,Debit Card,3.0
ORD100002,2023-01-01,CUST00511,48.0,Male,South,Electronics,Laptop Stand,1,22.36,0,22.36,22.36,Cash on Delivery,4.0
ORD100003,2023-01-01,CUST00130,38.0,Male,West,Electronics,Bluetooth Speaker,1,154.23,0,154.23,154.23,Credit Card,4.0
ORD100004,2023-01-01,CUST01040,40.0,Male,North,Sports & Outdoors,Dumbbell Set,1,151.54,5,151.54,143.96,Cash on Delivery,4.0
ORD100005,2023-01-01,CUST01038,21.0,Female,Central,Apparel,Women's Jeans,4,86.87,5,347.48,330.11,Credit Card,4.0
ORD100006,2023-01-01,CUST01182,32.0,Female,South,Beauty,Nail Polish,1,31.34,0,31.34,31.34,Debit Card,5.0
ORD100007,2023-01-02,CUST01071,19.0,Male,West,Apparel,Yoga Pants,1,71.3,0,71.3,71.3,UPI,4.0
ORD100008,2023-01-02,CUST01071,19.0,Male,Central,Sports & Outdoors,Water Bottle,1,27.36,0,27.36,27.36,Net Banking,4.0
ORD100009,2023-01-02,CUST00282,26.0,Male,Central,Beauty,Facial Serum,4,43.04,0,172.16,172.16,Debit Card,5.0
ORD100010,2023-01-02,CUST00392,30.0,Male,North,Beauty,Facial Serum,2,8.63,5,17.26,16.4,Debit Card,3.0
ORD100011,2023-01-02,CUST01151,32.0,Female,North,Apparel,Women's Jeans,1,117.6,0,117.6,117.6,Cash on Delivery,3.0
ORD100019,2023-01-03,CUST00713,18.0,Female,South,Electronics,USB-C Cable,3,178.73,0,536.19,536.19,Cash on Delivery,4.0
ORD100018,2023-01-03,CUST00024,38.0,Other,South,Beauty,Nail Polish,1,68.67,10,68.67,61.8,UPI,4.0
ORD100016,2023-01-03,CUST00597,26.0,Male,East,Electronics,Wireless Earbuds,2,43.25,20,86.5,69.2,UPI,4.0
ORD100017,2023-01-03,CUST00718,23.0,Male,North,Home & Kitchen,Air Fryer,1,91.17,0,91.17,91.17,Debit Card,4.0
ORD100014,2023-01-03,CUST00292,32.0,Male,West,Books,Self-Help Guide,2,8.15,0,16.3,16.3,Debit Card,2.0
ORD100013,2023-01-03,CUST01162,29.0,Female,East,Home & Kitchen,Blender,2,39.36,5,78.72,74.78,UPI,4.0
ORD100012,2023-01-03,CUST01099,34.0,Other,North,Home & Kitchen,LED Desk Lamp,3,123.65,0,370.95,370.95,Cash on Delivery,3.0
ORD100015,2023-01-03,CUST00580,18.0,Female,South,Electronics,Smartphone Case,1,220.76,5,220.76,209.72,Net Banking,2.0
ORD100020,2023-01-04,CUST01145,48.0,Female,East,Electronics,USB-C Cable,1,217.43,0,217.43,217.43,UPI,3.0
ORD100021,2023-01-04,CUST01138,60.0,Female,North,Electronics,Power Bank,1,242.27,0,242.27,242.27,Credit Card,3.0
ORD100022,2023-01-04,CUST00143,29.0,Female,East,Sports & Outdoors,Tennis Racket,1,111.85,5,111.85,106.26,Debit Card,2.0
ORD100023,2023-01-04,CUST01193,36.0,Female,South,Electronics,Laptop Stand,1,218.46,0,218.46,218.46,UPI,5.0
ORD100033,2023-01-05,CUST00947,45.0,Male,South,Books,Fiction Novel,2,24.08,0,48.16,48.16,Credit Card,3.0
ORD100032,2023-01-05,CUST00881,25.0,Male,East,Sports & Outdoors,Resistance Bands,1,138.55,0,138.55,138.55,Net Banking,4.0
ORD100031,2023-01-05,CUST00030,35.0,Female,West,Beauty,Perfume,1,19.76,5,19.76,18.77,Credit Card,4.0
ORD100030,2023-01-05,CUST00814,29.0,Male,South,Sports & Outdoors,Yoga Mat,1,116.74,20,116.74,93.39,Credit Card,4.0
ORD100029,2023-01-05,CUST01009,46.0,Male,South,Apparel,Men's T-Shirt,1,118.91,0,118.91,118.91,Credit Card,4.0
ORD100025,2023-01-05,CUST00181,35.0,Female,West,Apparel,Women's Jeans,1,30.91,0,30.91,30.91,UPI,
ORD100027,2023-01-05,CUST01056,,Male,East,Home & Kitchen,Air Fryer,2,43.02,0,86.04,86.04,UPI,4.0
ORD100026,2023-01-05,CUST00589,32.0,Male,East,Apparel,Women's Jeans,1,101.84,10,101.84,91.66,Cash on Delivery,4.0
ORD100024,2023-01-05,CUST01190,42.0,Male,North,Apparel,Men's T-Shirt,1,77.02,0,77.02,77.02,UPI,3.0
ORD100034,2023-01-05,CUST00423,39.0,Male,West,Sports & Outdoors,Tennis Racket,1,36.01,0,36.01,36.01,UPI,4.0
ORD100028,2023-01-05,CUST00030,35.0,Female,North,Sports & Outdoors,Yoga Mat,1,64.14,0,64.14,64.14,Credit Card,3.0
ORD100038,2023-01-06,CUST01045,22.0,Female,West,Books,Fiction Novel,1,29.71,0,29.71,29.71,UPI,4.0
ORD100037,2023-01-06,CUST01054,,Female,East,Beauty,Nail Polish,1,34.62,10,34.62,31.16,Credit Card,3.0
ORD100035,2023-01-06,CUST00073,48.0,Male,West,Sports & Outdoors,Water Bottle,1,11.17,0,11.17,11.17,Credit Card,
ORD100036,2023-01-06,CUST00765,46.0,Male,South,Electronics,Smartphone Case,1,142.78,0,142.78,142.78,Net Banking,4.0
ORD100039,2023-01-07,CUST00358,18.0,Female,North,Home & Kitchen,Throw Pillow,1,36.4,0,36.4,36.4,Net Banking,4.0
ORD100040,2023-01-07,CUST01096,38.0,Female,South,Home & Kitchen,LED Desk Lamp,1,179.52,10,179.52,161.57,Credit Card,3.0
ORD100041,2023-01-07,CUST00665,,Female,North,Electronics,Smartwatch,1,164.0,15,164.0,139.4,Credit Card,4.0
ORD100042,2023-01-07,CUST00353,,Female,,Home & Kitchen,Blender,1,151.86,0,151.86,151.86,Debit Card,5.0
ORD100046,2023-01-08,CUST00598,41.0,Female,East,Beauty,Shampoo,1,25.15,0,25.15,25.15,Debit Card,
ORD100050,2023-01-08,CUST01067,18.0,Male,East,Beauty,Face Moisturizer,1,71.2,0,71.2,71.2,Debit Card,3.0
ORD100049,2023-01-08,CUST01120,56.0,Female,,Electronics,USB-C Cable,1,202.56,0,202.56,202.56,Cash on Delivery,2.0
ORD100048,2023-01-08,CUST00593,55.0,Female,North,Sports & Outdoors,Resistance Bands,1,126.66,0,126.66,126.66,Cash on Delivery,4.0
ORD100045,2023-01-08,CUST00590,51.0,Female,East,Apparel,Yoga Pants,1,42.53,0,42.53,42.53,Credit Card,3.0
ORD100044,2023-01-08,CUST00946,18.0,Female,North,Electronics,Power Bank,1,67.24,0,67.24,67.24,Credit Card,4.0
ORD100043,2023-01-08,CUST00770,38.0,Female,North,Beauty,Lipstick Set,2,33.63,10,67.26,60.53,UPI,3.0
ORD100047,2023-01-08,CUST01075,45.0,Female,South,Sports & Outdoors,Cycling Helmet,1,81.71,0,81.71,81.71,Credit Card,3.0
ORD100052,2023-01-09,CUST00555,18.0,Male,North,Apparel,Formal Shirt,1,56.93,0,56.93,56.93,Credit Card,2.0
ORD100051,2023-01-09,CUST00899,48.0,Male,Central,Electronics,Power Bank,1,133.87,0,133.87,133.87,Credit Card,3.0
ORD100053,2023-01-09,CUST00829,20.0,Female,North,Apparel,Yoga Pants,2,52.8,0,105.6,105.6,Credit Card,5.0
ORD100055,2023-01-10,CUST00588,52.0,Female,South,Beauty,Sunscreen SPF50,2,66.63,0,133.26,133.26,Credit Card,1.0
ORD100058,2023-01-10,CUST00128,33.0,Male,South,Apparel,Women's Jeans,2,19.88,0,39.76,39.76,Cash on Delivery,5.0
ORD100057,2023-01-10,CUST00205,32.0,Female,South,Home & Kitchen,Storage Bins,2,159.01,0,318.02,318.02,Debit Card,3.0
ORD100054,2023-01-10,CUST00929,38.0,Male,South,Home & Kitchen,LED Desk Lamp,1,178.21,0,178.21,178.21,Credit Card,4.0
ORD100056,2023-01-10,CUST00002,22.0,Female,East,Apparel,Formal Shirt,1,78.63,5,78.63,74.7,Credit Card,2.0
ORD100059,2023-01-11,CUST00601,20.0,Male,East,Sports & Outdoors,Water Bottle,1,106.13,5,106.13,100.82,Credit Card,3.0
ORD100060,2023-01-11,CUST00447,41.0,Female,West,Beauty,Sunscreen SPF50,1,39.58,0,39.58,39.58,Cash on Delivery,4.0
ORD100061,2023-01-11,CUST00144,53.0,Male,West,Apparel,Running Shoes,2,39.67,0,79.34,79.34,Credit Card,4.0
ORD100062,2023-01-11,CUST00639,39.0,Female,West,Electronics,USB-C Cable,1,16.72,0,16.72,16.72,UPI,3.0
ORD100070,2023-01-12,CUST00899,48.0,Male,Central,Beauty,Lipstick Set,1,71.53,0,71.53,71.53,Debit Card,4.0
ORD100063,2023-01-12,CUST00010,41.0,Other,West,Beauty,Sunscreen SPF50,1,62.05,5,62.05,58.95,UPI,4.0
ORD100064,2023-01-12,CUST00357,50.0,Male,South,Home & Kitchen,Throw Pillow,1,89.45,15,89.45,76.03,UPI,4.0
ORD100065,2023-01-12,CUST00221,18.0,Male,West,Electronics,USB-C Cable,1,89.67,0,89.67,89.67,Net Banking,5.0
ORD100066,2023-01-12,CUST00388,50.0,Female,West,Home & Kitchen,Coffee Maker,1,53.77,10,53.77,48.39,Credit Card,3.0
ORD100067,2023-01-12,CUST00760,43.0,Male,South,Apparel,Formal Shirt,1,46.91,0,46.91,46.91,Debit Card,5.0
ORD100068,2023-01-12,CUST00689,24.0,Female,South,Apparel,Men's T-Shirt,2,34.0,0,68.0,68.0,UPI,3.0
ORD100069,2023-01-12,CUST00985,18.0,Male,Central,Books,Cookbook,1,20.86,0,20.86,20.86,Debit Card,5.0
ORD100071,2023-01-12,CUST00439,27.0,Male,Central,Apparel,Running Shoes,1,35.31,15,35.31,30.01,Debit Card,5.0
ORD100077,2023-01-13,CUST01167,29.0,Male,North,Electronics,Bluetooth Speaker,1,158.22,0,158.22,158.22,Credit Card,
ORD100079,2023-01-13,CUST00694,18.0,Male,West,Beauty,Shampoo,5,35.16,0,175.8,175.8,Credit Card,4.0
ORD100076,2023-01-13,CUST01134,29.0,Female,West,Apparel,Women's Jeans,1,113.04,25,113.04,84.78,Debit Card,3.0
ORD100078,2023-01-13,CUST00718,23.0,Male,West,Apparel,Wool Sweater,1,52.73,0,52.73,52.73,Credit Card,4.0
ORD100074,2023-01-13,CUST00120,40.0,Male,Central,Beauty,Facial Serum,3,43.99,0,131.97,131.97,Credit Card,3.0
ORD100073,2023-01-13,CUST00107,18.0,Female,South,Electronics,Bluetooth Speaker,5,232.03,0,1160.15,1160.15,UPI,3.0
ORD100075,2023-01-13,CUST00084,26.0,Female,East,Electronics,Laptop Stand,1,121.02,0,121.02,121.02,Credit Card,3.0
ORD100072,2023-01-13,CUST00225,38.0,Male,South,Home & Kitchen,Coffee Maker,1,42.02,25,42.02,31.52,Debit Card,4.0
ORD100080,2023-01-14,CUST01039,,Male,East,Apparel,Women's Jeans,3,10.87,0,32.61,32.61,Debit Card,3.0
ORD100081,2023-01-14,CUST00185,27.0,Female,East,Sports & Outdoors,Tennis Racket,2,177.27,10,354.54,319.09,UPI,5.0
ORD100082,2023-01-14,CUST00133,50.0,Female,East,Home & Kitchen,LED Desk Lamp,1,92.78,0,92.78,92.78,UPI,4.0
ORD100083,2023-01-14,CUST01095,39.0,Female,North,Apparel,Winter Jacket,1,86.97,0,86.97,86.97,UPI,4.0
ORD100092,2023-01-15,CUST00570,20.0,Female,South,Sports & Outdoors,Camping Tent,1,135.06,0,135.06,135.06,UPI,4.0
ORD100091,2023-01-15,CUST00016,18.0,Male,West,Apparel,Baseball Cap,2,96.07,0,192.14,192.14,UPI,3.0
ORD100090,2023-01-15,CUST01076,28.0,Male,North,Sports & Outdoors,Tennis Racket,1,149.13,0,149.13,149.13,Cash on Delivery,4.0
ORD100089,2023-01-15,CUST00222,31.0,Female,East,Apparel,Winter Jacket,1,59.31,5,59.31,56.34,Credit Card,4.0
ORD100086,2023-01-15,CUST01090,20.0,Female,West,Sports & Outdoors,Cycling Helmet,1,80.03,0,80.03,80.03,Cash on Delivery,3.0
ORD100087,2023-01-15,CUST01029,45.0,Male,Central,Electronics,Webcam,1,142.13,5,142.13,135.02,UPI,2.0
ORD100085,2023-01-15,CUST00500,36.0,Male,West,Beauty,Facial Serum,1,55.77,0,55.77,55.77,Debit Card,2.0
ORD100084,2023-01-15,CUST00681,28.0,Male,South,Beauty,Shampoo,3,86.34,10,259.02,233.12,Debit Card,
ORD100088,2023-01-15,CUST00612,45.0,Female,Central,Electronics,Webcam,2,170.45,10,340.9,306.81,Net Banking,3.0
ORD100099,2023-01-16,CUST00321,44.0,Male,North,Electronics,Smartphone Case,1,130.34,25,130.34,97.76,Cash on Delivery,3.0
ORD100102,2023-01-16,CUST00704,,Male,West,Electronics,Smartphone Case,1,42.94,20,42.94,34.35,Debit Card,3.0
ORD100101,2023-01-16,CUST01053,35.0,Male,Central,Apparel,Baseball Cap,1,85.07,0,85.07,85.07,Debit Card,4.0
ORD100100,2023-01-16,CUST01177,23.0,Female,East,Home & Kitchen,Non-stick Pan,1,100.9,0,100.9,100.9,UPI,4.0
ORD100098,2023-01-16,CUST00673,37.0,Female,,Beauty,Nail Polish,1,27.58,10,27.58,24.82,Net Banking,3.0
ORD100093,2023-01-16,CUST01069,48.0,Male,North,Home & Kitchen,Blender,1,19.62,10,19.62,17.66,UPI,4.0
ORD100096,2023-01-16,CUST00716,61.0,Female,Central,Home & Kitchen,Throw Pillow,1,88.91,0,88.91,88.91,Credit Card,3.0
ORD100095,2023-01-16,CUST00838,23.0,Female,East,Books,Business Book,2,27.56,5,55.12,52.36,Debit Card,3.0
ORD100094,2023-01-16,CUST00384,40.0,Other,South,Sports & Outdoors,Resistance Bands,4,117.14,0,468.56,468.56,Cash on Delivery,4.0
ORD100097,2023-01-16,CUST00636,35.0,Female,North,Electronics,Smartwatch,2,240.2,0,480.4,480.4,Credit Card,4.0
ORD100103,2023-01-17,CUST01178,26.0,Male,Central,Electronics,Smartphone Case,1,227.91,0,227.91,227.91,Net Banking,3.0
ORD100104,2023-01-17,CUST00266,19.0,Male,South,Home & Kitchen,Throw Pillow,2,158.95,0,317.9,317.9,Net Banking,3.0
ORD100105,2023-01-17,CUST00447,41.0,Female,South,Home & Kitchen,Storage Bins,1,159.84,0,159.84,159.84,Cash on Delivery,3.0
ORD100106,2023-01-17,CUST01035,47.0,Female,South,Apparel,Winter Jacket,1,48.64,0,48.64,48.64,Credit Card,4.0
ORD100107,2023-01-17,CUST00289,45.0,Female,East,Apparel,Baseball Cap,3,91.6,0,274.8,274.8,UPI,3.0
ORD100108,2023-01-17,CUST00407,37.0,Female,East,Apparel,Yoga Pants,2,18.27,0,36.54,36.54,UPI,5.0
ORD100114,2023-01-18,CUST00616,48.0,Male,Central,Home & Kitchen,Coffee Maker,1,179.07,10,179.07,161.16,Credit Card,4.0
ORD100115,2023-01-18,CUST00025,27.0,Female,North,Sports & Outdoors,Resistance Bands,2,84.5,15,169.0,143.65,UPI,2.0
ORD100113,2023-01-18,CUST00165,52.0,Female,West,Electronics,Smartwatch,2,145.61,0,291.22,291.22,Credit Card,4.0
ORD100116,2023-01-18,CUST00639,39.0,Female,South,Sports & Outdoors,Camping Tent,4,156.76,20,627.04,501.63,Net Banking,2.0
ORD100111,2023-01-18,CUST00339,42.0,Female,South,Beauty,Hair Dryer,1,59.41,10,59.41,53.47,UPI,3.0
ORD100110,2023-01-18,CUST00517,38.0,Female,East,Electronics,Webcam,1,78.48,25,78.48,58.86,Debit Card,3.0
ORD100109,2023-01-18,CUST00841,55.0,Male,North,Home & Kitchen,Non-stick Pan,1,15.88,10,15.88,14.29,Net Banking,4.0
ORD100112,2023-01-18,CUST00430,34.0,Female,West,Electronics,Bluetooth Speaker,4,130.71,0,522.84,522.84,UPI,3.0
ORD100124,2023-01-19,CUST00490,28.0,Female,South,Beauty,Perfume,1,80.73,0,80.73,80.73,Credit Card,4.0
ORD100123,2023-01-19,CUST00730,28.0,Female,South,Beauty,Hair Dryer,3,15.39,0,46.17,46.17,Credit Card,
ORD100121,2023-01-19,CUST00011,54.0,Male,East,Electronics,Smartphone Case,2,249.25,0,498.5,498.5,Debit Card,4.0
ORD100122,2023-01-19,CUST00711,23.0,Female,East,Apparel,Wool Sweater,1,79.2,0,79.2,79.2,Credit Card,4.0
ORD100119,2023-01-19,CUST00816,37.0,Female,South,Electronics,Wireless Earbuds,1,182.85,0,182.85,182.85,Credit Card,5.0
ORD100118,2023-01-19,CUST00990,39.0,Female,South,Home & Kitchen,Throw Pillow,1,16.73,5,16.73,15.89,Debit Card,4.0
ORD100117,2023-01-19,CUST00049,21.0,Other,North,Beauty,Face Moisturizer,2,63.05,15,126.1,107.18,Credit Card,3.0
ORD100120,2023-01-19,CUST00057,46.0,Female,South,Electronics,Smartphone Case,1,231.17,0,231.17,231.17,UPI,4.0
ORD100125,2023-01-20,CUST00232,34.0,Female,South,Home & Kitchen,Coffee Maker,1,88.71,0,88.71,88.71,UPI,3.0
ORD100126,2023-01-20,CUST00416,41.0,Female,East,Apparel,Men's T-Shirt,1,23.1,0,23.1,23.1,UPI,3.0
ORD100127,2023-01-20,CUST00511,48.0,Male,North,Beauty,Facial Serum,3,51.55,0,154.65,154.65,Cash on Delivery,5.0
ORD100128,2023-01-20,CUST00120,40.0,Male,North,Home & Kitchen,Coffee Maker,1,110.78,5,110.78,105.24,Debit Card,3.0
ORD100129,2023-01-20,CUST00791,27.0,Female,North,Apparel,Baseball Cap,1,23.24,20,23.24,18.59,Credit Card,4.0
ORD100134,2023-01-21,CUST00057,46.0,Female,West,Electronics,Smartphone Case,1,193.83,0,193.83,193.83,Debit Card,3.0
ORD100133,2023-01-21,CUST01009,46.0,Male,West,Electronics,Bluetooth Speaker,1,150.23,0,150.23,150.23,Net Banking,3.0
ORD100135,2023-01-21,CUST00602,27.0,Other,Central,Electronics,Webcam,2,141.69,10,283.38,255.04,Credit Card,3.0
ORD100131,2023-01-21,CUST00650,25.0,Male,West,Apparel,Men's T-Shirt,1,28.32,0,28.32,28.32,Debit Card,4.0
ORD100130,2023-01-21,CUST00056,21.0,Female,North,Beauty,Shampoo,1,74.32,15,74.32,63.17,Cash on Delivery,3.0
ORD100132,2023-01-21,CUST00943,19.0,Male,West,Home & Kitchen,Cutlery Set,2,153.23,5,306.46,291.14,UPI,4.0
ORD100136,2023-01-22,CUST00592,36.0,Female,North,Apparel,Running Shoes,1,80.53,5,80.53,76.5,Debit Card,3.0
ORD100137,2023-01-22,CUST00735,34.0,Female,North,Beauty,Facial Serum,1,14.64,0,14.64,14.64,Credit Card,2.0
ORD100138,2023-01-22,CUST00016,18.0,Male,South,Electronics,Smartwatch,1,181.52,0,181.52,181.52,UPI,4.0
ORD100144,2023-01-23,CUST01100,58.0,Female,Central,Apparel,Formal Shirt,1,82.85,15,82.85,70.42,Net Banking,4.0
ORD100143,2023-01-23,CUST00022,25.0,Male,East,Home & Kitchen,Throw Pillow,1,129.69,10,129.69,116.72,Cash on Delivery,
ORD100142,2023-01-23,CUST00423,39.0,Male,West,Electronics,Bluetooth Speaker,4,79.11,5,316.44,300.62,UPI,5.0
ORD100145,2023-01-23,CUST01079,51.0,Female,West,Beauty,Nail Polish,2,20.11,10,40.22,36.2,UPI,3.0
ORD100140,2023-01-23,CUST00297,20.0,Male,East,Home & Kitchen,LED Desk Lamp,1,159.22,0,159.22,159.22,Credit Card,4.0
ORD100139,2023-01-23,CUST00984,29.0,Female,East,Sports & Outdoors,Cycling Helmet,1,147.88,10,147.88,133.09,Credit Card,5.0
ORD100141,2023-01-23,CUST00267,51.0,Female,North,Electronics,Wireless Earbuds,5,88.01,0,440.05,440.05,Debit Card,4.0
ORD100146,2023-01-24,CUST00433,33.0,Female,North,Electronics,Bluetooth Speaker,1,115.0,0,115.0,115.0,Credit Card,4.0
ORD100147,2023-01-24,CUST00707,32.0,Female,Central,Beauty,Sunscreen SPF50,1,62.74,15,62.74,53.33,Credit Card,4.0
ORD100148,2023-01-24,CUST00625,36.0,Male,South,Sports & Outdoors,Yoga Mat,3,184.67,0,554.01,554.01,Debit Card,4.0
ORD100149,2023-01-24,CUST00320,41.0,Male,West,Sports & Outdoors,Camping Tent,1,183.21,10,183.21,164.89,Net Banking,4.0
ORD100150,2023-01-24,CUST00357,50.0,Male,South,Apparel,Winter Jacket,1,48.81,0,48.81,48.81,Credit Card,2.0
ORD100151,2023-01-24,CUST00146,48.0,Female,East,Beauty,Perfume,1,11.42,0,11.42,11.42,UPI,4.0
ORD100152,2023-01-24,CUST00764,33.0,Male,West,Electronics,Wireless Earbuds,1,133.93,0,133.93,133.93,Debit Card,4.0
ORD100153,2023-01-24,CUST00023,19.0,Male,North,Electronics,Webcam,2,243.57,0,487.14,487.14,UPI,4.0
ORD100154,2023-01-24,CUST01059,23.0,Female,South,Books,Children's Storybook,1,33.56,10,33.56,30.2,Debit Card,5.0
ORD100160,2023-01-25,CUST01024,51.0,Female,South,Beauty,Lipstick Set,2,35.05,0,70.1,70.1,Net Banking,4.0
ORD100161,2023-01-25,CUST00671,47.0,Female,North,Electronics,Laptop Stand,3,53.6,0,160.8,160.8,UPI,5.0
ORD100159,2023-01-25,CUST00070,45.0,Female,West,Electronics,Wireless Earbuds,1,232.31,0,232.31,232.31,UPI,2.0
ORD100155,2023-01-25,CUST01198,27.0,Male,South,Sports & Outdoors,Water Bottle,5,189.07,0,945.35,945.35,UPI,3.0
ORD100157,2023-01-25,CUST00177,44.0,Male,Central,Apparel,Formal Shirt,1,45.08,5,45.08,42.83,UPI,3.0
ORD100156,2023-01-25,CUST00066,21.0,Female,North,Apparel,Men's T-Shirt,1,78.34,5,78.34,74.42,Credit Card,4.0
ORD100158,2023-01-25,CUST00097,30.0,Male,Central,Apparel,Baseball Cap,2,90.49,10,180.98,162.88,Net Banking,5.0
ORD100162,2023-01-26,CUST00364,30.0,Female,Central,Books,Self-Help Guide,2,25.06,10,50.12,45.11,Credit Card,4.0
ORD100163,2023-01-26,CUST00588,52.0,Female,North,Home & Kitchen,Blender,1,19.44,0,19.44,19.44,Debit Card,3.0
ORD100164,2023-01-26,CUST01101,,Female,North,Electronics,Power Bank,1,58.22,0,58.22,58.22,Credit Card,4.0
ORD100165,2023-01-26,CUST00413,45.0,Female,West,Apparel,Winter Jacket,1,103.79,0,103.79,103.79,UPI,3.0
ORD100166,2023-01-27,CUST00225,38.0,Male,North,Electronics,Webcam,5,202.01,0,1010.05,1010.05,UPI,3.0
ORD100167,2023-01-27,CUST00397,21.0,Male,,Electronics,Laptop Stand,1,248.72,0,248.72,248.72,Credit Card,3.0
ORD100168,2023-01-27,CUST00059,38.0,Male,North,Home & Kitchen,Blender,1,68.23,0,68.23,68.23,Credit Card,3.0
ORD100169,2023-01-27,CUST00199,27.0,Female,Central,Sports & Outdoors,Dumbbell Set,1,173.86,0,173.86,173.86,Debit Card,5.0
ORD100177,2023-01-28,CUST00084,26.0,Female,West,Electronics,Webcam,1,87.17,0,87.17,87.17,UPI,3.0
ORD100175,2023-01-28,CUST01074,48.0,Male,Central,Home & Kitchen,Coffee Maker,2,98.48,0,196.96,196.96,Debit Card,3.0
ORD100174,2023-01-28,CUST00052,32.0,Male,North,Books,Self-Help Guide,1,27.42,10,27.42,24.68,Cash on Delivery,5.0
ORD100176,2023-01-28,CUST00858,19.0,Female,West,Electronics,Laptop Stand,1,194.61,5,194.61,184.88,Debit Card,3.0
ORD100172,2023-01-28,CUST01090,20.0,Female,Central,Beauty,Shampoo,1,86.11,0,86.11,86.11,UPI,3.0
ORD100171,2023-01-28,CUST00329,18.0,Male,West,Home & Kitchen,Cutlery Set,1,143.41,5,143.41,136.24,Credit Card,3.0
ORD100170,2023-01-28,CUST00788,38.0,Male,Central,Electronics,Smartwatch,2,143.91,5,287.82,273.43,Cash on Delivery,3.0
ORD100173,2023-01-28,CUST01016,43.0,Female,West,Sports & Outdoors,Cycling Helmet,1,35.23,0,35.23,35.23,Credit Card,4.0
ORD100186,2023-01-29,CUST01027,37.0,Female,North,Electronics,Power Bank,2,98.0,0,196.0,196.0,Credit Card,4.0
ORD100185,2023-01-29,CUST00016,18.0,Male,North,Apparel,Formal Shirt,4,28.17,0,112.68,112.68,Credit Card,4.0
ORD100184,2023-01-29,CUST00053,52.0,Male,North,Electronics,Laptop Stand,4,66.23,0,264.92,264.92,Credit Card,3.0
ORD100182,2023-01-29,CUST00634,43.0,Male,North,Home & Kitchen,Non-stick Pan,3,40.38,0,121.14,121.14,Credit Card,5.0
ORD100183,2023-01-29,CUST00090,25.0,Female,West,Electronics,Laptop Stand,5,63.65,10,318.25,286.43,Debit Card,5.0
ORD100180,2023-01-29,CUST00173,29.0,Female,South,Beauty,Hair Dryer,1,29.85,15,29.85,25.37,Debit Card,5.0
ORD100179,2023-01-29,CUST00617,44.0,Female,North,Beauty,Facial Serum,2,74.43,0,148.86,148.86,Credit Card,3.0
ORD100178,2023-01-29,CUST00576,18.0,Male,Central,Home & Kitchen,Non-stick Pan,1,137.04,25,137.04,102.78,Credit Card,4.0
ORD100181,2023-01-29,CUST01189,40.0,Male,,Books,Biography,1,11.3,0,11.3,11.3,Cash on Delivery,5.0
ORD100192,2023-01-30,CUST01157,26.0,Male,West,Apparel,Baseball Cap,1,108.62,0,108.62,108.62,UPI,4.0
ORD100187,2023-01-30,CUST01012,41.0,Female,East,Home & Kitchen,Storage Bins,1,153.32,0,153.32,153.32,Credit Card,5.0
ORD100188,2023-01-30,CUST01142,33.0,Female,North,Beauty,Perfume,3,79.05,0,237.15,237.15,Credit Card,4.0
ORD100189,2023-01-30,CUST00436,37.0,Male,South,Home & Kitchen,Throw Pillow,1,127.35,0,127.35,127.35,Credit Card,4.0
ORD100190,2023-01-30,CUST00615,35.0,Female,South,Books,Cookbook,1,11.57,0,11.57,11.57,Credit Card,5.0
ORD100191,2023-01-30,CUST00884,29.0,Male,North,Electronics,Webcam,4,51.16,0,204.64,204.64,Debit Card,3.0
ORD100194,2023-02-01,CUST00768,45.0,Male,Central,Home & Kitchen,LED Desk Lamp,1,59.91,10,59.91,53.92,Debit Card,4.0
ORD100195,2023-02-01,CUST00363,41.0,Male,Central,Home & Kitchen,Cutlery Set,1,73.21,0,73.21,73.21,UPI,3.0
ORD100193,2023-02-01,CUST00339,42.0,Female,South,Apparel,Women's Jeans,2,24.1,0,48.2,48.2,UPI,4.0
ORD100196,2023-02-02,CUST00920,27.0,Male,North,Beauty,Hair Dryer,1,45.89,0,45.89,45.89,UPI,3.0
ORD100197,2023-02-02,CUST00968,25.0,Female,South,Home & Kitchen,Storage Bins,1,178.25,0,178.25,178.25,Credit Card,3.0
ORD100198,2023-02-02,CUST00191,28.0,Male,Central,Beauty,Sunscreen SPF50,1,41.25,10,41.25,37.13,Credit Card,3.0
ORD100199,2023-02-02,CUST00203,37.0,Male,Central,Home & Kitchen,Air Fryer,3,163.33,10,489.99,440.99,Debit Card,4.0
ORD100200,2023-02-02,CUST00932,28.0,Male,East,Electronics,Smartwatch,1,95.58,0,95.58,95.58,Cash on Delivery,4.0
ORD100201,2023-02-03,CUST00705,40.0,Male,South,Beauty,Face Moisturizer,1,50.56,0,50.56,50.56,Debit Card,5.0
ORD100202,2023-02-03,CUST00142,30.0,Male,South,Beauty,Nail Polish,2,77.19,25,154.38,115.78,Cash on Delivery,4.0
ORD100203,2023-02-03,CUST00904,31.0,Female,North,Beauty,Perfume,1,63.61,0,63.61,63.61,Credit Card,2.0
ORD100204,2023-02-03,CUST01121,27.0,Female,East,Electronics,Smartphone Case,1,134.0,0,134.0,134.0,Credit Card,4.0
ORD100205,2023-02-03,CUST01037,48.0,Other,South,Beauty,Perfume,1,38.65,15,38.65,32.85,Debit Card,4.0
ORD100206,2023-02-03,CUST00109,21.0,Female,,Sports & Outdoors,Camping Tent,1,38.49,0,38.49,38.49,Credit Card,5.0
ORD100207,2023-02-03,CUST00823,41.0,Female,West,Home & Kitchen,Storage Bins,1,64.89,5,64.89,61.65,Credit Card,4.0
ORD100208,2023-02-04,CUST00357,50.0,Male,North,Apparel,Wool Sweater,1,89.11,5,89.11,84.65,Credit Card,5.0
ORD100209,2023-02-04,CUST00701,39.0,Male,North,Beauty,Perfume,1,15.35,10,15.35,13.81,Debit Card,3.0
ORD100213,2023-02-05,CUST00806,60.0,Female,West,Beauty,Nail Polish,2,88.0,15,176.0,149.6,UPI,3.0
ORD100212,2023-02-05,CUST00350,31.0,Female,East,Books,Mystery Thriller,1,13.48,0,13.48,13.48,Debit Card,4.0
ORD100210,2023-02-05,CUST00561,34.0,Female,North,Home & Kitchen,Cutlery Set,1,119.97,0,119.97,119.97,Debit Card,5.0
ORD100211,2023-02-05,CUST00309,31.0,Female,West,Beauty,Nail Polish,1,57.57,10,57.57,51.81,Credit Card,5.0
ORD100214,2023-02-06,CUST01018,18.0,Female,Central,Apparel,Baseball Cap,2,92.2,0,184.4,184.4,UPI,1.0
ORD100215,2023-02-06,CUST00799,31.0,Male,West,Sports & Outdoors,Water Bottle,1,15.64,0,15.64,15.64,Debit Card,3.0
ORD100221,2023-02-07,CUST00186,37.0,Male,Central,Apparel,Winter Jacket,1,46.39,5,46.39,44.07,Debit Card,4.0
ORD100216,2023-02-07,CUST00237,44.0,Female,South,Electronics,Smartwatch,1,186.96,0,186.96,186.96,Credit Card,5.0
ORD100217,2023-02-07,CUST00944,51.0,Male,East,Home & Kitchen,Coffee Maker,1,100.77,0,100.77,100.77,Credit Card,4.0
ORD100218,2023-02-07,CUST00255,26.0,Male,South,Beauty,Hair Dryer,5,36.57,0,182.85,182.85,UPI,4.0
ORD100219,2023-02-07,CUST01011,44.0,Female,South,Apparel,Yoga Pants,1,97.76,5,97.76,92.87,Net Banking,3.0
ORD100220,2023-02-07,CUST00223,26.0,Male,Central,Beauty,Sunscreen SPF50,1,67.4,0,67.4,67.4,Credit Card,4.0
ORD100228,2023-02-08,CUST00179,43.0,Male,Central,Electronics,Wireless Earbuds,1,66.09,0,66.09,66.09,UPI,3.0
ORD100227,2023-02-08,CUST00129,34.0,Female,,Apparel,Women's Jeans,2,28.55,0,57.1,57.1,UPI,4.0
ORD100226,2023-02-08,CUST00404,30.0,Male,West,Electronics,Power Bank,1,197.66,10,197.66,177.89,Credit Card,4.0
ORD100229,2023-02-08,CUST00315,26.0,Male,South,Books,Biography,1,27.28,5,27.28,25.92,UPI,3.0
ORD100224,2023-02-08,CUST01154,45.0,Male,South,Sports & Outdoors,Hiking Backpack,2,94.36,5,188.72,179.28,Credit Card,3.0
ORD100223,2023-02-08,CUST01143,45.0,Female,North,Books,Comic Book,5,38.52,0,192.6,192.6,Credit Card,4.0
ORD100222,2023-02-08,CUST00957,41.0,Female,Central,Beauty,Shampoo,2,35.55,0,71.1,71.1,Debit Card,4.0
ORD100225,2023-02-08,CUST00612,45.0,Female,Central,Home & Kitchen,Air Fryer,1,165.21,0,165.21,165.21,Debit Card,3.0
ORD100230,2023-02-08,CUST00856,34.0,Male,South,Beauty,Facial Serum,1,54.88,5,54.88,52.14,Cash on Delivery,3.0
ORD100234,2023-02-09,CUST00448,61.0,Male,North,Electronics,Smartwatch,1,23.92,0,23.92,23.92,Debit Card,3.0
ORD100233,2023-02-09,CUST00132,61.0,Male,Central,Sports & Outdoors,Resistance Bands,1,25.35,15,25.35,21.55,Credit Card,4.0
ORD100235,2023-02-09,CUST00929,38.0,Male,South,Electronics,Laptop Stand,1,232.53,20,232.53,186.02,Cash on Delivery,3.0
ORD100231,2023-02-09,CUST00332,31.0,Male,Central,Electronics,Bluetooth Speaker,1,223.27,0,223.27,223.27,Debit Card,3.0
ORD100232,2023-02-09,CUST00596,18.0,Other,East,Home & Kitchen,Blender,1,27.36,0,27.36,27.36,UPI,4.0
ORD100236,2023-02-10,CUST00145,34.0,Male,East,Home & Kitchen,Storage Bins,1,89.25,0,89.25,89.25,Credit Card,5.0
ORD100237,2023-02-10,CUST00391,20.0,Female,North,Apparel,Formal Shirt,1,109.68,0,109.68,109.68,Credit Card,4.0
ORD100238,2023-02-10,CUST00050,18.0,Male,West,Beauty,Hair Dryer,1,80.34,0,80.34,80.34,UPI,4.0
ORD100239,2023-02-10,CUST00037,24.0,Female,West,Home & Kitchen,Coffee Maker,1,87.85,10,87.85,79.07,Credit Card,3.0
ORD100240,2023-02-10,CUST00982,18.0,Male,,Books,Biography,1,15.34,0,15.34,15.34,Credit Card,5.0
ORD100246,2023-02-11,CUST00790,19.0,Male,West,Beauty,Shampoo,1,28.23,5,28.23,26.82,UPI,5.0
ORD100245,2023-02-11,CUST00282,26.0,Male,South,Apparel,Baseball Cap,1,96.05,0,96.05,96.05,Cash on Delivery,3.0
ORD100244,2023-02-11,CUST00607,35.0,Female,West,Apparel,Men's T-Shirt,1,66.5,0,66.5,66.5,UPI,4.0
ORD100242,2023-02-11,CUST00171,27.0,Other,North,Apparel,Men's T-Shirt,5,21.55,0,107.75,107.75,Debit Card,2.0
ORD100241,2023-02-11,CUST00481,35.0,Female,West,Electronics,Webcam,1,117.81,0,117.81,117.81,Debit Card,5.0
ORD100243,2023-02-11,CUST00342,38.0,Female,North,Sports & Outdoors,Tennis Racket,1,43.61,0,43.61,43.61,Credit Card,5.0
ORD100251,2023-02-12,CUST00984,29.0,Female,North,Electronics,Smartwatch,1,177.44,15,177.44,150.82,Cash on Delivery,2.0
ORD100247,2023-02-12,CUST00219,24.0,Female,West,Electronics,Power Bank,5,131.31,0,656.55,656.55,UPI,5.0
ORD100248,2023-02-12,CUST00677,22.0,Female,North,Electronics,Bluetooth Speaker,1,188.78,0,188.78,188.78,Debit Card,2.0
ORD100249,2023-02-12,CUST00771,18.0,Female,West,Beauty,Nail Polish,3,67.12,0,201.36,201.36,Credit Card,3.0
ORD100250,2023-02-12,CUST00292,32.0,Male,West,Apparel,Winter Jacket,3,65.71,0,197.13,197.13,Credit Card,3.0
ORD100252,2023-02-12,CUST00742,69.0,Male,South,Apparel,Wool Sweater,1,25.52,0,25.52,25.52,Debit Card,3.0
ORD100254,2023-02-13,CUST01193,36.0,Female,West,Sports & Outdoors,Water Bottle,1,76.52,0,76.52,76.52,Credit Card,3.0
ORD100253,2023-02-13,CUST00884,29.0,Male,South,Home & Kitchen,Blender,2,72.14,0,144.28,144.28,Credit Card,4.0
ORD100255,2023-02-14,CUST00477,28.0,Female,West,Electronics,Smartwatch,2,138.86,0,277.72,277.72,UPI,4.0
ORD100256,2023-02-14,CUST00561,34.0,Female,Central,Sports & Outdoors,Resistance Bands,1,83.45,0,83.45,83.45,Credit Card,3.0
ORD100257,2023-02-14,CUST00535,18.0,Other,South,Apparel,Yoga Pants,2,25.72,5,51.44,48.87,Net Banking,4.0
ORD100258,2023-02-14,CUST00640,18.0,Female,West,Electronics,Bluetooth Speaker,1,69.07,0,69.07,69.07,Cash on Delivery,4.0
ORD100259,2023-02-15,CUST00836,24.0,Male,West,Books,Self-Help Guide,1,12.96,0,12.96,12.96,Net Banking,4.0
ORD100260,2023-02-15,CUST00516,32.0,Female,West,Apparel,Winter Jacket,1,46.72,0,46.72,46.72,Debit Card,4.0
ORD100261,2023-02-15,CUST00030,35.0,Female,North,Home & Kitchen,Non-stick Pan,1,45.92,0,45.92,45.92,Credit Card,3.0
ORD100270,2023-02-16,CUST00209,25.0,Female,West,Home & Kitchen,Cutlery Set,2,24.94,10,49.88,44.89,UPI,3.0
ORD100269,2023-02-16,CUST00090,25.0,Female,South,Apparel,Wool Sweater,1,100.9,0,100.9,100.9,Credit Card,5.0
ORD100268,2023-02-16,CUST00653,42.0,Female,North,Apparel,Men's T-Shirt,1,47.61,0,47.61,47.61,Net Banking,4.0
ORD100267,2023-02-16,CUST00592,36.0,Female,South,Home & Kitchen,LED Desk Lamp,1,63.17,20,63.17,50.54,UPI,3.0
ORD100263,2023-02-16,CUST01003,20.0,Female,East,Sports & Outdoors,Hiking Backpack,1,105.99,20,105.99,84.79,Credit Card,4.0
ORD100265,2023-02-16,CUST00986,26.0,Female,East,Apparel,Winter Jacket,1,103.81,10,103.81,93.43,Debit Card,3.0
ORD100264,2023-02-16,CUST00347,42.0,Female,Central,Home & Kitchen,Air Fryer,1,40.01,0,40.01,40.01,Debit Card,4.0
ORD100262,2023-02-16,CUST01021,18.0,Male,North,Books,Cookbook,1,39.34,0,39.34,39.34,Credit Card,4.0
ORD100266,2023-02-16,CUST00385,34.0,Female,North,Sports & Outdoors,Water Bottle,2,30.12,10,60.24,54.22,UPI,3.0
ORD100274,2023-02-17,CUST00203,37.0,Male,North,Home & Kitchen,Coffee Maker,1,56.71,0,56.71,56.71,UPI,4.0
ORD100275,2023-02-17,CUST00915,18.0,Female,East,Electronics,Bluetooth Speaker,2,203.5,0,407.0,407.0,Net Banking,3.0
ORD100272,2023-02-17,CUST00161,21.0,Male,South,Electronics,Smartwatch,4,222.55,5,890.2,845.69,Credit Card,4.0
ORD100271,2023-02-17,CUST01043,18.0,Male,East,Apparel,Running Shoes,1,80.19,0,80.19,80.19,UPI,2.0
ORD100273,2023-02-17,CUST00606,49.0,Male,West,Sports & Outdoors,Cycling Helmet,3,42.86,0,128.58,128.58,Debit Card,4.0
ORD100276,2023-02-18,CUST00253,44.0,Other,,Electronics,Laptop Stand,1,226.97,0,226.97,226.97,Debit Card,3.0
ORD100277,2023-02-18,CUST00084,26.0,Female,Central,Apparel,Yoga Pants,1,101.19,15,101.19,86.01,UPI,5.0
ORD100278,2023-02-18,CUST00791,27.0,Female,Central,Beauty,Nail Polish,1,64.37,0,64.37,64.37,UPI,4.0
ORD100279,2023-02-18,CUST00291,,Male,North,Books,Business Book,4,10.69,0,42.76,42.76,Debit Card,3.0
ORD100280,2023-02-18,CUST00108,18.0,Male,Central,Sports & Outdoors,Hiking Backpack,2,161.43,0,322.86,322.86,Debit Card,4.0
ORD100281,2023-02-18,CUST00848,44.0,Female,South,Electronics,Bluetooth Speaker,1,140.39,0,140.39,140.39,Debit Card,5.0
ORD100282,2023-02-19,CUST00741,37.0,Male,South,Electronics,Smartwatch,4,191.98,0,767.92,767.92,Credit Card,4.0
ORD100283,2023-02-19,CUST00871,31.0,Female,Central,Beauty,Face Moisturizer,1,23.28,0,23.28,23.28,Debit Card,4.0
ORD100284,2023-02-19,CUST00570,20.0,Female,North,Sports & Outdoors,Tennis Racket,1,186.46,0,186.46,186.46,Cash on Delivery,4.0
ORD100285,2023-02-19,CUST00615,,Female,North,Home & Kitchen,Storage Bins,1,172.15,10,172.15,154.93,Credit Card,4.0
ORD100286,2023-02-19,CUST00393,35.0,Male,West,Beauty,Shampoo,2,37.28,0,74.56,74.56,UPI,5.0
ORD100287,2023-02-19,CUST00019,49.0,Female,West,Home & Kitchen,Air Fryer,2,165.73,0,331.46,331.46,UPI,4.0
ORD100293,2023-02-20,CUST00262,18.0,Male,Central,Electronics,USB-C Cable,5,246.63,25,1233.15,924.86,Debit Card,5.0
ORD100291,2023-02-20,CUST00327,,Male,East,Apparel,Men's T-Shirt,1,86.24,0,86.24,86.24,Debit Card,4.0
ORD100292,2023-02-20,CUST00661,55.0,Male,West,Sports & Outdoors,Water Bottle,2,40.51,0,81.02,81.02,Net Banking,4.0
ORD100289,2023-02-20,CUST00060,25.0,Female,South,Apparel,Running Shoes,1,107.02,0,107.02,107.02,Debit Card,4.0
ORD100288,2023-02-20,CUST00848,44.0,Female,South,Apparel,Winter Jacket,1,41.52,10,41.52,37.37,Cash on Delivery,3.0
ORD100290,2023-02-20,CUST00670,36.0,Male,West,Beauty,Nail Polish,2,79.67,5,159.34,151.37,Cash on Delivery,5.0
ORD100294,2023-02-21,CUST00045,20.0,Male,East,Electronics,Smartphone Case,1,164.93,15,164.93,140.19,Credit Card,4.0
ORD100295,2023-02-21,CUST00360,34.0,Male,North,Beauty,Hair Dryer,4,64.44,0,257.76,257.76,Debit Card,3.0
ORD100296,2023-02-21,CUST00482,47.0,Male,East,Home & Kitchen,Blender,2,120.28,10,240.56,216.5,Credit Card,4.0
ORD100297,2023-02-21,CUST00892,29.0,Male,South,Sports & Outdoors,Hiking Backpack,1,24.64,10,24.64,22.18,Cash on Delivery,2.0
ORD100298,2023-02-21,CUST00265,41.0,Female,West,Sports & Outdoors,Cycling Helmet,1,26.75,15,26.75,22.74,Debit Card,4.0
ORD100299,2023-02-21,CUST00187,33.0,Male,South,Electronics,Smartwatch,1,206.12,0,206.12,206.12,UPI,3.0
ORD100302,2023-02-22,CUST01051,44.0,Male,East,Home & Kitchen,Cutlery Set,2,144.03,0,288.06,288.06,Credit Card,2.0
ORD100301,2023-02-22,CUST01177,23.0,Female,West,Apparel,Men's T-Shirt,2,59.44,10,118.88,106.99,UPI,4.0
ORD100300,2023-02-22,CUST00768,45.0,Male,West,Beauty,Perfume,1,39.56,10,39.56,35.6,UPI,4.0
ORD100303,2023-02-23,CUST00010,41.0,Other,Central,Apparel,Running Shoes,1,39.87,0,39.87,39.87,Credit Card,4.0
ORD100304,2023-02-23,CUST00418,62.0,Female,South,Electronics,USB-C Cable,1,134.79,0,134.79,134.79,Cash on Delivery,4.0
ORD100305,2023-02-23,CUST00986,26.0,Female,West,Sports & Outdoors,Dumbbell Set,1,34.86,10,34.86,31.37,Cash on Delivery,3.0
ORD100306,2023-02-23,CUST00703,35.0,Female,South,Electronics,Laptop Stand,3,172.4,0,517.2,517.2,Debit Card,3.0
ORD100307,2023-02-24,CUST01096,38.0,Female,North,Electronics,Smartphone Case,1,66.64,15,66.64,56.64,Credit Card,5.0
ORD100313,2023-02-25,CUST00432,18.0,Male,Central,Home & Kitchen,LED Desk Lamp,1,97.88,20,97.88,78.3,UPI,3.0
ORD100315,2023-02-25,CUST00873,25.0,Female,North,Sports & Outdoors,Dumbbell Set,2,162.82,20,325.64,260.51,Credit Card,3.0
ORD100314,2023-02-25,CUST00356,29.0,Female,West,Electronics,Smartwatch,3,224.33,0,672.99,672.99,Debit Card,4.0
ORD100312,2023-02-25,CUST00370,18.0,Male,Central,Books,Cookbook,1,35.47,0,35.47,35.47,Credit Card,3.0
ORD100310,2023-02-25,CUST00705,40.0,Male,Central,Beauty,Lipstick Set,1,58.61,15,58.61,49.82,Debit Card,2.0
ORD100311,2023-02-25,CUST00229,42.0,Female,West,Electronics,Smartphone Case,1,102.32,0,102.32,102.32,UPI,2.0
ORD100309,2023-02-25,CUST01075,45.0,Female,North,Apparel,Yoga Pants,1,36.6,0,36.6,36.6,Debit Card,4.0
ORD100308,2023-02-25,CUST00891,50.0,Female,South,Electronics,Webcam,2,67.36,15,134.72,114.51,UPI,3.0
ORD100316,2023-02-26,CUST00996,52.0,Male,East,Apparel,Formal Shirt,1,74.87,5,74.87,71.13,Credit Card,3.0
ORD100317,2023-02-26,CUST00232,34.0,Female,East,Electronics,Power Bank,1,112.17,5,112.17,106.56,Debit Card,4.0
ORD100318,2023-02-26,CUST00530,18.0,Female,Central,Beauty,Sunscreen SPF50,2,53.25,0,106.5,106.5,Credit Card,1.0
ORD100319,2023-02-27,CUST00318,33.0,Male,North,Beauty,Lipstick Set,1,43.03,0,43.03,43.03,Credit Card,5.0
ORD100321,2023-02-28,CUST00527,23.0,Female,East,Apparel,Running Shoes,4,82.61,20,330.44,264.35,Cash on Delivery,4.0
ORD100322,2023-02-28,CUST00170,47.0,Male,Central,Sports & Outdoors,Tennis Racket,2,72.36,0,144.72,144.72,Cash on Delivery,4.0
ORD100320,2023-02-28,CUST00935,18.0,Female,West,Books,Biography,1,7.81,0,7.81,7.81,UPI,4.0
ORD100323,2023-03-01,CUST01034,24.0,Female,North,Apparel,Formal Shirt,1,95.27,0,95.27,95.27,Credit Card,3.0
ORD100324,2023-03-01,CUST00055,51.0,Male,South,Sports & Outdoors,Tennis Racket,2,103.12,0,206.24,206.24,Credit Card,3.0
ORD100325,2023-03-01,CUST01087,42.0,Female,South,Apparel,Baseball Cap,1,92.72,0,92.72,92.72,Cash on Delivery,5.0
ORD100326,2023-03-01,CUST00799,31.0,Male,Central,Home & Kitchen,Storage Bins,1,134.01,0,134.01,134.01,UPI,2.0
ORD100327,2023-03-01,CUST00307,38.0,Male,North,Home & Kitchen,Blender,1,76.16,0,76.16,76.16,Credit Card,4.0
ORD100328,2023-03-01,CUST00261,56.0,Male,West,Apparel,Wool Sweater,1,43.59,15,43.59,37.05,UPI,4.0
ORD100329,2023-03-01,CUST01157,26.0,Male,West,Apparel,Running Shoes,1,66.38,0,66.38,66.38,UPI,5.0
ORD100335,2023-03-02,CUST00564,18.0,Female,Central,Electronics,Power Bank,1,62.69,5,62.69,59.56,Cash on Delivery,3.0
ORD100336,2023-03-02,CUST00507,35.0,Female,West,Electronics,Power Bank,1,175.58,15,175.58,149.24,UPI,3.0
ORD100334,2023-03-02,CUST00470,36.0,Female,North,Apparel,Formal Shirt,1,79.21,0,79.21,79.21,Credit Card,4.0
ORD100333,2023-03-02,CUST00894,39.0,Female,South,Electronics,Smartphone Case,1,219.32,25,219.32,164.49,UPI,3.0
ORD100332,2023-03-02,CUST01059,23.0,Female,Central,Beauty,Shampoo,1,19.99,0,19.99,19.99,UPI,2.0
ORD100331,2023-03-02,CUST00049,21.0,Other,Central,Apparel,Wool Sweater,1,68.38,5,68.38,64.96,Debit Card,4.0
ORD100330,2023-03-02,CUST01141,32.0,Male,South,Home & Kitchen,Air Fryer,5,118.86,0,594.3,594.3,Debit Card,3.0
ORD100337,2023-03-03,CUST00014,27.0,Female,East,Books,Self-Help Guide,1,29.36,0,29.36,29.36,Credit Card,4.0
ORD100338,2023-03-03,CUST00535,18.0,Other,West,Home & Kitchen,Cutlery Set,1,176.28,0,176.28,176.28,UPI,4.0
ORD100339,2023-03-03,CUST01015,20.0,Female,South,Apparel,Winter Jacket,1,10.37,0,10.37,10.37,Debit Card,5.0
ORD100346,2023-03-04,CUST01026,53.0,Male,South,Sports & Outdoors,Hiking Backpack,1,167.2,15,167.2,142.12,Debit Card,5.0
ORD100345,2023-03-04,CUST00066,21.0,Female,South,Apparel,Wool Sweater,1,10.44,0,10.44,10.44,Cash on Delivery,4.0
ORD100344,2023-03-04,CUST00318,33.0,Male,West,Home & Kitchen,Throw Pillow,1,110.43,0,110.43,110.43,Credit Card,3.0
ORD100343,2023-03-04,CUST00391,20.0,Female,North,Sports & Outdoors,Cycling Helmet,1,171.09,25,171.09,128.32,Credit Card,4.0
ORD100342,2023-03-04,CUST00960,33.0,Other,East,Beauty,Sunscreen SPF50,1,28.59,0,28.59,28.59,Debit Card,4.0
ORD100341,2023-03-04,CUST00688,31.0,Male,East,Beauty,Nail Polish,1,46.36,0,46.36,46.36,Debit Card,
ORD100340,2023-03-04,CUST00483,37.0,Female,Central,Home & Kitchen,Coffee Maker,1,102.6,0,102.6,102.6,Debit Card,3.0
ORD100347,2023-03-05,CUST00534,,Female,East,Electronics,Webcam,1,149.48,5,149.48,142.01,Debit Card,2.0
ORD100348,2023-03-05,CUST00422,45.0,Male,North,Electronics,Webcam,2,120.79,0,241.58,241.58,UPI,4.0
ORD100359,2023-03-06,CUST00243,18.0,Female,East,Apparel,Running Shoes,1,88.54,0,88.54,88.54,Net Banking,3.0
ORD100358,2023-03-06,CUST00523,44.0,Female,South,Home & Kitchen,Air Fryer,2,87.83,0,175.66,175.66,Credit Card,3.0
ORD100357,2023-03-06,CUST00641,18.0,Male,East,Apparel,Formal Shirt,2,119.4,5,238.8,226.86,UPI,3.0
ORD100356,2023-03-06,CUST00578,18.0,Male,East,Electronics,Bluetooth Speaker,2,79.23,0,158.46,158.46,UPI,4.0
ORD100355,2023-03-06,CUST00178,25.0,Male,East,Home & Kitchen,Non-stick Pan,1,23.93,0,23.93,23.93,Credit Card,3.0
ORD100351,2023-03-06,CUST00262,18.0,Male,South,Electronics,Webcam,2,89.38,20,178.76,143.01,UPI,5.0
ORD100353,2023-03-06,CUST01061,29.0,Male,South,Electronics,Bluetooth Speaker,1,78.71,25,78.71,59.03,Credit Card,2.0
ORD100352,2023-03-06,CUST00308,32.0,Male,West,Electronics,Webcam,1,235.53,0,235.53,235.53,Cash on Delivery,4.0
ORD100354,2023-03-06,CUST00530,18.0,Female,East,Apparel,Running Shoes,2,27.55,25,55.1,41.32,UPI,3.0
ORD100350,2023-03-06,CUST01124,49.0,Male,Central,Home & Kitchen,Coffee Maker,1,117.32,0,117.32,117.32,Credit Card,3.0
ORD100349,2023-03-06,CUST01086,30.0,Female,East,Electronics,Bluetooth Speaker,1,59.21,0,59.21,59.21,Credit Card,4.0
ORD100363,2023-03-07,CUST00651,22.0,Female,West,Sports & Outdoors,Water Bottle,1,43.21,0,43.21,43.21,Credit Card,3.0
ORD100362,2023-03-07,CUST00957,41.0,Female,West,Apparel,Wool Sweater,2,87.72,10,175.44,157.9,Debit Card,3.0
ORD100364,2023-03-07,CUST00957,41.0,Female,South,Home & Kitchen,LED Desk Lamp,1,160.75,10,160.75,144.67,UPI,4.0
ORD100360,2023-03-07,CUST00420,53.0,Male,West,Beauty,Lipstick Set,1,81.91,5,81.91,77.81,Cash on Delivery,4.0
ORD100361,2023-03-07,CUST00905,47.0,Female,West,Electronics,Bluetooth Speaker,1,66.03,0,66.03,66.03,Net Banking,3.0
ORD100365,2023-03-08,CUST00614,18.0,Male,North,Beauty,Lipstick Set,1,81.86,0,81.86,81.86,Credit Card,3.0
ORD100366,2023-03-08,CUST00948,47.0,Female,West,Home & Kitchen,Blender,1,68.39,0,68.39,68.39,Credit Card,3.0
ORD100367,2023-03-08,CUST01137,40.0,Female,West,Apparel,Running Shoes,1,76.43,0,76.43,76.43,Cash on Delivery,4.0
ORD100368,2023-03-08,CUST00278,28.0,Female,Central,Apparel,Baseball Cap,1,29.94,0,29.94,29.94,Credit Card,4.0
ORD100369,2023-03-08,CUST00999,43.0,Other,East,Electronics,Smartwatch,1,231.24,0,231.24,231.24,Credit Card,3.0
ORD100370,2023-03-08,CUST00588,52.0,Female,North,Apparel,Winter Jacket,1,12.22,0,12.22,12.22,Debit Card,3.0
ORD100377,2023-03-09,CUST00528,32.0,Male,Central,Home & Kitchen,Non-stick Pan,2,24.33,0,48.66,48.66,Credit Card,4.0
ORD100378,2023-03-09,CUST00306,45.0,Female,South,Electronics,Smartwatch,1,249.88,0,249.88,249.88,Credit Card,3.0
ORD100379,2023-03-09,CUST00735,34.0,Female,Central,Home & Kitchen,Air Fryer,1,140.66,0,140.66,140.66,Credit Card,4.0
ORD100376,2023-03-09,CUST01193,36.0,Female,,Apparel,Wool Sweater,1,52.4,0,52.4,52.4,UPI,2.0
ORD100372,2023-03-09,CUST00662,38.0,Male,North,Beauty,Face Moisturizer,1,15.34,15,15.34,13.04,Net Banking,3.0
ORD100374,2023-03-09,CUST00910,33.0,Female,North,Electronics,Webcam,1,192.92,5,192.92,183.27,Credit Card,4.0
ORD100373,2023-03-09,CUST00857,39.0,Male,West,Books,Cookbook,1,12.27,5,12.27,11.66,Net Banking,4.0
ORD100371,2023-03-09,CUST01016,43.0,Female,South,Beauty,Sunscreen SPF50,1,81.44,10,81.44,73.3,UPI,5.0
ORD100375,2023-03-09,CUST01111,40.0,Male,Central,Apparel,Formal Shirt,1,75.9,0,75.9,75.9,Cash on Delivery,4.0
ORD100380,2023-03-10,CUST01199,48.0,Female,West,Electronics,Laptop Stand,1,197.47,5,197.47,187.6,Cash on Delivery,2.0
ORD100381,2023-03-10,CUST00544,33.0,Female,North,Home & Kitchen,Non-stick Pan,1,30.06,5,30.06,28.56,Credit Card,3.0
ORD100382,2023-03-10,CUST00025,27.0,Female,West,Beauty,Shampoo,1,21.55,10,21.55,19.4,Debit Card,4.0
ORD100383,2023-03-10,CUST00010,41.0,Other,East,Electronics,Webcam,1,62.16,0,62.16,62.16,UPI,3.0
ORD100384,2023-03-10,CUST01059,23.0,Female,South,Beauty,Perfume,1,13.75,0,13.75,13.75,UPI,3.0
ORD100385,2023-03-10,CUST00798,27.0,Male,South,Home & Kitchen,Coffee Maker,2,160.59,0,321.18,321.18,Cash on Delivery,3.0
ORD100386,2023-03-10,CUST00271,58.0,Male,North,Sports & Outdoors,Camping Tent,4,148.98,0,595.92,595.92,UPI,4.0
ORD100387,2023-03-10,CUST01125,38.0,Female,East,Apparel,Women's Jeans,1,115.94,0,115.94,115.94,Debit Card,4.0
ORD100388,2023-03-10,CUST00869,41.0,Male,South,Home & Kitchen,Throw Pillow,1,124.29,0,124.29,124.29,Credit Card,3.0
ORD100392,2023-03-11,CUST00214,29.0,Female,North,Apparel,Women's Jeans,1,61.03,0,61.03,61.03,Credit Card,3.0
ORD100393,2023-03-11,CUST01154,45.0,Male,South,Electronics,Bluetooth Speaker,1,23.53,15,23.53,20.0,Debit Card,3.0
ORD100391,2023-03-11,CUST00237,44.0,Female,South,Beauty,Facial Serum,3,58.31,5,174.93,166.18,Credit Card,3.0
ORD100389,2023-03-11,CUST01142,33.0,Female,West,Electronics,Power Bank,2,155.67,25,311.34,233.51,Cash on Delivery,3.0
ORD100390,2023-03-11,CUST00153,33.0,Male,South,Electronics,Smartphone Case,1,232.33,0,232.33,232.33,Debit Card,5.0
ORD100394,2023-03-12,CUST00357,50.0,Male,North,Sports & Outdoors,Cycling Helmet,1,104.45,0,104.45,104.45,UPI,5.0
ORD100395,2023-03-12,CUST00123,31.0,Female,Central,Apparel,Running Shoes,2,104.21,0,208.42,208.42,Credit Card,5.0
ORD100396,2023-03-12,CUST00665,38.0,Female,West,Apparel,Formal Shirt,1,109.14,0,109.14,109.14,UPI,2.0
ORD100397,2023-03-12,CUST00247,39.0,Male,South,Electronics,Laptop Stand,1,87.73,0,87.73,87.73,Credit Card,4.0
ORD100398,2023-03-12,CUST00582,38.0,Female,Central,Home & Kitchen,LED Desk Lamp,1,176.01,15,176.01,149.61,Debit Card,3.0
ORD100399,2023-03-12,CUST00407,37.0,Female,Central,Sports & Outdoors,Yoga Mat,2,198.16,0,396.32,396.32,Debit Card,4.0
ORD100400,2023-03-12,CUST00303,19.0,Female,South,Apparel,Wool Sweater,2,23.0,10,46.0,41.4,Credit Card,4.0
ORD100401,2023-03-12,CUST00917,41.0,Female,South,Apparel,Baseball Cap,1,36.69,0,36.69,36.69,Cash on Delivery,3.0
ORD100402,2023-03-12,CUST00037,24.0,Female,North,Apparel,Yoga Pants,2,86.83,0,173.66,173.66,Net Banking,4.0
ORD100408,2023-03-13,CUST00623,48.0,Male,South,Home & Kitchen,Cutlery Set,1,122.02,0,122.02,122.02,Credit Card,5.0
ORD100407,2023-03-13,CUST00524,31.0,Female,South,Sports & Outdoors,Hiking Backpack,3,136.85,0,410.55,410.55,Credit Card,5.0
ORD100406,2023-03-13,CUST01140,56.0,Female,West,Electronics,Webcam,1,191.21,0,191.21,191.21,UPI,4.0
ORD100409,2023-03-13,CUST00534,18.0,Female,West,Apparel,Baseball Cap,1,65.34,0,65.34,65.34,UPI,4.0
ORD100404,2023-03-13,CUST00077,26.0,Female,Central,Apparel,Women's Jeans,1,19.5,10,19.5,17.55,UPI,3.0
ORD100403,2023-03-13,CUST00632,19.0,Female,North,Sports & Outdoors,Dumbbell Set,3,122.83,0,368.49,368.49,UPI,5.0
ORD100405,2023-03-13,CUST00378,28.0,Other,East,Apparel,Wool Sweater,1,76.77,0,76.77,76.77,Credit Card,3.0
ORD100415,2023-03-14,CUST00628,32.0,Male,Central,Electronics,USB-C Cable,3,121.2,10,363.6,327.24,Cash on Delivery,5.0
ORD100414,2023-03-14,CUST00886,43.0,Male,Central,Apparel,Winter Jacket,1,18.52,0,18.52,18.52,Debit Card,3.0
ORD100413,2023-03-14,CUST00110,57.0,Male,Central,Electronics,Webcam,1,32.68,0,32.68,32.68,Debit Card,2.0
ORD100410,2023-03-14,CUST00570,20.0,Female,,Electronics,Bluetooth Speaker,1,159.86,0,159.86,159.86,Credit Card,3.0
ORD100411,2023-03-14,CUST00659,33.0,Female,West,Beauty,Hair Dryer,1,34.9,15,34.9,29.66,Debit Card,3.0
ORD100412,2023-03-14,CUST00801,38.0,Female,Central,Beauty,Face Moisturizer,2,35.93,0,71.86,71.86,Net Banking,3.0
ORD100417,2023-03-15,CUST00556,,Male,South,Home & Kitchen,LED Desk Lamp,1,22.38,0,22.38,22.38,Credit Card,2.0
ORD100418,2023-03-15,CUST01163,47.0,Female,Central,Apparel,Men's T-Shirt,1,39.19,0,39.19,39.19,Credit Card,4.0
ORD100419,2023-03-15,CUST01043,18.0,Male,East,Electronics,Webcam,1,208.75,0,208.75,208.75,UPI,3.0
ORD100420,2023-03-15,CUST00749,21.0,Female,North,Apparel,Men's T-Shirt,2,114.8,0,229.6,229.6,Debit Card,2.0
ORD100416,2023-03-15,CUST00892,29.0,Male,West,Electronics,USB-C Cable,1,15.59,0,15.59,15.59,Debit Card,5.0
ORD100421,2023-03-16,CUST01099,34.0,Other,North,Home & Kitchen,Cutlery Set,1,114.11,0,114.11,114.11,Debit Card,5.0
ORD100422,2023-03-16,CUST00189,23.0,Female,North,Apparel,Yoga Pants,1,45.36,10,45.36,40.82,UPI,2.0
ORD100423,2023-03-16,CUST00890,18.0,Male,South,Home & Kitchen,Cutlery Set,1,23.66,15,23.66,20.11,Debit Card,5.0
ORD100424,2023-03-16,CUST00791,27.0,Female,North,Home & Kitchen,LED Desk Lamp,2,61.82,0,123.64,123.64,Credit Card,4.0
ORD100430,2023-03-17,CUST01196,44.0,Female,West,Apparel,Winter Jacket,2,95.81,15,191.62,162.88,Credit Card,4.0
ORD100429,2023-03-17,CUST00272,40.0,Male,West,Apparel,Baseball Cap,1,96.62,0,96.62,96.62,Credit Card,4.0
ORD100428,2023-03-17,CUST00077,26.0,Female,West,Electronics,Wireless Earbuds,3,213.31,0,639.93,639.93,UPI,2.0
ORD100426,2023-03-17,CUST00179,43.0,Male,East,Books,Business Book,3,14.61,15,43.83,37.26,Debit Card,5.0
ORD100425,2023-03-17,CUST00146,48.0,Female,Central,Electronics,Wireless Earbuds,1,76.49,15,76.49,65.02,Cash on Delivery,3.0
ORD100427,2023-03-17,CUST01073,29.0,Female,Central,Electronics,Smartwatch,3,222.15,5,666.45,633.13,Debit Card,1.0
ORD100431,2023-03-18,CUST00841,55.0,Male,East,Electronics,Laptop Stand,1,20.94,0,20.94,20.94,Credit Card,4.0
ORD100432,2023-03-18,CUST00684,47.0,Female,South,Apparel,Wool Sweater,1,18.82,0,18.82,18.82,Credit Card,5.0
ORD100433,2023-03-18,CUST00915,18.0,Female,South,Apparel,Women's Jeans,1,27.8,25,27.8,20.85,UPI,5.0
ORD100434,2023-03-18,CUST00055,51.0,Male,Central,Electronics,Power Bank,1,212.41,5,212.41,201.79,Cash on Delivery,2.0
ORD100435,2023-03-18,CUST00075,,Female,North,Home & Kitchen,Coffee Maker,1,131.27,0,131.27,131.27,Debit Card,4.0
ORD100436,2023-03-18,CUST00001,53.0,Female,North,Electronics,Webcam,1,223.98,0,223.98,223.98,UPI,4.0
ORD100447,2023-03-19,CUST00746,49.0,Female,East,Home & Kitchen,Coffee Maker,1,34.57,25,34.57,25.93,Cash on Delivery,3.0
ORD100445,2023-03-19,CUST01083,35.0,Male,South,Home & Kitchen,LED Desk Lamp,1,176.36,0,176.36,176.36,Credit Card,4.0
ORD100444,2023-03-19,CUST00078,29.0,Female,West,Apparel,Running Shoes,1,26.75,0,26.75,26.75,Debit Card,3.0
ORD100443,2023-03-19,CUST00533,36.0,Male,Central,Apparel,Formal Shirt,2,35.63,0,71.26,71.26,UPI,3.0
ORD100442,2023-03-19,CUST00370,18.0,Male,West,Sports & Outdoors,Cycling Helmet,1,150.99,10,150.99,135.89,Credit Card,3.0
ORD100446,2023-03-19,CUST00459,18.0,Male,South,Beauty,Sunscreen SPF50,3,10.39,20,31.17,24.94,UPI,3.0
ORD100440,2023-03-19,CUST00553,34.0,Female,West,Electronics,USB-C Cable,1,139.59,5,139.59,132.61,UPI,5.0
ORD100439,2023-03-19,CUST00736,18.0,Male,South,Apparel,Winter Jacket,1,73.25,0,73.25,73.25,UPI,3.0
ORD100438,2023-03-19,CUST00233,39.0,Female,West,Apparel,Yoga Pants,2,30.49,0,60.98,60.98,Debit Card,4.0
ORD100437,2023-03-19,CUST00007,30.0,Male,North,Electronics,Bluetooth Speaker,1,186.04,0,186.04,186.04,UPI,4.0
ORD100441,2023-03-19,CUST00475,34.0,Other,South,Sports & Outdoors,Cycling Helmet,1,141.18,0,141.18,141.18,Debit Card,4.0
ORD100455,2023-03-20,CUST00624,45.0,Female,Central,Apparel,Running Shoes,3,54.76,10,164.28,147.85,Credit Card,3.0
ORD100454,2023-03-20,CUST01028,32.0,Female,East,Beauty,Perfume,1,88.57,0,88.57,88.57,Cash on Delivery,3.0
ORD100452,2023-03-20,CUST01049,59.0,Male,East,Electronics,Wireless Earbuds,1,44.35,0,44.35,44.35,Debit Card,4.0
ORD100453,2023-03-20,CUST00772,25.0,Male,South,Home & Kitchen,Blender,1,97.51,10,97.51,87.76,UPI,4.0
ORD100450,2023-03-20,CUST00296,,Male,North,Electronics,Bluetooth Speaker,1,243.49,0,243.49,243.49,Debit Card,4.0
ORD100449,2023-03-20,CUST00037,24.0,Female,North,Home & Kitchen,Storage Bins,2,140.81,0,281.62,281.62,Debit Card,5.0
ORD100448,2023-03-20,CUST00915,18.0,Female,West,Sports & Outdoors,Dumbbell Set,1,76.68,0,76.68,76.68,Credit Card,4.0
ORD100451,2023-03-20,CUST00362,22.0,Female,East,Home & Kitchen,Storage Bins,1,75.3,0,75.3,75.3,UPI,4.0
ORD100456,2023-03-21,CUST00197,52.0,Male,Central,Electronics,Bluetooth Speaker,1,144.64,0,144.64,144.64,Credit Card,3.0
ORD100457,2023-03-21,CUST01130,35.0,Female,North,Home & Kitchen,LED Desk Lamp,2,90.55,0,181.1,181.1,Credit Card,2.0
ORD100458,2023-03-21,CUST00375,19.0,Female,Central,Sports & Outdoors,Tennis Racket,1,110.76,0,110.76,110.76,Debit Card,1.0
ORD100459,2023-03-21,CUST00638,40.0,Male,West,Apparel,Winter Jacket,1,51.94,0,51.94,51.94,UPI,2.0
ORD100463,2023-03-22,CUST01096,38.0,Female,East,Electronics,Webcam,1,26.82,25,26.82,20.12,Credit Card,4.0
ORD100460,2023-03-22,CUST00663,18.0,Female,South,Home & Kitchen,Blender,5,120.2,0,601.0,601.0,Debit Card,4.0
ORD100461,2023-03-22,CUST00575,38.0,Male,Central,Apparel,Men's T-Shirt,1,29.95,0,29.95,29.95,Cash on Delivery,4.0
ORD100462,2023-03-22,CUST01199,48.0,Female,South,Home & Kitchen,Cutlery Set,1,157.47,0,157.47,157.47,Credit Card,3.0
ORD100473,2023-03-23,CUST00196,21.0,Male,North,Electronics,Webcam,1,238.49,5,238.49,226.57,Cash on Delivery,4.0
ORD100467,2023-03-23,CUST00580,18.0,Female,North,Apparel,Women's Jeans,2,62.57,0,125.14,125.14,Debit Card,3.0
ORD100475,2023-03-23,CUST00447,41.0,Female,,Sports & Outdoors,Tennis Racket,1,90.6,0,90.6,90.6,Cash on Delivery,4.0
ORD100472,2023-03-23,CUST00468,48.0,Male,East,Home & Kitchen,Air Fryer,1,126.82,25,126.82,95.12,Debit Card,4.0
ORD100474,2023-03-23,CUST00306,45.0,Female,North,Sports & Outdoors,Resistance Bands,1,159.79,0,159.79,159.79,UPI,
ORD100471,2023-03-23,CUST00512,18.0,Female,South,Home & Kitchen,Storage Bins,2,170.01,0,340.02,340.02,Credit Card,4.0
ORD100465,2023-03-23,CUST00272,40.0,Male,West,Electronics,Power Bank,2,27.45,0,54.9,54.9,Debit Card,4.0
ORD100469,2023-03-23,CUST00339,42.0,Female,East,Apparel,Formal Shirt,1,116.34,0,116.34,116.34,Debit Card,3.0
ORD100468,2023-03-23,CUST01077,44.0,Male,West,Apparel,Women's Jeans,1,85.87,0,85.87,85.87,Credit Card,4.0
ORD100466,2023-03-23,CUST00699,42.0,Male,West,Electronics,USB-C Cable,1,176.21,0,176.21,176.21,UPI,4.0
ORD100470,2023-03-23,CUST00329,18.0,Male,West,Apparel,Men's T-Shirt,1,54.62,0,54.62,54.62,Credit Card,4.0
ORD100464,2023-03-23,CUST00574,46.0,Male,North,Electronics,Laptop Stand,2,235.23,0,470.46,470.46,UPI,5.0
ORD100476,2023-03-24,CUST00982,18.0,Male,West,Electronics,Smartwatch,2,18.49,0,36.98,36.98,UPI,3.0
ORD100477,2023-03-24,CUST00775,34.0,Female,North,Beauty,Hair Dryer,2,75.15,0,150.3,150.3,UPI,3.0
ORD100478,2023-03-24,CUST00455,48.0,Male,West,Beauty,Facial Serum,2,72.7,0,145.4,145.4,Credit Card,4.0
ORD100479,2023-03-24,CUST00973,,Female,South,Electronics,Smartphone Case,1,131.62,5,131.62,125.04,Net Banking,1.0
ORD100487,2023-03-25,CUST00809,18.0,Female,West,Sports & Outdoors,Dumbbell Set,1,145.11,0,145.11,145.11,Cash on Delivery,3.0
ORD100486,2023-03-25,CUST00493,26.0,Male,Central,Home & Kitchen,LED Desk Lamp,2,27.93,0,55.86,55.86,Credit Card,3.0
ORD100485,2023-03-25,CUST00302,44.0,Female,West,Electronics,Smartphone Case,3,107.84,25,323.52,242.64,Debit Card,3.0
ORD100484,2023-03-25,CUST00961,53.0,Male,Central,Beauty,Face Moisturizer,1,62.1,5,62.1,59.0,Credit Card,4.0
ORD100480,2023-03-25,CUST00939,26.0,Male,South,Apparel,Winter Jacket,1,86.63,0,86.63,86.63,Debit Card,2.0
ORD100482,2023-03-25,CUST01059,23.0,Female,East,Sports & Outdoors,Water Bottle,1,39.42,0,39.42,39.42,Net Banking,4.0
ORD100481,2023-03-25,CUST00834,33.0,Male,West,Home & Kitchen,Throw Pillow,1,117.69,0,117.69,117.69,Cash on Delivery,3.0
ORD100483,2023-03-25,CUST01163,47.0,Female,Central,Apparel,Women's Jeans,1,119.23,0,119.23,119.23,Net Banking,5.0
ORD100492,2023-03-26,CUST01047,39.0,Female,Central,Electronics,Wireless Earbuds,4,183.39,0,733.56,733.56,UPI,5.0
ORD100491,2023-03-26,CUST00739,26.0,Male,East,Electronics,Wireless Earbuds,1,209.0,0,209.0,209.0,UPI,4.0
ORD100489,2023-03-26,CUST00964,26.0,Female,South,Electronics,Smartphone Case,1,208.54,0,208.54,208.54,UPI,4.0
ORD100488,2023-03-26,CUST00270,36.0,Male,West,Electronics,USB-C Cable,1,185.99,0,185.99,185.99,Debit Card,2.0
ORD100490,2023-03-26,CUST00357,50.0,Male,North,Beauty,Perfume,1,14.03,0,14.03,14.03,Debit Card,4.0
ORD100499,2023-03-27,CUST00396,46.0,Other,East,Sports & Outdoors,Dumbbell Set,1,168.96,0,168.96,168.96,UPI,4.0
ORD100493,2023-03-27,CUST00647,24.0,Other,North,Electronics,Webcam,1,77.85,25,77.85,58.39,Credit Card,2.0
ORD100494,2023-03-27,CUST00416,41.0,Female,West,Electronics,Webcam,5,41.58,0,207.9,207.9,UPI,4.0
ORD100495,2023-03-27,CUST00105,,Female,North,Apparel,Yoga Pants,1,105.79,0,105.79,105.79,UPI,4.0
ORD100496,2023-03-27,CUST00667,51.0,Male,South,Apparel,Women's Jeans,1,105.67,0,105.67,105.67,Credit Card,3.0
ORD100497,2023-03-27,CUST00952,45.0,Male,North,Books,Fiction Novel,1,16.74,0,16.74,16.74,Credit Card,5.0
ORD100498,2023-03-27,CUST00333,28.0,Male,South,Electronics,Smartphone Case,1,163.27,25,163.27,122.45,Cash on Delivery,3.0
ORD100500,2023-03-27,CUST00209,25.0,Female,North,Home & Kitchen,Coffee Maker,1,36.36,0,36.36,36.36,UPI,4.0
ORD100501,2023-03-28,CUST00083,41.0,Female,North,Home & Kitchen,LED Desk Lamp,2,97.81,0,195.62,195.62,Credit Card,3.0
ORD100502,2023-03-28,CUST00622,37.0,Male,North,Home & Kitchen,LED Desk Lamp,1,110.18,5,110.18,104.67,UPI,3.0
ORD100503,2023-03-28,CUST00785,30.0,Male,East,Beauty,Perfume,1,19.28,10,19.28,17.35,UPI,3.0
ORD100504,2023-03-28,CUST00811,57.0,Male,Central,Sports & Outdoors,Dumbbell Set,1,62.48,0,62.48,62.48,Credit Card,5.0
ORD100505,2023-03-28,CUST00890,18.0,Male,West,Beauty,Sunscreen SPF50,1,77.17,10,77.17,69.45,Credit Card,3.0
ORD100511,2023-03-29,CUST00840,45.0,Female,South,Electronics,Webcam,5,118.1,15,590.5,501.92,Debit Card,3.0
ORD100512,2023-03-29,CUST00308,32.0,Male,East,Apparel,Formal Shirt,3,76.57,0,229.71,229.71,Credit Card,3.0
ORD100510,2023-03-29,CUST01156,27.0,Female,South,Books,Comic Book,2,16.26,0,32.52,32.52,Credit Card,3.0
ORD100506,2023-03-29,CUST00936,42.0,Female,West,Electronics,Wireless Earbuds,1,59.83,0,59.83,59.83,Net Banking,4.0
ORD100508,2023-03-29,CUST00981,32.0,Male,North,Books,Mystery Thriller,1,20.38,0,20.38,20.38,UPI,3.0
ORD100507,2023-03-29,CUST00531,23.0,Male,East,Sports & Outdoors,Hiking Backpack,1,16.64,10,16.64,14.98,UPI,3.0
ORD100509,2023-03-29,CUST00930,49.0,Female,North,Electronics,Smartphone Case,2,218.08,0,436.16,436.16,Credit Card,2.0
ORD100513,2023-03-30,CUST00215,31.0,Female,South,Electronics,Smartwatch,1,152.34,0,152.34,152.34,UPI,4.0
ORD100514,2023-03-30,CUST00831,45.0,Male,East,Sports & Outdoors,Tennis Racket,1,87.57,5,87.57,83.19,Credit Card,5.0
ORD100515,2023-03-30,CUST00941,18.0,Male,North,Sports & Outdoors,Water Bottle,1,15.41,0,15.41,15.41,Credit Card,3.0
ORD100516,2023-03-30,CUST00428,28.0,Male,West,Home & Kitchen,Coffee Maker,1,56.64,10,56.64,50.98,Credit Card,3.0
ORD100517,2023-03-30,CUST00890,18.0,Male,Central,Sports & Outdoors,Hiking Backpack,1,157.7,15,157.7,134.04,Net Banking,2.0
ORD100518,2023-03-31,CUST00377,39.0,Male,East,Electronics,Laptop Stand,2,57.14,0,114.28,114.28,Credit Card,3.0
ORD100519,2023-03-31,CUST00523,44.0,Female,Central,Electronics,Smartwatch,1,200.97,20,200.97,160.78,Cash on Delivery,3.0
ORD100520,2023-03-31,CUST00580,18.0,Female,East,Apparel,Yoga Pants,2,25.62,0,51.24,51.24,Debit Card,
ORD100521,2023-03-31,CUST00507,35.0,Female,South,Home & Kitchen,Storage Bins,1,20.56,15,20.56,17.48,UPI,3.0
ORD100527,2023-04-01,CUST01040,40.0,Male,,Electronics,Power Bank,1,227.83,0,227.83,227.83,Cash on Delivery,5.0
ORD100525,2023-04-01,CUST00298,29.0,Female,South,Sports & Outdoors,Dumbbell Set,2,102.5,5,205.0,194.75,Credit Card,5.0
ORD100526,2023-04-01,CUST00229,42.0,Female,East,Beauty,Face Moisturizer,1,86.75,25,86.75,65.06,UPI,3.0
ORD100523,2023-04-01,CUST01016,43.0,Female,South,Electronics,Wireless Earbuds,2,59.55,0,119.1,119.1,Debit Card,2.0
ORD100522,2023-04-01,CUST00728,40.0,Male,West,Electronics,Smartphone Case,2,157.47,0,314.94,314.94,Debit Card,3.0
ORD100524,2023-04-01,CUST00365,20.0,Female,West,Home & Kitchen,Cutlery Set,2,33.65,0,67.3,67.3,Credit Card,4.0
ORD100528,2023-04-02,CUST00351,34.0,Male,North,Electronics,Power Bank,1,176.23,0,176.23,176.23,UPI,3.0
ORD100529,2023-04-02,CUST00668,25.0,Male,East,Apparel,Men's T-Shirt,2,80.38,25,160.76,120.57,Cash on Delivery,2.0
ORD100530,2023-04-02,CUST01184,44.0,Other,North,Apparel,Formal Shirt,1,113.14,0,113.14,113.14,Credit Card,3.0
ORD100531,2023-04-02,CUST00298,29.0,Female,,Books,Comic Book,1,17.26,0,17.26,17.26,UPI,3.0
ORD100532,2023-04-02,CUST00515,38.0,Male,South,Books,Cookbook,1,28.93,0,28.93,28.93,Cash on Delivery,4.0
ORD100540,2023-04-03,CUST00412,32.0,Female,West,Home & Kitchen,Air Fryer,1,56.95,10,56.95,51.25,Credit Card,4.0
ORD100539,2023-04-03,CUST00509,38.0,Male,Central,Apparel,Formal Shirt,1,104.79,15,104.79,89.07,Cash on Delivery,3.0
ORD100538,2023-04-03,CUST00925,40.0,Male,East,Books,Fiction Novel,1,31.22,0,31.22,31.22,UPI,4.0
ORD100537,2023-04-03,CUST00806,60.0,Female,South,Sports & Outdoors,Tennis Racket,2,118.7,10,237.4,213.66,Credit Card,4.0
ORD100533,2023-04-03,CUST00198,31.0,Male,West,Apparel,Men's T-Shirt,1,91.97,15,91.97,78.17,Credit Card,3.0
ORD100535,2023-04-03,CUST00087,38.0,Female,West,Sports & Outdoors,Water Bottle,1,14.25,0,14.25,14.25,Debit Card,4.0
ORD100534,2023-04-03,CUST00739,26.0,Male,East,Home & Kitchen,Storage Bins,1,132.59,0,132.59,132.59,Credit Card,4.0
ORD100541,2023-04-03,CUST00335,47.0,Male,South,Beauty,Hair Dryer,3,32.64,0,97.92,97.92,Debit Card,4.0
ORD100536,2023-04-03,CUST00129,34.0,Female,Central,Beauty,Face Moisturizer,1,85.76,20,85.76,68.61,UPI,3.0
ORD100542,2023-04-03,CUST00053,52.0,Male,South,Home & Kitchen,Throw Pillow,2,29.5,5,59.0,56.05,Credit Card,3.0
ORD100544,2023-04-04,CUST00360,34.0,Male,West,Sports & Outdoors,Dumbbell Set,1,148.49,0,148.49,148.49,Net Banking,4.0
ORD100543,2023-04-04,CUST00373,50.0,Female,South,Sports & Outdoors,Cycling Helmet,2,135.31,0,270.62,270.62,Credit Card,4.0
ORD100545,2023-04-05,CUST00785,30.0,Male,North,Apparel,Formal Shirt,1,14.96,0,14.96,14.96,Credit Card,5.0
ORD100546,2023-04-05,CUST00952,45.0,Male,West,Beauty,Lipstick Set,2,84.84,0,169.68,169.68,Credit Card,5.0
ORD100547,2023-04-05,CUST01054,38.0,Female,North,Beauty,Perfume,1,67.8,0,67.8,67.8,Debit Card,4.0
ORD100548,2023-04-05,CUST00737,39.0,Female,Central,Electronics,Webcam,2,45.59,0,91.18,91.18,UPI,3.0
ORD100549,2023-04-05,CUST00042,18.0,Male,East,Electronics,Smartphone Case,1,89.04,0,89.04,89.04,Credit Card,5.0
ORD100553,2023-04-06,CUST00039,47.0,Female,West,Sports & Outdoors,Tennis Racket,2,172.91,15,345.82,293.95,UPI,5.0
ORD100550,2023-04-06,CUST00182,32.0,Female,North,Electronics,Laptop Stand,1,166.79,25,166.79,125.09,Credit Card,3.0
ORD100551,2023-04-06,CUST00092,31.0,Male,North,Home & Kitchen,Air Fryer,1,120.05,10,120.05,108.05,Credit Card,4.0
ORD100552,2023-04-06,CUST00851,26.0,Female,East,Sports & Outdoors,Water Bottle,1,148.55,0,148.55,148.55,UPI,4.0
ORD100554,2023-04-06,CUST00740,25.0,Female,Central,Apparel,Baseball Cap,4,94.71,25,378.84,284.13,Credit Card,3.0
ORD100555,2023-04-06,CUST00791,27.0,Female,North,Apparel,Baseball Cap,1,56.69,0,56.69,56.69,Debit Card,4.0
ORD100556,2023-04-06,CUST00913,18.0,Female,Central,Sports & Outdoors,Cycling Helmet,1,144.66,0,144.66,144.66,UPI,1.0
ORD100557,2023-04-06,CUST00098,44.0,Male,East,Home & Kitchen,Throw Pillow,1,179.64,25,179.64,134.73,Credit Card,3.0
ORD100558,2023-04-06,CUST00115,20.0,Male,East,Electronics,Laptop Stand,2,66.9,0,133.8,133.8,Credit Card,5.0
ORD100559,2023-04-06,CUST00486,,Female,West,Home & Kitchen,Coffee Maker,2,59.63,0,119.26,119.26,Net Banking,5.0
ORD100561,2023-04-07,CUST00399,33.0,Male,South,Beauty,Nail Polish,2,8.71,0,17.42,17.42,Debit Card,2.0
ORD100566,2023-04-07,CUST00616,48.0,Male,North,Apparel,Winter Jacket,1,81.16,10,81.16,73.04,Net Banking,3.0
ORD100567,2023-04-07,CUST00876,35.0,Male,West,Apparel,Baseball Cap,1,70.69,25,70.69,53.02,Credit Card,4.0
ORD100565,2023-04-07,CUST00804,26.0,Female,East,Electronics,Webcam,5,66.49,10,332.45,299.21,Debit Card,4.0
ORD100560,2023-04-07,CUST00486,22.0,Female,East,Sports & Outdoors,Hiking Backpack,1,77.94,0,77.94,77.94,UPI,3.0
ORD100563,2023-04-07,CUST00856,34.0,Male,West,Sports & Outdoors,Camping Tent,1,11.3,10,11.3,10.17,UPI,4.0
ORD100562,2023-04-07,CUST00246,31.0,Male,Central,Electronics,Laptop Stand,1,29.43,0,29.43,29.43,UPI,3.0
ORD100564,2023-04-07,CUST00932,28.0,Male,,Electronics,USB-C Cable,4,165.41,0,661.64,661.64,Credit Card,4.0
ORD100568,2023-04-08,CUST00796,22.0,Female,South,Apparel,Running Shoes,1,87.86,5,87.86,83.47,Cash on Delivery,4.0
ORD100569,2023-04-08,CUST00225,38.0,Male,North,Beauty,Facial Serum,1,76.28,0,76.28,76.28,Debit Card,3.0
ORD100570,2023-04-08,CUST00937,18.0,Female,West,Electronics,Laptop Stand,2,42.18,0,84.36,84.36,Credit Card,3.0
ORD100576,2023-04-09,CUST00130,38.0,Male,South,Apparel,Formal Shirt,2,109.23,0,218.46,218.46,Credit Card,5.0
ORD100571,2023-04-09,CUST00281,58.0,Female,Central,Books,Children's Storybook,2,18.94,0,37.88,37.88,UPI,3.0
ORD100572,2023-04-09,CUST01071,19.0,Male,North,Electronics,Laptop Stand,2,124.4,10,248.8,223.92,Credit Card,4.0
ORD100573,2023-04-09,CUST00451,50.0,Male,West,Sports & Outdoors,Camping Tent,1,103.71,0,103.71,103.71,Debit Card,4.0
ORD100574,2023-04-09,CUST01028,32.0,Female,West,Beauty,Face Moisturizer,1,40.8,0,40.8,40.8,Credit Card,4.0
ORD100575,2023-04-09,CUST00244,43.0,Male,North,Home & Kitchen,LED Desk Lamp,1,132.69,0,132.69,132.69,Credit Card,4.0
ORD100577,2023-04-09,CUST00657,28.0,Female,South,Electronics,Smartphone Case,1,57.31,15,57.31,48.71,UPI,4.0
ORD100581,2023-04-10,CUST00639,39.0,Female,East,Beauty,Face Moisturizer,1,17.97,10,17.97,16.17,Credit Card,4.0
ORD100580,2023-04-10,CUST00281,58.0,Female,Central,Home & Kitchen,Throw Pillow,5,166.26,20,831.3,665.04,Debit Card,3.0
ORD100579,2023-04-10,CUST00466,43.0,Female,West,Electronics,USB-C Cable,1,17.85,25,17.85,13.39,Credit Card,2.0
ORD100578,2023-04-10,CUST00766,18.0,Male,West,Sports & Outdoors,Yoga Mat,1,109.98,0,109.98,109.98,Credit Card,5.0
ORD100582,2023-04-11,CUST01181,35.0,Female,East,Sports & Outdoors,Tennis Racket,1,128.26,0,128.26,128.26,Cash on Delivery,3.0
ORD100583,2023-04-11,CUST00820,28.0,Male,East,Electronics,Laptop Stand,1,102.28,0,102.28,102.28,Credit Card,3.0
ORD100584,2023-04-11,CUST00029,42.0,Male,West,Home & Kitchen,LED Desk Lamp,1,14.35,5,14.35,13.63,Credit Card,2.0
ORD100585,2023-04-11,CUST00643,33.0,Male,North,Books,Children's Storybook,1,31.47,0,31.47,31.47,Credit Card,3.0
ORD100586,2023-04-11,CUST00851,26.0,Female,East,Home & Kitchen,Air Fryer,1,175.8,0,175.8,175.8,Debit Card,3.0
ORD100587,2023-04-11,CUST00140,29.0,Male,North,Apparel,Wool Sweater,1,96.01,0,96.01,96.01,Debit Card,5.0
ORD100588,2023-04-11,CUST00686,54.0,Male,South,Electronics,Webcam,2,83.05,10,166.1,149.49,UPI,3.0
ORD100593,2023-04-12,CUST00868,18.0,Male,North,Electronics,Smartphone Case,1,239.53,10,239.53,215.58,Cash on Delivery,4.0
ORD100592,2023-04-12,CUST00899,48.0,Male,Central,Apparel,Running Shoes,1,26.01,5,26.01,24.71,Credit Card,5.0
ORD100589,2023-04-12,CUST00646,41.0,Male,Central,Electronics,Webcam,1,158.22,15,158.22,134.49,Debit Card,3.0
ORD100590,2023-04-12,CUST01061,29.0,Male,West,Apparel,Wool Sweater,1,61.75,0,61.75,61.75,Cash on Delivery,5.0
ORD100591,2023-04-12,CUST00742,69.0,Male,West,Home & Kitchen,Non-stick Pan,4,144.78,0,579.12,579.12,Credit Card,3.0
ORD100600,2023-04-13,CUST00791,27.0,Female,South,Sports & Outdoors,Dumbbell Set,1,42.71,0,42.71,42.71,UPI,5.0
ORD100602,2023-04-13,CUST00487,48.0,Other,Central,Home & Kitchen,Non-stick Pan,4,53.34,0,213.36,213.36,Debit Card,2.0
ORD100601,2023-04-13,CUST01008,34.0,Male,North,Electronics,Webcam,1,72.04,20,72.04,57.63,Credit Card,5.0
ORD100599,2023-04-13,CUST00670,36.0,Male,East,Sports & Outdoors,Tennis Racket,2,116.66,0,233.32,233.32,Credit Card,3.0
ORD100598,2023-04-13,CUST00157,35.0,Male,South,Beauty,Perfume,1,40.1,0,40.1,40.1,Credit Card,3.0
ORD100597,2023-04-13,CUST00509,38.0,Male,East,Beauty,Nail Polish,3,37.71,0,113.13,113.13,Credit Card,3.0
ORD100596,2023-04-13,CUST00032,18.0,Male,West,Apparel,Wool Sweater,3,115.16,0,345.48,345.48,Credit Card,2.0
ORD100595,2023-04-13,CUST01106,50.0,Female,Central,Beauty,Lipstick Set,1,40.01,0,40.01,40.01,UPI,4.0
ORD100594,2023-04-13,CUST00656,51.0,Male,South,Apparel,Women's Jeans,1,114.55,0,114.55,114.55,UPI,2.0
ORD100608,2023-04-14,CUST00573,41.0,Female,East,Electronics,Laptop Stand,1,28.0,5,28.0,26.6,Net Banking,3.0
ORD100606,2023-04-14,CUST00720,45.0,Female,West,Electronics,Laptop Stand,1,23.81,0,23.81,23.81,Debit Card,4.0
ORD100607,2023-04-14,CUST00073,48.0,Male,East,Apparel,Men's T-Shirt,2,63.46,0,126.92,126.92,Debit Card,4.0
ORD100604,2023-04-14,CUST00876,35.0,Male,East,Beauty,Nail Polish,1,36.54,0,36.54,36.54,Debit Card,4.0
ORD100603,2023-04-14,CUST00465,22.0,Female,Central,Home & Kitchen,Blender,1,165.74,0,165.74,165.74,Cash on Delivery,4.0
ORD100605,2023-04-14,CUST00423,39.0,Male,East,Books,Children's Storybook,3,27.92,0,83.76,83.76,Debit Card,4.0
ORD100614,2023-04-15,CUST00492,41.0,Female,South,Apparel,Winter Jacket,1,12.17,0,12.17,12.17,UPI,4.0
ORD100609,2023-04-15,CUST00057,46.0,Female,West,Electronics,Smartwatch,2,164.32,0,328.64,328.64,UPI,4.0
ORD100610,2023-04-15,CUST00763,48.0,Female,East,Apparel,Running Shoes,1,108.0,10,108.0,97.2,Cash on Delivery,2.0
ORD100611,2023-04-15,CUST00380,42.0,Female,South,Apparel,Winter Jacket,1,76.5,15,76.5,65.02,Credit Card,4.0
ORD100612,2023-04-15,CUST00052,32.0,Male,Central,Beauty,Shampoo,1,83.47,5,83.47,79.3,Credit Card,4.0
ORD100613,2023-04-15,CUST01045,,Female,South,Electronics,Wireless Earbuds,1,184.04,0,184.04,184.04,Cash on Delivery,3.0
ORD100616,2023-04-16,CUST00598,41.0,Female,West,Sports & Outdoors,Tennis Racket,2,126.06,0,252.12,252.12,Credit Card,3.0
ORD100617,2023-04-16,CUST00362,22.0,Female,South,Apparel,Running Shoes,1,108.73,0,108.73,108.73,Cash on Delivery,4.0
ORD100615,2023-04-16,CUST00233,39.0,Female,South,Apparel,Baseball Cap,5,111.37,0,556.85,556.85,Debit Card,3.0
ORD100618,2023-04-16,CUST00474,43.0,Male,North,Apparel,Wool Sweater,3,59.39,15,178.17,151.44,UPI,5.0
ORD100624,2023-04-17,CUST00467,27.0,Male,South,Electronics,Smartwatch,1,229.53,0,229.53,229.53,Credit Card,4.0
ORD100625,2023-04-17,CUST00538,53.0,Female,East,Apparel,Baseball Cap,1,112.3,10,112.3,101.07,Debit Card,5.0
ORD100623,2023-04-17,CUST00822,38.0,Male,North,Apparel,Running Shoes,1,116.03,0,116.03,116.03,Cash on Delivery,5.0
ORD100626,2023-04-17,CUST00672,71.0,Male,West,Beauty,Sunscreen SPF50,1,82.15,20,82.15,65.72,Credit Card,3.0
ORD100621,2023-04-17,CUST00155,41.0,Male,West,Home & Kitchen,Throw Pillow,2,133.29,0,266.58,266.58,Net Banking,3.0
ORD100620,2023-04-17,CUST00870,27.0,Male,South,Apparel,Baseball Cap,1,102.39,0,102.39,102.39,Credit Card,3.0
ORD100619,2023-04-17,CUST01188,30.0,Male,North,Apparel,Men's T-Shirt,2,95.59,0,191.18,191.18,Debit Card,4.0
ORD100622,2023-04-17,CUST00452,,Male,East,Apparel,Men's T-Shirt,1,18.61,0,18.61,18.61,UPI,4.0
ORD100627,2023-04-18,CUST00300,28.0,Male,East,Electronics,Smartphone Case,1,69.04,0,69.04,69.04,Credit Card,3.0
ORD100628,2023-04-18,CUST00777,34.0,Male,North,Electronics,Smartwatch,1,19.8,10,19.8,17.82,Debit Card,4.0
ORD100629,2023-04-18,CUST00774,34.0,Female,East,Home & Kitchen,Storage Bins,2,62.89,0,125.78,125.78,Cash on Delivery,2.0
ORD100630,2023-04-18,CUST00529,18.0,Female,South,Electronics,Power Bank,3,185.73,0,557.19,557.19,Debit Card,5.0
ORD100631,2023-04-18,CUST00559,24.0,Other,West,Electronics,Laptop Stand,1,100.73,0,100.73,100.73,Credit Card,3.0
ORD100632,2023-04-18,CUST01017,32.0,Female,West,Beauty,Sunscreen SPF50,1,20.14,15,20.14,17.12,Credit Card,3.0
ORD100633,2023-04-18,CUST01012,41.0,Female,West,Sports & Outdoors,Resistance Bands,3,73.8,5,221.4,210.33,Cash on Delivery,4.0
ORD100634,2023-04-18,CUST00685,33.0,Female,North,Electronics,Bluetooth Speaker,1,114.59,25,114.59,85.94,Credit Card,3.0
ORD100643,2023-04-19,CUST01013,37.0,Female,Central,Electronics,Wireless Earbuds,1,55.93,10,55.93,50.34,Cash on Delivery,
ORD100642,2023-04-19,CUST00134,69.0,Female,North,Electronics,Power Bank,1,31.57,5,31.57,29.99,Debit Card,4.0
ORD100640,2023-04-19,CUST00410,69.0,Other,South,Apparel,Yoga Pants,1,90.47,0,90.47,90.47,Debit Card,5.0
ORD100639,2023-04-19,CUST00261,56.0,Male,Central,Electronics,Bluetooth Speaker,2,91.44,0,182.88,182.88,Debit Card,4.0
ORD100641,2023-04-19,CUST00757,52.0,Male,South,Electronics,Smartwatch,5,135.8,0,679.0,679.0,UPI,4.0
ORD100637,2023-04-19,CUST00585,35.0,Female,South,Apparel,Men's T-Shirt,1,119.68,0,119.68,119.68,Cash on Delivery,3.0
ORD100636,2023-04-19,CUST01131,43.0,Female,Central,Home & Kitchen,Non-stick Pan,2,138.09,5,276.18,262.37,UPI,5.0
ORD100635,2023-04-19,CUST00781,21.0,Male,North,Electronics,USB-C Cable,4,140.55,25,562.2,421.65,UPI,5.0
ORD100638,2023-04-19,CUST00940,51.0,Female,Central,Apparel,Wool Sweater,2,72.45,0,144.9,144.9,Debit Card,3.0
ORD100644,2023-04-20,CUST00091,18.0,Female,South,Electronics,Smartphone Case,1,24.66,0,24.66,24.66,UPI,3.0
ORD100645,2023-04-20,CUST00424,57.0,Female,North,Sports & Outdoors,Yoga Mat,2,184.32,15,368.64,313.34,Debit Card,3.0
ORD100646,2023-04-20,CUST00894,39.0,Female,North,Apparel,Women's Jeans,1,46.63,10,46.63,41.97,UPI,4.0
ORD100647,2023-04-20,CUST00959,18.0,Female,North,Apparel,Baseball Cap,1,69.82,15,69.82,59.35,Debit Card,3.0
ORD100654,2023-04-21,CUST00832,18.0,Male,South,Home & Kitchen,Cutlery Set,1,170.61,0,170.61,170.61,Debit Card,5.0
ORD100653,2023-04-21,CUST00622,37.0,Male,North,Electronics,Webcam,3,20.56,0,61.68,61.68,Credit Card,4.0
ORD100652,2023-04-21,CUST00018,22.0,Female,South,Electronics,Wireless Earbuds,2,34.08,0,68.16,68.16,UPI,3.0
ORD100649,2023-04-21,CUST00815,47.0,Female,North,Electronics,Wireless Earbuds,1,235.61,0,235.61,235.61,Debit Card,4.0
ORD100650,2023-04-21,CUST00355,47.0,Male,North,Sports & Outdoors,Camping Tent,2,88.22,0,176.44,176.44,Credit Card,4.0
ORD100648,2023-04-21,CUST00047,18.0,Male,Central,Beauty,Perfume,2,28.26,15,56.52,48.04,Credit Card,3.0
ORD100651,2023-04-21,CUST00757,,Male,West,Sports & Outdoors,Cycling Helmet,1,67.22,5,67.22,63.86,Net Banking,3.0
ORD100662,2023-04-22,CUST00654,24.0,Female,South,Beauty,Nail Polish,2,66.26,25,132.52,99.39,Debit Card,3.0
ORD100665,2023-04-22,CUST00141,53.0,Male,North,Apparel,Men's T-Shirt,2,78.76,0,157.52,157.52,UPI,3.0
ORD100664,2023-04-22,CUST00136,42.0,Female,South,Electronics,Smartphone Case,2,245.98,0,491.96,491.96,UPI,4.0
ORD100663,2023-04-22,CUST00908,37.0,Female,West,Sports & Outdoors,Tennis Racket,3,58.29,0,174.87,174.87,Debit Card,3.0
ORD100661,2023-04-22,CUST00550,35.0,Male,West,Books,Children's Storybook,1,15.12,15,15.12,12.85,Credit Card,5.0
ORD100659,2023-04-22,CUST00051,35.0,Male,,Home & Kitchen,LED Desk Lamp,1,173.31,25,173.31,129.98,Credit Card,2.0
ORD100658,2023-04-22,CUST00884,29.0,Male,,Electronics,Webcam,2,151.33,10,302.66,272.39,Credit Card,5.0
ORD100657,2023-04-22,CUST00107,18.0,Female,North,Sports & Outdoors,Resistance Bands,2,171.9,0,343.8,343.8,Credit Card,4.0
ORD100656,2023-04-22,CUST00357,50.0,Male,East,Apparel,Men's T-Shirt,1,109.46,0,109.46,109.46,Credit Card,3.0
ORD100655,2023-04-22,CUST00938,50.0,Other,West,Home & Kitchen,Non-stick Pan,1,179.35,15,179.35,152.45,UPI,3.0
ORD100660,2023-04-22,CUST00245,38.0,Female,West,Apparel,Running Shoes,1,73.6,0,73.6,73.6,Credit Card,
ORD100666,2023-04-23,CUST00928,48.0,Female,Central,Beauty,Sunscreen SPF50,1,54.09,10,54.09,48.68,UPI,5.0
ORD100667,2023-04-23,CUST00807,53.0,Male,Central,Apparel,Men's T-Shirt,1,119.35,0,119.35,119.35,Credit Card,4.0
ORD100668,2023-04-23,CUST00373,50.0,Female,South,Beauty,Sunscreen SPF50,1,85.11,5,85.11,80.85,Debit Card,4.0
ORD100669,2023-04-23,CUST00806,60.0,Female,East,Beauty,Shampoo,1,79.58,0,79.58,79.58,Net Banking,5.0
ORD100670,2023-04-23,CUST01108,52.0,Male,East,Beauty,Sunscreen SPF50,1,66.45,10,66.45,59.81,Credit Card,4.0
ORD100671,2023-04-23,CUST00579,18.0,Female,East,Beauty,Nail Polish,1,62.32,0,62.32,62.32,UPI,5.0
ORD100672,2023-04-23,CUST01144,45.0,Male,South,Beauty,Perfume,1,34.67,0,34.67,34.67,Debit Card,4.0
ORD100673,2023-04-23,CUST00603,,Male,Central,Apparel,Yoga Pants,2,57.38,5,114.76,109.02,Credit Card,4.0
ORD100674,2023-04-23,CUST00369,27.0,Female,South,Electronics,Smartphone Case,1,249.23,10,249.23,224.31,Debit Card,3.0
ORD100678,2023-04-24,CUST01165,47.0,Female,Central,Beauty,Lipstick Set,2,40.74,0,81.48,81.48,Credit Card,3.0
ORD100677,2023-04-24,CUST01123,36.0,Male,West,Electronics,Laptop Stand,1,177.21,15,177.21,150.63,Debit Card,3.0
ORD100675,2023-04-24,CUST01061,29.0,Male,East,Electronics,Wireless Earbuds,2,133.37,10,266.74,240.07,Debit Card,4.0
ORD100676,2023-04-24,CUST00147,40.0,Female,South,Sports & Outdoors,Hiking Backpack,1,39.05,0,39.05,39.05,Credit Card,4.0
ORD100685,2023-04-25,CUST00990,39.0,Female,North,Sports & Outdoors,Hiking Backpack,1,18.49,0,18.49,18.49,UPI,4.0
ORD100679,2023-04-25,CUST00223,26.0,Male,East,Home & Kitchen,Air Fryer,1,132.85,25,132.85,99.64,Net Banking,5.0
ORD100680,2023-04-25,CUST00643,33.0,Male,South,Books,Fiction Novel,1,22.05,15,22.05,18.74,Net Banking,3.0
ORD100681,2023-04-25,CUST00738,54.0,Male,East,Electronics,Webcam,1,246.31,5,246.31,233.99,UPI,3.0
ORD100682,2023-04-25,CUST00721,50.0,Female,South,Beauty,Shampoo,1,80.27,0,80.27,80.27,UPI,3.0
ORD100683,2023-04-25,CUST01128,57.0,Female,South,Apparel,Baseball Cap,1,83.38,0,83.38,83.38,Cash on Delivery,1.0
ORD100684,2023-04-25,CUST00314,35.0,Male,Central,Beauty,Nail Polish,1,81.92,0,81.92,81.92,UPI,4.0
ORD100686,2023-04-25,CUST00076,49.0,Female,North,Beauty,Hair Dryer,1,55.56,0,55.56,55.56,Credit Card,4.0
ORD100691,2023-04-26,CUST00959,18.0,Female,West,Apparel,Baseball Cap,1,27.17,15,27.17,23.09,Cash on Delivery,5.0
ORD100690,2023-04-26,CUST00120,40.0,Male,North,Electronics,Smartwatch,1,136.43,10,136.43,122.79,UPI,3.0
ORD100692,2023-04-26,CUST00657,28.0,Female,Central,Sports & Outdoors,Hiking Backpack,1,36.89,0,36.89,36.89,Credit Card,5.0
ORD100688,2023-04-26,CUST00695,39.0,Male,West,Apparel,Yoga Pants,4,108.44,0,433.76,433.76,Cash on Delivery,3.0
ORD100687,2023-04-26,CUST00714,34.0,Female,South,Beauty,Lipstick Set,1,82.84,0,82.84,82.84,Credit Card,5.0
ORD100689,2023-04-26,CUST00790,19.0,Male,South,Apparel,Wool Sweater,1,88.7,5,88.7,84.27,UPI,3.0
ORD100693,2023-04-26,CUST00192,28.0,Female,North,Sports & Outdoors,Dumbbell Set,2,88.54,5,177.08,168.23,Credit Card,4.0
ORD100698,2023-04-27,CUST00936,42.0,Female,North,Electronics,Smartphone Case,2,121.17,0,242.34,242.34,UPI,3.0
ORD100700,2023-04-27,CUST00312,35.0,Female,South,Electronics,Bluetooth Speaker,1,228.1,5,228.1,216.7,Debit Card,4.0
ORD100697,2023-04-27,CUST00320,41.0,Male,West,Apparel,Yoga Pants,1,31.02,0,31.02,31.02,Credit Card,5.0
ORD100699,2023-04-27,CUST00677,22.0,Female,South,Electronics,Bluetooth Speaker,1,37.21,0,37.21,37.21,UPI,3.0
ORD100695,2023-04-27,CUST00644,46.0,Male,South,Apparel,Winter Jacket,1,60.49,15,60.49,51.42,Credit Card,4.0
ORD100694,2023-04-27,CUST01051,44.0,Male,South,Home & Kitchen,Storage Bins,2,173.58,0,347.16,347.16,Cash on Delivery,4.0
ORD100696,2023-04-27,CUST00445,54.0,Female,Central,Apparel,Wool Sweater,1,84.1,0,84.1,84.1,UPI,3.0
ORD100701,2023-04-28,CUST00366,20.0,Female,South,Electronics,Power Bank,2,72.95,10,145.9,131.31,Credit Card,4.0
ORD100708,2023-04-28,CUST00811,57.0,Male,North,Electronics,Laptop Stand,5,218.96,10,1094.8,985.32,Debit Card,3.0
ORD100706,2023-04-28,CUST00561,34.0,Female,Central,Books,Self-Help Guide,2,25.57,0,51.14,51.14,UPI,2.0
ORD100705,2023-04-28,CUST00201,35.0,Male,North,Electronics,Bluetooth Speaker,1,120.86,0,120.86,120.86,UPI,4.0
ORD100707,2023-04-28,CUST00878,35.0,Other,,Apparel,Women's Jeans,1,20.37,5,20.37,19.35,Cash on Delivery,4.0
ORD100703,2023-04-28,CUST00368,39.0,Male,North,Electronics,Bluetooth Speaker,1,223.58,10,223.58,201.22,UPI,4.0
ORD100702,2023-04-28,CUST00842,26.0,Female,North,Electronics,Smartwatch,1,187.87,0,187.87,187.87,Credit Card,2.0
ORD100704,2023-04-28,CUST00901,32.0,Male,North,Apparel,Winter Jacket,1,13.32,0,13.32,13.32,Credit Card,5.0
ORD100710,2023-04-29,CUST01180,32.0,Female,West,Books,Fiction Novel,3,28.42,20,85.26,68.21,UPI,2.0
ORD100711,2023-04-29,CUST01003,20.0,Female,Central,Beauty,Sunscreen SPF50,1,41.39,10,41.39,37.25,Debit Card,5.0
ORD100709,2023-04-29,CUST00120,40.0,Male,North,Sports & Outdoors,Cycling Helmet,1,154.45,5,154.45,146.73,UPI,4.0
ORD100712,2023-04-30,CUST00119,40.0,Female,East,Electronics,Smartwatch,1,235.38,5,235.38,223.61,Credit Card,4.0
ORD100713,2023-04-30,CUST00652,32.0,Male,East,Home & Kitchen,Storage Bins,1,95.36,0,95.36,95.36,Cash on Delivery,3.0
ORD100714,2023-04-30,CUST00399,33.0,Male,North,Apparel,Yoga Pants,2,77.97,0,155.94,155.94,Debit Card,4.0
ORD100715,2023-04-30,CUST00730,28.0,Female,North,Apparel,Winter Jacket,1,53.71,0,53.71,53.71,Debit Card,2.0
ORD100719,2023-05-01,CUST00516,32.0,Female,West,Beauty,Perfume,2,40.67,0,81.34,81.34,Debit Card,3.0
ORD100720,2023-05-01,CUST00523,44.0,Female,West,Electronics,Smartphone Case,2,39.62,0,79.24,79.24,Credit Card,4.0
ORD100718,2023-05-01,CUST00661,55.0,Male,East,Electronics,USB-C Cable,2,75.87,0,151.74,151.74,Cash on Delivery,4.0
ORD100716,2023-05-01,CUST00711,23.0,Female,South,Sports & Outdoors,Cycling Helmet,1,192.65,0,192.65,192.65,Debit Card,3.0
ORD100717,2023-05-01,CUST00315,26.0,Male,West,Electronics,Bluetooth Speaker,2,207.78,0,415.56,415.56,Credit Card,3.0
ORD100721,2023-05-02,CUST00752,,Male,Central,Electronics,Webcam,1,40.79,0,40.79,40.79,UPI,3.0
ORD100722,2023-05-02,CUST01070,34.0,Male,Central,Electronics,Webcam,1,137.96,0,137.96,137.96,Debit Card,4.0
ORD100723,2023-05-02,CUST00137,35.0,Female,East,Electronics,Smartwatch,5,235.63,0,1178.15,1178.15,UPI,4.0
ORD100724,2023-05-02,CUST00134,69.0,Female,West,Books,Business Book,1,32.69,0,32.69,32.69,Credit Card,3.0
ORD100725,2023-05-02,CUST00997,32.0,Female,North,Apparel,Winter Jacket,3,47.12,25,141.36,106.02,Credit Card,3.0
ORD100726,2023-05-02,CUST00472,36.0,Female,South,Electronics,Bluetooth Speaker,1,188.67,0,188.67,188.67,Debit Card,4.0
ORD100732,2023-05-03,CUST00617,44.0,Female,West,Electronics,Smartphone Case,2,111.83,0,223.66,223.66,Credit Card,3.0
ORD100731,2023-05-03,CUST00076,49.0,Female,South,Beauty,Nail Polish,1,62.89,0,62.89,62.89,UPI,4.0
ORD100730,2023-05-03,CUST00731,22.0,Male,East,Electronics,Bluetooth Speaker,1,173.37,0,173.37,173.37,UPI,5.0
ORD100728,2023-05-03,CUST00655,32.0,Female,East,Sports & Outdoors,Resistance Bands,1,151.34,0,151.34,151.34,UPI,5.0
ORD100727,2023-05-03,CUST00765,46.0,Male,South,Electronics,Wireless Earbuds,2,180.59,0,361.18,361.18,Cash on Delivery,4.0
ORD100729,2023-05-03,CUST00493,26.0,Male,North,Electronics,Wireless Earbuds,1,93.59,0,93.59,93.59,Net Banking,3.0
ORD100733,2023-05-04,CUST00898,26.0,Female,North,Electronics,Bluetooth Speaker,2,116.85,0,233.7,233.7,Cash on Delivery,4.0
ORD100734,2023-05-04,CUST00316,33.0,Male,West,Sports & Outdoors,Hiking Backpack,1,39.09,5,39.09,37.14,UPI,3.0
ORD100735,2023-05-04,CUST00492,41.0,Female,West,Electronics,Bluetooth Speaker,1,177.16,5,177.16,168.3,Debit Card,3.0
ORD100736,2023-05-04,CUST00889,34.0,Male,South,Home & Kitchen,Storage Bins,1,141.36,0,141.36,141.36,Debit Card,3.0
ORD100740,2023-05-05,CUST00874,56.0,Male,Central,Apparel,Winter Jacket,1,65.81,0,65.81,65.81,Credit Card,
ORD100739,2023-05-05,CUST00246,31.0,Male,West,Electronics,Power Bank,1,90.11,0,90.11,90.11,Debit Card,5.0
ORD100737,2023-05-05,CUST00716,61.0,Female,Central,Sports & Outdoors,Cycling Helmet,2,179.95,0,359.9,359.9,UPI,4.0
ORD100738,2023-05-05,CUST01175,23.0,Female,,Electronics,Smartwatch,3,181.1,0,543.3,543.3,Cash on Delivery,4.0
ORD100741,2023-05-06,CUST00456,39.0,Male,East,Beauty,Perfume,1,50.97,20,50.97,40.78,UPI,4.0
ORD100742,2023-05-06,CUST00879,32.0,Female,West,Electronics,Bluetooth Speaker,1,65.94,25,65.94,49.46,Credit Card,3.0
ORD100743,2023-05-06,CUST00763,48.0,Female,East,Home & Kitchen,LED Desk Lamp,1,99.22,25,99.22,74.42,Cash on Delivery,5.0
ORD100744,2023-05-06,CUST00200,39.0,Female,Central,Electronics,Wireless Earbuds,1,126.43,0,126.43,126.43,Credit Card,2.0
ORD100745,2023-05-07,CUST00282,26.0,Male,North,Electronics,Bluetooth Speaker,1,164.87,20,164.87,131.9,Credit Card,4.0
ORD100746,2023-05-07,CUST00562,44.0,Male,West,Electronics,Wireless Earbuds,1,227.26,5,227.26,215.9,Credit Card,3.0
ORD100747,2023-05-07,CUST00941,,Male,Central,Electronics,Power Bank,1,165.53,0,165.53,165.53,Debit Card,4.0
ORD100748,2023-05-07,CUST00920,27.0,Male,West,Sports & Outdoors,Water Bottle,1,51.87,20,51.87,41.5,Debit Card,3.0
ORD100749,2023-05-07,CUST00973,59.0,Female,Central,Home & Kitchen,Cutlery Set,1,95.76,10,95.76,86.18,Cash on Delivery,4.0
ORD100750,2023-05-07,CUST01061,29.0,Male,,Home & Kitchen,Non-stick Pan,1,145.26,0,145.26,145.26,UPI,4.0
ORD100751,2023-05-07,CUST00663,18.0,Female,North,Apparel,Women's Jeans,1,25.64,0,25.64,25.64,Cash on Delivery,4.0
ORD100758,2023-05-08,CUST00065,21.0,Female,East,Apparel,Running Shoes,2,104.03,5,208.06,197.66,UPI,4.0
ORD100756,2023-05-08,CUST00072,57.0,Female,North,Beauty,Shampoo,1,78.8,0,78.8,78.8,UPI,5.0
ORD100755,2023-05-08,CUST00882,25.0,Male,East,Books,Comic Book,3,14.18,0,42.54,42.54,UPI,2.0
ORD100757,2023-05-08,CUST00467,27.0,Male,Central,Apparel,Wool Sweater,1,40.66,0,40.66,40.66,UPI,4.0
ORD100753,2023-05-08,CUST00579,18.0,Female,East,Electronics,Webcam,2,146.75,0,293.5,293.5,Credit Card,3.0
ORD100752,2023-05-08,CUST00553,34.0,Female,North,Electronics,USB-C Cable,1,83.55,0,83.55,83.55,Debit Card,4.0
ORD100754,2023-05-08,CUST00865,23.0,Male,North,Home & Kitchen,Coffee Maker,1,106.21,25,106.21,79.66,UPI,4.0
ORD100759,2023-05-09,CUST00905,47.0,Female,East,Home & Kitchen,Cutlery Set,1,126.78,0,126.78,126.78,Debit Card,3.0
ORD100760,2023-05-09,CUST00699,42.0,Male,,Electronics,Bluetooth Speaker,1,142.55,5,142.55,135.42,UPI,2.0
ORD100761,2023-05-09,CUST00703,35.0,Female,North,Beauty,Face Moisturizer,2,16.16,10,32.32,29.09,Debit Card,2.0
ORD100762,2023-05-09,CUST00524,31.0,Female,West,Apparel,Women's Jeans,1,16.05,15,16.05,13.64,UPI,3.0
ORD100772,2023-05-10,CUST00965,24.0,Female,West,Electronics,Power Bank,1,224.71,0,224.71,224.71,UPI,3.0
ORD100771,2023-05-10,CUST00129,34.0,Female,North,Beauty,Face Moisturizer,1,48.17,0,48.17,48.17,Debit Card,5.0
ORD100770,2023-05-10,CUST00618,55.0,Male,Central,Electronics,Laptop Stand,3,160.38,0,481.14,481.14,UPI,3.0
ORD100769,2023-05-10,CUST00013,47.0,Female,West,Apparel,Wool Sweater,1,104.89,0,104.89,104.89,Debit Card,
ORD100768,2023-05-10,CUST00050,18.0,Male,West,Electronics,Bluetooth Speaker,3,242.61,0,727.83,727.83,Credit Card,2.0
ORD100765,2023-05-10,CUST00467,27.0,Male,Central,Home & Kitchen,Non-stick Pan,1,51.79,0,51.79,51.79,Credit Card,3.0
ORD100766,2023-05-10,CUST00294,19.0,Male,East,Beauty,Face Moisturizer,2,50.01,25,100.02,75.02,Credit Card,4.0
ORD100764,2023-05-10,CUST00313,31.0,Female,East,Sports & Outdoors,Tennis Racket,1,75.52,0,75.52,75.52,Cash on Delivery,4.0
ORD100763,2023-05-10,CUST00381,34.0,Female,South,Electronics,USB-C Cable,1,151.19,0,151.19,151.19,Credit Card,2.0
ORD100773,2023-05-10,CUST01040,40.0,Male,Central,Apparel,Formal Shirt,1,24.67,0,24.67,24.67,Cash on Delivery,5.0
ORD100767,2023-05-10,CUST01174,,Male,Central,Sports & Outdoors,Dumbbell Set,1,132.89,10,132.89,119.6,Debit Card,5.0
ORD100774,2023-05-10,CUST00882,25.0,Male,West,Books,Comic Book,1,19.06,10,19.06,17.15,Credit Card,3.0
ORD100778,2023-05-11,CUST00525,50.0,Male,Central,Sports & Outdoors,Dumbbell Set,1,121.32,15,121.32,103.12,UPI,5.0
ORD100777,2023-05-11,CUST01174,29.0,Male,East,Books,Biography,2,18.7,0,37.4,37.4,Debit Card,2.0
ORD100779,2023-05-11,CUST01044,21.0,Male,South,Apparel,Wool Sweater,1,111.53,25,111.53,83.65,Net Banking,4.0
ORD100775,2023-05-11,CUST01039,27.0,Male,South,Beauty,Facial Serum,1,39.57,0,39.57,39.57,Credit Card,5.0
ORD100776,2023-05-11,CUST00460,43.0,Male,North,Electronics,Webcam,1,46.14,5,46.14,43.83,Cash on Delivery,2.0
ORD100780,2023-05-12,CUST00776,35.0,Female,East,Apparel,Baseball Cap,2,62.44,20,124.88,99.9,UPI,4.0
ORD100789,2023-05-12,CUST00742,69.0,Male,Central,Apparel,Winter Jacket,3,59.84,15,179.52,152.59,Credit Card,4.0
ORD100787,2023-05-12,CUST00894,39.0,Female,South,Electronics,Wireless Earbuds,1,69.32,0,69.32,69.32,Debit Card,4.0
ORD100786,2023-05-12,CUST00896,36.0,Male,Central,Apparel,Winter Jacket,5,116.43,0,582.15,582.15,Credit Card,
ORD100785,2023-05-12,CUST00816,37.0,Female,South,Beauty,Shampoo,1,79.31,0,79.31,79.31,UPI,5.0
ORD100788,2023-05-12,CUST00215,31.0,Female,South,Beauty,Lipstick Set,1,36.1,20,36.1,28.88,Credit Card,4.0
ORD100783,2023-05-12,CUST00724,32.0,Female,Central,Home & Kitchen,Air Fryer,1,28.1,0,28.1,28.1,UPI,5.0
ORD100782,2023-05-12,CUST00018,22.0,Female,West,Sports & Outdoors,Camping Tent,1,106.6,0,106.6,106.6,Debit Card,4.0
ORD100781,2023-05-12,CUST00217,19.0,Male,Central,Apparel,Formal Shirt,1,71.76,0,71.76,71.76,Debit Card,4.0
ORD100784,2023-05-12,CUST01017,32.0,Female,South,Sports & Outdoors,Dumbbell Set,1,193.93,15,193.93,164.84,UPI,5.0
ORD100796,2023-05-13,CUST00421,40.0,Female,South,Electronics,Wireless Earbuds,1,240.03,0,240.03,240.03,Credit Card,3.0
ORD100790,2023-05-13,CUST00864,33.0,Male,South,Home & Kitchen,Air Fryer,2,178.94,0,357.88,357.88,UPI,5.0
ORD100791,2023-05-13,CUST01190,42.0,Male,East,Apparel,Women's Jeans,1,47.4,0,47.4,47.4,Credit Card,4.0
ORD100792,2023-05-13,CUST00926,28.0,Male,North,Apparel,Women's Jeans,1,48.29,0,48.29,48.29,UPI,2.0
ORD100793,2023-05-13,CUST00563,51.0,Female,South,Beauty,Perfume,1,66.81,0,66.81,66.81,Debit Card,3.0
ORD100794,2023-05-13,CUST00081,32.0,Female,North,Beauty,Sunscreen SPF50,1,24.82,0,24.82,24.82,Cash on Delivery,4.0
ORD100795,2023-05-13,CUST00323,25.0,Male,East,Apparel,Men's T-Shirt,2,84.78,20,169.56,135.65,Debit Card,4.0
ORD100800,2023-05-14,CUST00131,66.0,Male,West,Home & Kitchen,Throw Pillow,1,146.4,20,146.4,117.12,UPI,4.0
ORD100799,2023-05-14,CUST00044,28.0,Female,East,Home & Kitchen,Air Fryer,1,79.56,10,79.56,71.6,Cash on Delivery,5.0
ORD100797,2023-05-14,CUST00830,40.0,Female,North,Electronics,Webcam,1,199.15,0,199.15,199.15,UPI,3.0
ORD100798,2023-05-14,CUST00627,23.0,Female,South,Apparel,Wool Sweater,1,29.94,0,29.94,29.94,Credit Card,3.0
ORD100807,2023-05-15,CUST00696,28.0,Female,East,Apparel,Winter Jacket,1,49.92,15,49.92,42.43,Debit Card,3.0
ORD100801,2023-05-15,CUST00046,39.0,Female,Central,Apparel,Baseball Cap,1,80.84,0,80.84,80.84,Net Banking,4.0
ORD100802,2023-05-15,CUST00933,24.0,Male,East,Home & Kitchen,LED Desk Lamp,2,138.26,5,276.52,262.69,Credit Card,3.0
ORD100803,2023-05-15,CUST00800,29.0,Female,North,Electronics,Smartwatch,2,161.99,0,323.98,323.98,Debit Card,5.0
ORD100804,2023-05-15,CUST00701,39.0,Male,West,Home & Kitchen,Non-stick Pan,1,156.29,20,156.29,125.03,UPI,4.0
ORD100805,2023-05-15,CUST00430,34.0,Female,East,Electronics,Bluetooth Speaker,1,66.36,25,66.36,49.77,UPI,4.0
ORD100806,2023-05-15,CUST01174,29.0,Male,North,Books,Business Book,1,11.11,0,11.11,11.11,Credit Card,3.0
ORD100813,2023-05-16,CUST00683,30.0,Male,East,Home & Kitchen,Cutlery Set,1,129.77,0,129.77,129.77,Cash on Delivery,3.0
ORD100812,2023-05-16,CUST00507,35.0,Female,West,Books,Mystery Thriller,2,19.16,0,38.32,38.32,Credit Card,4.0
ORD100811,2023-05-16,CUST00376,47.0,Female,South,Apparel,Wool Sweater,1,35.96,25,35.96,26.97,UPI,5.0
ORD100809,2023-05-16,CUST01029,45.0,Male,East,Home & Kitchen,Cutlery Set,1,36.36,0,36.36,36.36,Net Banking,1.0
ORD100808,2023-05-16,CUST00708,24.0,Male,Central,Home & Kitchen,Air Fryer,4,146.11,10,584.44,526.0,UPI,3.0
ORD100814,2023-05-16,CUST00691,18.0,Female,West,Apparel,Women's Jeans,1,89.4,25,89.4,67.05,UPI,3.0
ORD100810,2023-05-16,CUST00392,30.0,Male,West,Sports & Outdoors,Dumbbell Set,3,44.88,0,134.64,134.64,Debit Card,3.0
ORD100822,2023-05-17,CUST00335,47.0,Male,East,Beauty,Sunscreen SPF50,1,56.41,0,56.41,56.41,Net Banking,3.0
ORD100821,2023-05-17,CUST01095,39.0,Female,South,Sports & Outdoors,Resistance Bands,1,194.64,0,194.64,194.64,Credit Card,5.0
ORD100824,2023-05-17,CUST01132,38.0,Female,West,Apparel,Wool Sweater,1,50.96,5,50.96,48.41,Debit Card,4.0
ORD100823,2023-05-17,CUST00907,43.0,Female,South,Electronics,Bluetooth Speaker,1,204.65,0,204.65,204.65,Credit Card,3.0
ORD100820,2023-05-17,CUST00823,41.0,Female,South,Electronics,Smartphone Case,2,151.63,0,303.26,303.26,UPI,3.0
ORD100817,2023-05-17,CUST00124,46.0,Female,West,Electronics,Smartphone Case,1,87.91,0,87.91,87.91,Debit Card,3.0
ORD100818,2023-05-17,CUST00351,34.0,Male,,Home & Kitchen,Air Fryer,1,171.01,0,171.01,171.01,UPI,4.0
ORD100819,2023-05-17,CUST00131,66.0,Male,Central,Electronics,Smartwatch,1,132.83,0,132.83,132.83,Debit Card,4.0
ORD100815,2023-05-17,CUST00302,44.0,Female,Central,Electronics,Power Bank,2,111.05,0,222.1,222.1,Net Banking,5.0
ORD100816,2023-05-17,CUST00884,29.0,Male,South,Beauty,Nail Polish,1,59.28,0,59.28,59.28,Debit Card,4.0
ORD100825,2023-05-18,CUST00575,38.0,Male,West,Apparel,Formal Shirt,1,31.72,0,31.72,31.72,Debit Card,5.0
ORD100826,2023-05-18,CUST01045,22.0,Female,South,Sports & Outdoors,Water Bottle,1,59.23,0,59.23,59.23,UPI,5.0
ORD100827,2023-05-18,CUST00541,35.0,Female,Central,Apparel,Formal Shirt,1,109.01,15,109.01,92.66,UPI,3.0
ORD100828,2023-05-18,CUST00334,35.0,Female,East,Home & Kitchen,Blender,1,31.81,0,31.81,31.81,Debit Card,5.0
ORD100829,2023-05-18,CUST00341,30.0,Female,North,Books,Self-Help Guide,4,11.48,0,45.92,45.92,UPI,4.0
ORD100830,2023-05-18,CUST00173,29.0,Female,South,Home & Kitchen,Non-stick Pan,1,95.81,0,95.81,95.81,Cash on Delivery,2.0
ORD100831,2023-05-18,CUST00478,40.0,Female,South,Electronics,Bluetooth Speaker,2,194.06,0,388.12,388.12,Credit Card,4.0
ORD100832,2023-05-18,CUST00678,32.0,Other,South,Beauty,Nail Polish,2,55.23,0,110.46,110.46,Credit Card,4.0
ORD100839,2023-05-19,CUST01143,45.0,Female,Central,Home & Kitchen,LED Desk Lamp,3,21.36,25,64.08,48.06,Debit Card,3.0
ORD100837,2023-05-19,CUST00948,47.0,Female,East,Beauty,Hair Dryer,1,9.1,0,9.1,9.1,Debit Card,3.0
ORD100836,2023-05-19,CUST00344,18.0,Male,East,Books,Comic Book,2,24.79,15,49.58,42.14,Cash on Delivery,3.0
ORD100840,2023-05-19,CUST01156,27.0,Female,North,Home & Kitchen,Air Fryer,1,24.99,10,24.99,22.49,UPI,3.0
ORD100834,2023-05-19,CUST01110,40.0,Male,West,Apparel,Formal Shirt,1,65.77,0,65.77,65.77,UPI,4.0
ORD100835,2023-05-19,CUST00532,36.0,Male,West,Beauty,Hair Dryer,1,79.78,0,79.78,79.78,Credit Card,4.0
ORD100838,2023-05-19,CUST00434,46.0,Male,West,Apparel,Wool Sweater,2,50.85,0,101.7,101.7,Cash on Delivery,4.0
ORD100833,2023-05-19,CUST00369,27.0,Female,West,Home & Kitchen,Blender,2,104.8,5,209.6,199.12,Net Banking,
ORD100841,2023-05-20,CUST00798,27.0,Male,South,Beauty,Facial Serum,1,28.92,0,28.92,28.92,UPI,3.0
ORD100842,2023-05-20,CUST00036,42.0,Male,South,Beauty,Lipstick Set,4,51.82,0,207.28,207.28,Credit Card,3.0
ORD100843,2023-05-20,CUST00774,34.0,Female,Central,Beauty,Shampoo,1,12.08,0,12.08,12.08,Debit Card,3.0
ORD100844,2023-05-20,CUST00377,39.0,Male,North,Apparel,Formal Shirt,1,119.68,0,119.68,119.68,Debit Card,2.0
ORD100845,2023-05-20,CUST00930,49.0,Female,Central,Electronics,Smartwatch,1,207.19,0,207.19,207.19,UPI,3.0
ORD100847,2023-05-21,CUST00421,40.0,Female,North,Beauty,Perfume,1,85.31,20,85.31,68.25,UPI,2.0
ORD100848,2023-05-21,CUST00862,29.0,Male,Central,Electronics,Power Bank,1,20.01,0,20.01,20.01,Credit Card,4.0
ORD100849,2023-05-21,CUST00757,52.0,Male,North,Books,Children's Storybook,1,9.95,0,9.95,9.95,Debit Card,3.0
ORD100850,2023-05-21,CUST00293,33.0,Male,,Electronics,Smartwatch,1,45.31,15,45.31,38.51,Credit Card,4.0
ORD100851,2023-05-21,CUST00602,27.0,Other,West,Home & Kitchen,Blender,1,74.4,0,74.4,74.4,UPI,2.0
ORD100852,2023-05-21,CUST01076,28.0,Male,South,Electronics,USB-C Cable,2,66.1,0,132.2,132.2,Credit Card,4.0
ORD100846,2023-05-21,CUST01159,36.0,Male,Central,Electronics,Webcam,2,82.37,0,164.74,164.74,Debit Card,4.0
ORD100858,2023-05-22,CUST01051,44.0,Male,North,Electronics,USB-C Cable,1,19.72,0,19.72,19.72,UPI,4.0
ORD100860,2023-05-22,CUST01176,36.0,Female,North,Sports & Outdoors,Camping Tent,2,193.26,0,386.52,386.52,Debit Card,4.0
ORD100859,2023-05-22,CUST00752,37.0,Male,East,Apparel,Men's T-Shirt,1,52.51,0,52.51,52.51,Cash on Delivery,3.0
ORD100857,2023-05-22,CUST01034,24.0,Female,East,Electronics,Smartwatch,1,68.78,0,68.78,68.78,UPI,4.0
ORD100855,2023-05-22,CUST00704,18.0,Male,East,Electronics,Power Bank,4,26.27,5,105.08,99.83,UPI,3.0
ORD100853,2023-05-22,CUST00570,20.0,Female,East,Apparel,Formal Shirt,1,76.96,0,76.96,76.96,Debit Card,3.0
ORD100856,2023-05-22,CUST00437,45.0,Female,West,Sports & Outdoors,Tennis Racket,1,171.93,0,171.93,171.93,Credit Card,2.0
ORD100854,2023-05-22,CUST01178,26.0,Male,South,Electronics,Smartwatch,1,116.09,0,116.09,116.09,Net Banking,4.0
ORD100869,2023-05-23,CUST01057,35.0,Male,South,Home & Kitchen,Non-stick Pan,1,106.62,0,106.62,106.62,Credit Card,4.0
ORD100861,2023-05-23,CUST00338,32.0,Male,Central,Home & Kitchen,Non-stick Pan,1,31.95,5,31.95,30.35,Debit Card,4.0
ORD100862,2023-05-23,CUST00149,32.0,Male,North,Home & Kitchen,Blender,1,129.93,0,129.93,129.93,Net Banking,3.0
ORD100863,2023-05-23,CUST00024,38.0,Other,East,Home & Kitchen,LED Desk Lamp,1,172.32,5,172.32,163.7,Cash on Delivery,5.0
ORD100864,2023-05-23,CUST00870,27.0,Male,Central,Beauty,Facial Serum,1,16.21,0,16.21,16.21,Cash on Delivery,4.0
ORD100865,2023-05-23,CUST00191,28.0,Male,North,Apparel,Running Shoes,2,71.51,0,143.02,143.02,Credit Card,3.0
ORD100866,2023-05-23,CUST00780,40.0,Male,North,Electronics,Webcam,4,106.98,10,427.92,385.13,UPI,5.0
ORD100867,2023-05-23,CUST00146,48.0,Female,South,Electronics,Power Bank,1,105.86,0,105.86,105.86,Credit Card,4.0
ORD100868,2023-05-23,CUST00332,31.0,Male,North,Sports & Outdoors,Camping Tent,1,192.75,15,192.75,163.84,Debit Card,4.0
ORD100877,2023-05-24,CUST00858,19.0,Female,South,Electronics,Power Bank,1,180.11,5,180.11,171.1,UPI,4.0
ORD100875,2023-05-24,CUST00766,18.0,Male,South,Beauty,Facial Serum,1,31.23,0,31.23,31.23,Debit Card,3.0
ORD100874,2023-05-24,CUST01136,41.0,Male,East,Beauty,Nail Polish,1,15.77,0,15.77,15.77,Credit Card,4.0
ORD100876,2023-05-24,CUST00172,58.0,Male,West,Apparel,Men's T-Shirt,5,87.13,20,435.65,348.52,UPI,3.0
ORD100872,2023-05-24,CUST00001,53.0,Female,West,Home & Kitchen,Blender,1,87.69,0,87.69,87.69,Credit Card,5.0
ORD100871,2023-05-24,CUST00317,29.0,Female,North,Beauty,Lipstick Set,1,74.06,10,74.06,66.65,UPI,3.0
ORD100870,2023-05-24,CUST00414,25.0,Male,North,Beauty,Shampoo,1,56.61,0,56.61,56.61,Debit Card,3.0
ORD100873,2023-05-24,CUST00653,42.0,Female,East,Apparel,Formal Shirt,1,65.62,5,65.62,62.34,UPI,2.0
ORD100881,2023-05-25,CUST00434,,Male,East,Electronics,Bluetooth Speaker,2,151.24,0,302.48,302.48,Cash on Delivery,5.0
ORD100880,2023-05-25,CUST00940,,Female,West,Home & Kitchen,Non-stick Pan,1,54.08,0,54.08,54.08,UPI,2.0
ORD100878,2023-05-25,CUST00853,18.0,Female,Central,Books,Children's Storybook,1,28.05,5,28.05,26.65,Credit Card,4.0
ORD100879,2023-05-25,CUST00787,22.0,Female,South,Apparel,Running Shoes,1,29.0,10,29.0,26.1,Credit Card,5.0
ORD100882,2023-05-26,CUST00027,54.0,Male,North,Apparel,Women's Jeans,1,73.63,0,73.63,73.63,Debit Card,3.0
ORD100883,2023-05-26,CUST00273,32.0,Female,South,Electronics,Bluetooth Speaker,1,198.17,20,198.17,158.54,Credit Card,5.0
ORD100884,2023-05-26,CUST00157,35.0,Male,South,Beauty,Shampoo,1,62.39,0,62.39,62.39,UPI,4.0
ORD100885,2023-05-26,CUST01050,49.0,Male,West,Sports & Outdoors,Dumbbell Set,1,23.61,10,23.61,21.25,Credit Card,4.0
ORD100886,2023-05-27,CUST00259,49.0,Female,North,Beauty,Nail Polish,2,28.53,0,57.06,57.06,UPI,4.0
ORD100887,2023-05-27,CUST00968,25.0,Female,Central,Electronics,Bluetooth Speaker,1,236.63,20,236.63,189.3,Debit Card,3.0
ORD100888,2023-05-27,CUST01147,34.0,Female,North,Beauty,Facial Serum,1,28.01,15,28.01,23.81,Debit Card,5.0
ORD100889,2023-05-27,CUST00446,25.0,Female,East,Books,Mystery Thriller,1,21.88,0,21.88,21.88,UPI,3.0
ORD100890,2023-05-27,CUST00168,36.0,Female,South,Sports & Outdoors,Resistance Bands,2,44.75,0,89.5,89.5,UPI,3.0
ORD100891,2023-05-27,CUST01020,45.0,Female,North,Apparel,Baseball Cap,3,70.63,0,211.89,211.89,UPI,3.0
ORD100892,2023-05-27,CUST00518,48.0,Female,West,Beauty,Shampoo,3,65.1,0,195.3,195.3,UPI,3.0
ORD100893,2023-05-27,CUST00778,46.0,Male,North,Home & Kitchen,Non-stick Pan,2,159.13,0,318.26,318.26,Credit Card,3.0
ORD100894,2023-05-27,CUST00627,23.0,Female,Central,Home & Kitchen,Cutlery Set,3,79.05,0,237.15,237.15,Net Banking,4.0
ORD100898,2023-05-28,CUST00340,37.0,Female,East,Books,Biography,1,13.35,20,13.35,10.68,Credit Card,4.0
ORD100899,2023-05-28,CUST00540,43.0,Male,North,Electronics,USB-C Cable,1,175.55,0,175.55,175.55,UPI,4.0
ORD100896,2023-05-28,CUST00707,32.0,Female,South,Home & Kitchen,Non-stick Pan,1,174.82,5,174.82,166.08,Credit Card,4.0
ORD100895,2023-05-28,CUST00986,26.0,Female,East,Home & Kitchen,Cutlery Set,1,112.36,0,112.36,112.36,Credit Card,5.0
ORD100897,2023-05-28,CUST01100,58.0,Female,Central,Home & Kitchen,Coffee Maker,1,157.51,0,157.51,157.51,Debit Card,5.0
ORD100909,2023-05-29,CUST00946,18.0,Female,South,Home & Kitchen,Air Fryer,1,84.44,0,84.44,84.44,Credit Card,2.0
ORD100908,2023-05-29,CUST00921,18.0,Other,East,Home & Kitchen,Air Fryer,1,31.8,0,31.8,31.8,Debit Card,2.0
ORD100906,2023-05-29,CUST00140,29.0,Male,West,Home & Kitchen,Storage Bins,1,22.56,0,22.56,22.56,Credit Card,4.0
ORD100905,2023-05-29,CUST00973,59.0,Female,North,Apparel,Women's Jeans,2,80.62,0,161.24,161.24,Credit Card,2.0
ORD100907,2023-05-29,CUST00999,43.0,Other,North,Sports & Outdoors,Hiking Backpack,2,166.6,0,333.2,333.2,UPI,3.0
ORD100903,2023-05-29,CUST01052,18.0,Female,West,Sports & Outdoors,Tennis Racket,1,168.47,0,168.47,168.47,Net Banking,3.0
ORD100902,2023-05-29,CUST00984,29.0,Female,West,Home & Kitchen,Non-stick Pan,1,81.69,0,81.69,81.69,Debit Card,4.0
ORD100901,2023-05-29,CUST00043,43.0,Male,West,Apparel,Baseball Cap,2,78.6,10,157.2,141.48,Debit Card,3.0
ORD100900,2023-05-29,CUST00368,39.0,Male,South,Sports & Outdoors,Resistance Bands,1,98.36,0,98.36,98.36,UPI,4.0
ORD100904,2023-05-29,CUST00266,19.0,Male,South,Sports & Outdoors,Water Bottle,1,48.5,25,48.5,36.38,Credit Card,3.0
ORD100910,2023-05-30,CUST00784,34.0,Female,East,Sports & Outdoors,Dumbbell Set,1,43.77,0,43.77,43.77,Cash on Delivery,5.0
ORD100911,2023-05-30,CUST00357,50.0,Male,South,Home & Kitchen,LED Desk Lamp,3,43.77,0,131.31,131.31,Credit Card,3.0
ORD100915,2023-05-31,CUST01196,44.0,Female,West,Home & Kitchen,Storage Bins,1,141.23,5,141.23,134.17,Debit Card,4.0
ORD100912,2023-05-31,CUST00512,18.0,Female,Central,Apparel,Men's T-Shirt,1,43.32,0,43.32,43.32,Credit Card,3.0
ORD100913,2023-05-31,CUST00011,54.0,Male,Central,Home & Kitchen,Cutlery Set,2,69.97,15,139.94,118.95,UPI,3.0
ORD100914,2023-05-31,CUST00505,33.0,Other,Central,Electronics,Wireless Earbuds,1,55.67,0,55.67,55.67,Debit Card,4.0
ORD100916,2023-05-31,CUST00831,45.0,Male,South,Sports & Outdoors,Tennis Racket,1,187.89,0,187.89,187.89,Debit Card,5.0
ORD100917,2023-06-01,CUST01113,30.0,Male,South,Beauty,Shampoo,1,51.66,0,51.66,51.66,Net Banking,3.0
ORD100918,2023-06-02,CUST00835,19.0,Female,North,Beauty,Shampoo,2,77.77,15,155.54,132.21,Cash on Delivery,4.0
ORD100919,2023-06-02,CUST00426,40.0,Female,Central,Home & Kitchen,Non-stick Pan,1,124.17,10,124.17,111.75,Debit Card,4.0
ORD100920,2023-06-02,CUST00120,40.0,Male,West,Books,Mystery Thriller,1,31.56,0,31.56,31.56,UPI,3.0
ORD100921,2023-06-02,CUST00102,32.0,Male,North,Electronics,Power Bank,1,61.49,15,61.49,52.27,Cash on Delivery,5.0
ORD100922,2023-06-02,CUST00291,72.0,Male,East,Electronics,Bluetooth Speaker,1,125.41,0,125.41,125.41,Debit Card,5.0
ORD100923,2023-06-02,CUST00454,30.0,Male,North,Electronics,Power Bank,1,56.74,0,56.74,56.74,Cash on Delivery,4.0
ORD100924,2023-06-02,CUST00768,45.0,Male,South,Electronics,USB-C Cable,1,141.88,0,141.88,141.88,Credit Card,4.0
ORD100925,2023-06-02,CUST00940,51.0,Female,Central,Beauty,Hair Dryer,1,39.69,0,39.69,39.69,UPI,3.0
ORD100933,2023-06-03,CUST01022,22.0,Male,North,Apparel,Wool Sweater,2,52.54,15,105.08,89.32,UPI,4.0
ORD100932,2023-06-03,CUST00497,35.0,Male,West,Beauty,Nail Polish,2,59.09,0,118.18,118.18,Credit Card,2.0
ORD100931,2023-06-03,CUST00554,30.0,Female,North,Apparel,Running Shoes,1,19.77,0,19.77,19.77,UPI,3.0
ORD100930,2023-06-03,CUST00235,47.0,Male,North,Apparel,Men's T-Shirt,1,61.24,10,61.24,55.12,UPI,
ORD100927,2023-06-03,CUST00753,30.0,Male,,Home & Kitchen,Throw Pillow,1,59.12,5,59.12,56.16,Credit Card,3.0
ORD100928,2023-06-03,CUST00827,35.0,Female,West,Electronics,Smartwatch,1,245.42,0,245.42,245.42,UPI,4.0
ORD100926,2023-06-03,CUST01185,25.0,Female,North,Apparel,Wool Sweater,2,29.34,5,58.68,55.75,Cash on Delivery,3.0
ORD100929,2023-06-03,CUST00105,44.0,Female,South,Electronics,Power Bank,1,163.0,5,163.0,154.85,Debit Card,3.0
ORD100940,2023-06-04,CUST00756,60.0,Male,South,Electronics,Smartwatch,2,246.69,10,493.38,444.04,Credit Card,4.0
ORD100939,2023-06-04,CUST00750,46.0,Male,North,Electronics,Smartphone Case,2,150.72,0,301.44,301.44,Debit Card,3.0
ORD100937,2023-06-04,CUST00240,38.0,Male,South,Electronics,Webcam,1,93.91,10,93.91,84.52,Cash on Delivery,4.0
ORD100938,2023-06-04,CUST00291,72.0,Male,North,Sports & Outdoors,Water Bottle,2,150.28,20,300.56,240.45,UPI,5.0
ORD100935,2023-06-04,CUST00136,42.0,Female,West,Apparel,Wool Sweater,1,65.84,0,65.84,65.84,UPI,3.0
ORD100934,2023-06-04,CUST00240,38.0,Male,North,Home & Kitchen,LED Desk Lamp,1,71.41,0,71.41,71.41,UPI,4.0
ORD100936,2023-06-04,CUST00586,21.0,Other,South,Electronics,Webcam,1,100.32,0,100.32,100.32,Credit Card,4.0
ORD100941,2023-06-05,CUST00119,40.0,Female,North,Home & Kitchen,Air Fryer,1,106.48,5,106.48,101.16,Credit Card,2.0
ORD100942,2023-06-05,CUST00346,19.0,Male,East,Electronics,Bluetooth Speaker,1,40.05,0,40.05,40.05,Credit Card,2.0
ORD100943,2023-06-05,CUST00138,18.0,Female,West,Electronics,Bluetooth Speaker,1,45.88,0,45.88,45.88,UPI,4.0
ORD100944,2023-06-05,CUST00432,18.0,Male,West,Electronics,Smartphone Case,1,34.23,15,34.23,29.1,UPI,
ORD100945,2023-06-05,CUST00915,18.0,Female,North,Electronics,Power Bank,1,42.12,0,42.12,42.12,UPI,3.0
ORD100949,2023-06-06,CUST00775,34.0,Female,North,Beauty,Face Moisturizer,1,87.61,20,87.61,70.09,Cash on Delivery,4.0
ORD100948,2023-06-06,CUST00730,28.0,Female,South,Sports & Outdoors,Hiking Backpack,2,60.97,5,121.94,115.84,Credit Card,4.0
ORD100946,2023-06-06,CUST00826,58.0,Male,South,Apparel,Formal Shirt,1,91.44,25,91.44,68.58,Cash on Delivery,4.0
ORD100947,2023-06-06,CUST00930,49.0,Female,North,Electronics,Webcam,1,133.33,0,133.33,133.33,UPI,5.0
ORD100950,2023-06-07,CUST00033,40.0,Male,South,Electronics,Smartwatch,2,223.73,0,447.46,447.46,UPI,4.0
ORD100951,2023-06-07,CUST00761,29.0,Male,South,Beauty,Lipstick Set,2,69.34,15,138.68,117.88,UPI,4.0
ORD100952,2023-06-07,CUST00491,22.0,Female,East,Electronics,Power Bank,1,51.48,0,51.48,51.48,Debit Card,3.0
ORD100953,2023-06-07,CUST00703,35.0,Female,East,Electronics,Wireless Earbuds,1,133.07,0,133.07,133.07,Credit Card,1.0
ORD100959,2023-06-08,CUST00268,44.0,Male,South,Apparel,Baseball Cap,1,13.17,10,13.17,11.85,UPI,3.0
ORD100957,2023-06-08,CUST00716,61.0,Female,North,Electronics,Wireless Earbuds,1,95.98,5,95.98,91.18,UPI,3.0
ORD100958,2023-06-08,CUST00834,33.0,Male,North,Sports & Outdoors,Resistance Bands,3,96.96,0,290.88,290.88,UPI,2.0
ORD100955,2023-06-08,CUST00197,52.0,Male,North,Home & Kitchen,Cutlery Set,1,20.14,5,20.14,19.13,UPI,5.0
ORD100954,2023-06-08,CUST00684,47.0,Female,South,Apparel,Men's T-Shirt,2,100.92,0,201.84,201.84,Debit Card,3.0
ORD100956,2023-06-08,CUST00919,44.0,Female,North,Electronics,Smartphone Case,1,29.28,20,29.28,23.42,Credit Card,3.0
ORD100960,2023-06-09,CUST00782,43.0,Male,West,Electronics,Bluetooth Speaker,1,201.97,0,201.97,201.97,Cash on Delivery,4.0
ORD100961,2023-06-09,CUST00316,33.0,Male,North,Home & Kitchen,Cutlery Set,1,133.85,0,133.85,133.85,Net Banking,4.0
ORD100969,2023-06-10,CUST01061,29.0,Male,West,Electronics,Laptop Stand,1,87.13,0,87.13,87.13,Cash on Delivery,4.0
ORD100967,2023-06-10,CUST00314,35.0,Male,Central,Beauty,Nail Polish,2,58.63,0,117.26,117.26,UPI,5.0
ORD100966,2023-06-10,CUST00753,30.0,Male,West,Beauty,Face Moisturizer,1,79.4,0,79.4,79.4,Credit Card,4.0
ORD100968,2023-06-10,CUST00496,29.0,Female,East,Beauty,Sunscreen SPF50,1,14.49,15,14.49,12.32,UPI,3.0
ORD100964,2023-06-10,CUST00416,41.0,Female,West,Apparel,Formal Shirt,1,66.76,0,66.76,66.76,Credit Card,2.0
ORD100963,2023-06-10,CUST00248,40.0,Female,East,Apparel,Wool Sweater,1,17.8,5,17.8,16.91,Credit Card,5.0
ORD100962,2023-06-10,CUST01045,22.0,Female,Central,Electronics,Wireless Earbuds,1,155.05,0,155.05,155.05,Credit Card,4.0
ORD100965,2023-06-10,CUST00948,47.0,Female,West,Apparel,Yoga Pants,1,48.67,20,48.67,38.94,UPI,4.0
ORD100970,2023-06-11,CUST00114,46.0,Female,South,Sports & Outdoors,Cycling Helmet,2,175.99,0,351.98,351.98,UPI,4.0
ORD100971,2023-06-11,CUST00188,18.0,Male,South,Electronics,Webcam,1,41.53,0,41.53,41.53,Cash on Delivery,3.0
ORD100972,2023-06-11,CUST01177,23.0,Female,Central,Electronics,Laptop Stand,1,168.11,0,168.11,168.11,Net Banking,4.0
ORD100973,2023-06-11,CUST00707,32.0,Female,South,Books,Self-Help Guide,1,38.26,15,38.26,32.52,UPI,5.0
ORD100974,2023-06-11,CUST00459,18.0,Male,West,Electronics,Wireless Earbuds,1,109.31,5,109.31,103.84,Credit Card,3.0
ORD100975,2023-06-11,CUST00603,51.0,Male,South,Electronics,USB-C Cable,1,150.14,0,150.14,150.14,UPI,3.0
ORD100981,2023-06-12,CUST00916,66.0,Female,West,Beauty,Hair Dryer,1,34.8,0,34.8,34.8,Debit Card,4.0
ORD100983,2023-06-12,CUST00781,21.0,Male,North,Apparel,Women's Jeans,1,95.83,0,95.83,95.83,Credit Card,4.0
ORD100982,2023-06-12,CUST00612,45.0,Female,East,Beauty,Sunscreen SPF50,2,45.13,10,90.26,81.23,UPI,3.0
ORD100980,2023-06-12,CUST00818,18.0,Male,East,Apparel,Yoga Pants,1,21.84,10,21.84,19.66,Net Banking,3.0
ORD100979,2023-06-12,CUST01130,35.0,Female,North,Books,Children's Storybook,1,28.95,0,28.95,28.95,Debit Card,3.0
ORD100978,2023-06-12,CUST00389,38.0,Female,South,Apparel,Running Shoes,2,69.93,5,139.86,132.87,Credit Card,3.0
ORD100977,2023-06-12,CUST00746,49.0,Female,South,Electronics,Webcam,1,244.43,0,244.43,244.43,Credit Card,3.0
ORD100976,2023-06-12,CUST00908,37.0,Female,Central,Electronics,Webcam,1,199.49,0,199.49,199.49,Debit Card,4.0
ORD100988,2023-06-13,CUST00937,18.0,Female,West,Apparel,Formal Shirt,1,87.58,0,87.58,87.58,UPI,3.0
ORD100987,2023-06-13,CUST00749,21.0,Female,East,Sports & Outdoors,Tennis Racket,1,193.06,5,193.06,183.41,UPI,3.0
ORD100989,2023-06-13,CUST00457,18.0,Female,South,Electronics,Webcam,2,244.93,0,489.86,489.86,UPI,2.0
ORD100985,2023-06-13,CUST01164,33.0,Female,South,Home & Kitchen,Throw Pillow,1,137.6,0,137.6,137.6,Credit Card,3.0
ORD100984,2023-06-13,CUST01170,63.0,Male,South,Apparel,Men's T-Shirt,1,53.86,0,53.86,53.86,UPI,4.0
ORD100986,2023-06-13,CUST00545,27.0,Male,Central,Home & Kitchen,Cutlery Set,1,145.61,0,145.61,145.61,Cash on Delivery,3.0
ORD100990,2023-06-14,CUST00315,26.0,Male,Central,Electronics,Webcam,1,192.86,0,192.86,192.86,Credit Card,3.0
ORD100991,2023-06-14,CUST00390,39.0,Female,North,Home & Kitchen,Storage Bins,1,116.89,0,116.89,116.89,UPI,4.0
ORD100992,2023-06-14,CUST00861,38.0,Male,North,Sports & Outdoors,Camping Tent,2,150.75,0,301.5,301.5,Debit Card,3.0
ORD100993,2023-06-14,CUST01087,42.0,Female,Central,Home & Kitchen,Throw Pillow,2,36.06,0,72.12,72.12,Credit Card,1.0
ORD100994,2023-06-14,CUST00561,34.0,Female,Central,Home & Kitchen,LED Desk Lamp,1,169.79,0,169.79,169.79,Debit Card,3.0
ORD100995,2023-06-14,CUST00047,18.0,Male,South,Home & Kitchen,Non-stick Pan,2,75.86,0,151.72,151.72,UPI,4.0
ORD100996,2023-06-14,CUST01038,21.0,Female,West,Electronics,USB-C Cable,1,86.74,15,86.74,73.73,UPI,2.0
ORD101000,2023-06-15,CUST01187,26.0,Male,East,Apparel,Winter Jacket,1,27.72,0,27.72,27.72,UPI,3.0
ORD100999,2023-06-15,CUST00974,44.0,Female,,Books,Children's Storybook,1,37.89,0,37.89,37.89,Cash on Delivery,4.0
ORD101001,2023-06-15,CUST00436,37.0,Male,South,Apparel,Women's Jeans,1,74.29,0,74.29,74.29,UPI,4.0
ORD100997,2023-06-15,CUST00113,44.0,Male,West,Electronics,Webcam,1,120.0,0,120.0,120.0,UPI,4.0
ORD100998,2023-06-15,CUST00385,34.0,Female,West,Books,Children's Storybook,1,33.21,0,33.21,33.21,Debit Card,3.0
ORD101002,2023-06-16,CUST00924,50.0,Male,South,Books,Children's Storybook,1,23.46,0,23.46,23.46,Credit Card,3.0
ORD101003,2023-06-16,CUST00985,,Male,East,Home & Kitchen,Coffee Maker,1,35.3,10,35.3,31.77,Credit Card,4.0
ORD101004,2023-06-16,CUST00915,18.0,Female,Central,Apparel,Formal Shirt,2,111.66,0,223.32,223.32,Cash on Delivery,3.0
ORD101005,2023-06-16,CUST00629,19.0,Female,West,Home & Kitchen,Cutlery Set,1,137.28,0,137.28,137.28,Credit Card,3.0
ORD101006,2023-06-16,CUST00248,40.0,Female,North,Electronics,Power Bank,2,110.42,0,220.84,220.84,Cash on Delivery,3.0
ORD101011,2023-06-17,CUST00601,20.0,Male,Central,Electronics,Smartwatch,1,36.03,5,36.03,34.23,Debit Card,5.0
ORD101009,2023-06-17,CUST00769,21.0,Female,East,Home & Kitchen,Non-stick Pan,1,152.73,0,152.73,152.73,Credit Card,2.0
ORD101010,2023-06-17,CUST00112,26.0,Male,Central,Home & Kitchen,Blender,1,156.07,0,156.07,156.07,Credit Card,5.0
ORD101007,2023-06-17,CUST00684,47.0,Female,West,Apparel,Wool Sweater,1,87.9,25,87.9,65.92,Net Banking,4.0
ORD101008,2023-06-17,CUST00504,32.0,Male,Central,Apparel,Yoga Pants,1,37.86,10,37.86,34.07,UPI,1.0
ORD101012,2023-06-18,CUST00523,44.0,Female,South,Apparel,Running Shoes,1,23.57,0,23.57,23.57,Credit Card,5.0
ORD101013,2023-06-19,CUST00621,22.0,Female,Central,Electronics,Bluetooth Speaker,1,48.98,0,48.98,48.98,Credit Card,
ORD101014,2023-06-19,CUST00873,25.0,Female,West,Home & Kitchen,Non-stick Pan,2,22.53,0,45.06,45.06,Debit Card,5.0
ORD101015,2023-06-19,CUST01127,37.0,Female,South,Beauty,Nail Polish,3,60.81,0,182.43,182.43,Debit Card,2.0
ORD101016,2023-06-19,CUST00320,41.0,Male,North,Apparel,Formal Shirt,1,32.74,15,32.74,27.83,Cash on Delivery,4.0
ORD101023,2023-06-20,CUST00518,48.0,Female,South,Apparel,Yoga Pants,1,100.34,5,100.34,95.32,Credit Card,4.0
ORD101026,2023-06-20,CUST00297,20.0,Male,West,Electronics,Webcam,3,86.44,0,259.32,259.32,UPI,3.0
ORD101025,2023-06-20,CUST00044,28.0,Female,,Electronics,Smartwatch,1,168.61,0,168.61,168.61,UPI,5.0
ORD101024,2023-06-20,CUST00953,21.0,Female,,Apparel,Running Shoes,1,19.99,15,19.99,16.99,Debit Card,3.0
ORD101022,2023-06-20,CUST00450,44.0,Male,Central,Home & Kitchen,Blender,1,47.38,0,47.38,47.38,UPI,
ORD101017,2023-06-20,CUST00938,50.0,Other,West,Electronics,Smartphone Case,2,189.74,0,379.48,379.48,Debit Card,3.0
ORD101020,2023-06-20,CUST01143,45.0,Female,East,Home & Kitchen,Throw Pillow,1,145.93,0,145.93,145.93,Credit Card,4.0
ORD101019,2023-06-20,CUST00775,34.0,Female,South,Sports & Outdoors,Yoga Mat,1,154.29,0,154.29,154.29,Debit Card,3.0
ORD101018,2023-06-20,CUST00146,48.0,Female,North,Electronics,Bluetooth Speaker,1,137.08,5,137.08,130.23,Credit Card,2.0
ORD101021,2023-06-20,CUST01049,59.0,Male,,Books,Self-Help Guide,1,17.21,0,17.21,17.21,Net Banking,4.0
ORD101036,2023-06-21,CUST00883,,Male,Central,Electronics,Smartwatch,4,132.11,0,528.44,528.44,Debit Card,4.0
ORD101035,2023-06-21,CUST00925,40.0,Male,West,Beauty,Nail Polish,1,34.89,5,34.89,33.15,Debit Card,3.0
ORD101034,2023-06-21,CUST00605,28.0,Male,South,Apparel,Wool Sweater,1,93.9,0,93.9,93.9,Net Banking,3.0
ORD101033,2023-06-21,CUST00733,36.0,Female,North,Beauty,Perfume,1,47.04,0,47.04,47.04,UPI,4.0
ORD101032,2023-06-21,CUST00541,35.0,Female,East,Sports & Outdoors,Resistance Bands,1,15.1,0,15.1,15.1,Debit Card,4.0
ORD101031,2023-06-21,CUST00636,35.0,Female,Central,Home & Kitchen,LED Desk Lamp,1,92.93,10,92.93,83.64,UPI,3.0
ORD101030,2023-06-21,CUST00519,44.0,Male,North,Apparel,Running Shoes,1,25.44,0,25.44,25.44,UPI,4.0
ORD101029,2023-06-21,CUST00052,32.0,Male,East,Electronics,Power Bank,1,152.32,20,152.32,121.86,Credit Card,4.0
ORD101028,2023-06-21,CUST00896,36.0,Male,West,Home & Kitchen,Cutlery Set,2,92.44,0,184.88,184.88,Debit Card,4.0
ORD101027,2023-06-21,CUST00874,56.0,Male,West,Apparel,Yoga Pants,1,116.18,0,116.18,116.18,Cash on Delivery,3.0
ORD101043,2023-06-22,CUST00397,21.0,Male,South,Electronics,Smartphone Case,1,231.19,0,231.19,231.19,Credit Card,
ORD101042,2023-06-22,CUST00473,59.0,Male,North,Home & Kitchen,LED Desk Lamp,2,30.95,0,61.9,61.9,Cash on Delivery,4.0
ORD101041,2023-06-22,CUST00763,48.0,Female,North,Electronics,Bluetooth Speaker,2,160.05,0,320.1,320.1,Debit Card,4.0
ORD101039,2023-06-22,CUST01125,38.0,Female,East,Beauty,Perfume,1,12.11,0,12.11,12.11,Credit Card,4.0
ORD101038,2023-06-22,CUST00060,25.0,Female,North,Home & Kitchen,Cutlery Set,1,27.34,0,27.34,27.34,Cash on Delivery,4.0
ORD101037,2023-06-22,CUST00957,41.0,Female,South,Beauty,Lipstick Set,1,40.12,0,40.12,40.12,Net Banking,5.0
ORD101040,2023-06-22,CUST00417,37.0,Female,West,Electronics,Bluetooth Speaker,1,57.62,5,57.62,54.74,Debit Card,4.0
ORD101044,2023-06-23,CUST00744,33.0,Male,North,Beauty,Nail Polish,3,56.65,0,169.95,169.95,Cash on Delivery,2.0
ORD101045,2023-06-23,CUST00935,18.0,Female,North,Electronics,Smartwatch,2,148.05,10,296.1,266.49,Cash on Delivery,3.0
ORD101046,2023-06-24,CUST00474,43.0,Male,Central,Apparel,Baseball Cap,1,73.12,5,73.12,69.46,Credit Card,3.0
ORD101047,2023-06-24,CUST01115,27.0,Female,South,Apparel,Baseball Cap,1,17.92,15,17.92,15.23,UPI,4.0
ORD101048,2023-06-24,CUST01125,38.0,Female,West,Apparel,Yoga Pants,1,65.59,0,65.59,65.59,UPI,5.0
ORD101049,2023-06-24,CUST00701,39.0,Male,East,Beauty,Hair Dryer,2,38.27,0,76.54,76.54,Cash on Delivery,3.0
ORD101050,2023-06-24,CUST00994,43.0,Female,South,Beauty,Face Moisturizer,1,69.16,0,69.16,69.16,UPI,4.0
ORD101051,2023-06-24,CUST00662,38.0,Male,South,Home & Kitchen,Storage Bins,1,15.89,0,15.89,15.89,UPI,3.0
ORD101052,2023-06-24,CUST00401,34.0,Male,East,Books,Cookbook,1,16.32,0,16.32,16.32,Credit Card,4.0
ORD101053,2023-06-24,CUST00405,39.0,Other,Central,Sports & Outdoors,Dumbbell Set,1,144.32,10,144.32,129.89,Credit Card,3.0
ORD101058,2023-06-25,CUST00328,28.0,Male,North,Apparel,Women's Jeans,5,113.6,15,568.0,482.8,Debit Card,2.0
ORD101057,2023-06-25,CUST00122,60.0,Female,,Electronics,Wireless Earbuds,5,16.61,10,83.05,74.75,UPI,4.0
ORD101059,2023-06-25,CUST01004,30.0,Male,South,Apparel,Winter Jacket,1,36.64,10,36.64,32.98,Credit Card,5.0
ORD101055,2023-06-25,CUST00684,47.0,Female,South,Sports & Outdoors,Yoga Mat,1,93.59,0,93.59,93.59,Cash on Delivery,3.0
ORD101054,2023-06-25,CUST00640,18.0,Female,South,Home & Kitchen,Throw Pillow,2,134.89,10,269.78,242.8,Cash on Delivery,3.0
ORD101056,2023-06-25,CUST00193,25.0,Male,North,Home & Kitchen,Storage Bins,1,163.36,0,163.36,163.36,UPI,4.0
ORD101060,2023-06-26,CUST00581,18.0,Female,East,Sports & Outdoors,Resistance Bands,1,175.13,0,175.13,175.13,Credit Card,2.0
ORD101061,2023-06-26,CUST00920,27.0,Male,North,Electronics,Smartwatch,2,208.46,0,416.92,416.92,UPI,3.0
ORD101062,2023-06-26,CUST00579,18.0,Female,North,Apparel,Formal Shirt,5,78.94,15,394.7,335.5,UPI,3.0
ORD101068,2023-06-27,CUST00380,42.0,Female,West,Electronics,Smartwatch,1,96.32,20,96.32,77.06,Debit Card,4.0
ORD101066,2023-06-27,CUST01084,25.0,Female,West,Sports & Outdoors,Tennis Racket,1,186.65,0,186.65,186.65,UPI,3.0
ORD101067,2023-06-27,CUST00599,21.0,Male,North,Apparel,Yoga Pants,1,109.82,0,109.82,109.82,UPI,3.0
ORD101064,2023-06-27,CUST00508,27.0,Female,East,Apparel,Men's T-Shirt,1,119.08,0,119.08,119.08,UPI,2.0
ORD101063,2023-06-27,CUST00530,18.0,Female,North,Electronics,Wireless Earbuds,1,70.03,0,70.03,70.03,Cash on Delivery,2.0
ORD101065,2023-06-27,CUST00403,51.0,Male,Central,Home & Kitchen,Blender,2,123.59,25,247.18,185.38,UPI,3.0
ORD101069,2023-06-28,CUST00694,18.0,Male,East,Beauty,Lipstick Set,1,39.26,0,39.26,39.26,Cash on Delivery,4.0
ORD101070,2023-06-28,CUST00530,18.0,Female,Central,Beauty,Nail Polish,1,11.7,0,11.7,11.7,Net Banking,3.0
ORD101071,2023-06-28,CUST00992,32.0,Male,North,Electronics,Wireless Earbuds,1,158.52,5,158.52,150.59,UPI,5.0
ORD101072,2023-06-28,CUST00440,41.0,Female,North,Books,Cookbook,1,38.37,10,38.37,34.53,Credit Card,2.0
ORD101073,2023-06-28,CUST00642,22.0,Male,North,Apparel,Wool Sweater,1,88.18,5,88.18,83.77,Debit Card,3.0
ORD101074,2023-06-28,CUST00848,44.0,Female,Central,Beauty,Hair Dryer,1,53.48,0,53.48,53.48,Cash on Delivery,5.0
ORD101075,2023-06-28,CUST00868,18.0,Male,South,Home & Kitchen,Throw Pillow,1,38.34,0,38.34,38.34,Cash on Delivery,4.0
ORD101079,2023-06-29,CUST00509,38.0,Male,North,Electronics,Wireless Earbuds,4,88.22,0,352.88,352.88,UPI,3.0
ORD101078,2023-06-29,CUST00165,52.0,Female,East,Home & Kitchen,Throw Pillow,3,173.81,15,521.43,443.22,Credit Card,3.0
ORD101076,2023-06-29,CUST00394,43.0,Female,West,Home & Kitchen,Cutlery Set,2,20.72,0,41.44,41.44,UPI,3.0
ORD101077,2023-06-29,CUST00755,32.0,Male,East,Electronics,Laptop Stand,1,46.78,5,46.78,44.44,Debit Card,3.0
ORD101080,2023-06-30,CUST00928,48.0,Female,North,Electronics,Webcam,4,201.58,0,806.32,806.32,Credit Card,2.0
ORD101081,2023-06-30,CUST01052,18.0,Female,South,Electronics,Bluetooth Speaker,1,244.68,5,244.68,232.45,Cash on Delivery,5.0
ORD101082,2023-06-30,CUST00214,29.0,Female,South,Home & Kitchen,Blender,1,15.58,15,15.58,13.24,Credit Card,4.0
ORD101083,2023-06-30,CUST00784,34.0,Female,East,Home & Kitchen,Coffee Maker,4,100.27,0,401.08,401.08,Net Banking,
ORD101087,2023-07-01,CUST00083,41.0,Female,North,Electronics,Wireless Earbuds,3,151.9,10,455.7,410.13,Debit Card,3.0
ORD101084,2023-07-01,CUST00568,44.0,Female,South,Apparel,Women's Jeans,1,22.82,0,22.82,22.82,UPI,4.0
ORD101085,2023-07-01,CUST00139,40.0,Male,North,Beauty,Shampoo,1,77.18,15,77.18,65.6,Credit Card,2.0
ORD101086,2023-07-01,CUST00374,58.0,Female,South,Electronics,Laptop Stand,1,53.04,10,53.04,47.74,UPI,3.0
ORD101088,2023-07-01,CUST00982,18.0,Male,East,Electronics,Smartwatch,1,43.0,0,43.0,43.0,Credit Card,4.0
ORD101089,2023-07-02,CUST00903,,Male,North,Beauty,Nail Polish,1,79.56,0,79.56,79.56,Debit Card,5.0
ORD101090,2023-07-02,CUST00414,25.0,Male,North,Home & Kitchen,Non-stick Pan,1,95.36,0,95.36,95.36,UPI,5.0
ORD101091,2023-07-02,CUST00549,50.0,Male,Central,Apparel,Winter Jacket,3,18.81,0,56.43,56.43,UPI,5.0
ORD101092,2023-07-02,CUST00952,45.0,Male,Central,Beauty,Face Moisturizer,1,15.07,0,15.07,15.07,Net Banking,3.0
ORD101093,2023-07-02,CUST00907,43.0,Female,Central,Apparel,Formal Shirt,1,91.72,0,91.72,91.72,UPI,5.0
ORD101094,2023-07-02,CUST00011,54.0,Male,West,Books,Self-Help Guide,1,25.44,10,25.44,22.9,UPI,3.0
ORD101099,2023-07-03,CUST01050,49.0,Male,North,Apparel,Women's Jeans,2,16.48,0,32.96,32.96,Cash on Delivery,3.0
ORD101098,2023-07-03,CUST00855,18.0,Female,West,Sports & Outdoors,Tennis Racket,1,156.65,5,156.65,148.82,UPI,3.0
ORD101095,2023-07-03,CUST00396,46.0,Other,West,Apparel,Yoga Pants,1,104.0,0,104.0,104.0,Credit Card,5.0
ORD101096,2023-07-03,CUST00282,26.0,Male,South,Beauty,Lipstick Set,1,69.57,0,69.57,69.57,UPI,4.0
ORD101097,2023-07-03,CUST00563,51.0,Female,North,Electronics,Power Bank,2,18.18,0,36.36,36.36,UPI,4.0
ORD101100,2023-07-04,CUST00280,24.0,Female,West,Home & Kitchen,Air Fryer,2,13.84,0,27.68,27.68,Cash on Delivery,4.0
ORD101101,2023-07-04,CUST00947,45.0,Male,North,Electronics,Power Bank,2,111.51,5,223.02,211.87,Credit Card,2.0
ORD101102,2023-07-04,CUST00207,18.0,Female,Central,Electronics,Bluetooth Speaker,1,242.7,0,242.7,242.7,Credit Card,2.0
ORD101103,2023-07-04,CUST00838,23.0,Female,West,Beauty,Shampoo,1,38.89,0,38.89,38.89,UPI,5.0
ORD101104,2023-07-04,CUST00881,25.0,Male,North,Books,Comic Book,1,33.57,0,33.57,33.57,Debit Card,5.0
ORD101107,2023-07-05,CUST01157,26.0,Male,North,Apparel,Men's T-Shirt,1,19.01,0,19.01,19.01,Credit Card,3.0
ORD101108,2023-07-05,CUST01100,58.0,Female,East,Beauty,Face Moisturizer,1,17.96,0,17.96,17.96,Net Banking,4.0
ORD101105,2023-07-05,CUST00416,41.0,Female,East,Books,Biography,2,11.39,0,22.78,22.78,Debit Card,3.0
ORD101106,2023-07-05,CUST00745,35.0,Female,North,Apparel,Winter Jacket,2,94.43,0,188.86,188.86,Credit Card,2.0
ORD101109,2023-07-06,CUST01031,23.0,Female,South,Books,Biography,2,26.17,0,52.34,52.34,UPI,3.0
ORD101110,2023-07-06,CUST00693,42.0,Female,West,Electronics,Laptop Stand,1,217.29,0,217.29,217.29,Debit Card,3.0
ORD101111,2023-07-06,CUST00060,25.0,Female,Central,Apparel,Men's T-Shirt,2,99.83,0,199.66,199.66,Debit Card,5.0
ORD101115,2023-07-07,CUST01124,49.0,Male,North,Apparel,Formal Shirt,1,80.31,0,80.31,80.31,Credit Card,4.0
ORD101112,2023-07-07,CUST00649,,Male,North,Sports & Outdoors,Water Bottle,2,126.38,0,252.76,252.76,Cash on Delivery,5.0
ORD101113,2023-07-07,CUST00557,43.0,Female,North,Apparel,Running Shoes,1,86.1,0,86.1,86.1,Debit Card,5.0
ORD101114,2023-07-07,CUST00744,33.0,Male,South,Apparel,Women's Jeans,2,89.46,5,178.92,169.97,Cash on Delivery,3.0
ORD101118,2023-07-08,CUST01032,21.0,Female,East,Electronics,Wireless Earbuds,1,188.86,0,188.86,188.86,UPI,4.0
ORD101116,2023-07-08,CUST01029,45.0,Male,West,Apparel,Baseball Cap,1,78.26,0,78.26,78.26,Debit Card,4.0
ORD101117,2023-07-08,CUST00653,42.0,Female,East,Electronics,Bluetooth Speaker,1,115.88,20,115.88,92.7,Credit Card,3.0
ORD101119,2023-07-09,CUST00313,31.0,Female,South,Apparel,Yoga Pants,1,64.81,0,64.81,64.81,UPI,4.0
ORD101120,2023-07-09,CUST00044,28.0,Female,North,Electronics,Power Bank,1,166.11,0,166.11,166.11,Debit Card,3.0
ORD101121,2023-07-09,CUST00295,34.0,Male,South,Beauty,Lipstick Set,1,34.56,0,34.56,34.56,Debit Card,5.0
ORD101122,2023-07-09,CUST00022,25.0,Male,North,Books,Biography,4,21.24,0,84.96,84.96,Cash on Delivery,5.0
ORD101123,2023-07-09,CUST00180,41.0,Male,East,Home & Kitchen,Blender,1,48.74,0,48.74,48.74,Debit Card,
ORD101124,2023-07-09,CUST00661,55.0,Male,East,Electronics,Bluetooth Speaker,1,164.95,0,164.95,164.95,UPI,5.0
ORD101125,2023-07-09,CUST00916,66.0,Female,East,Electronics,Smartphone Case,1,161.94,0,161.94,161.94,UPI,3.0
ORD101126,2023-07-09,CUST01151,,Female,North,Electronics,Smartwatch,1,244.29,0,244.29,244.29,Net Banking,3.0
ORD101127,2023-07-09,CUST00514,26.0,Male,South,Sports & Outdoors,Resistance Bands,1,77.85,5,77.85,73.96,UPI,2.0
ORD101128,2023-07-10,CUST01034,24.0,Female,North,Sports & Outdoors,Camping Tent,3,37.83,0,113.49,113.49,Credit Card,3.0
ORD101129,2023-07-10,CUST00366,20.0,Female,South,Electronics,Webcam,2,122.45,0,244.9,244.9,Debit Card,5.0
ORD101130,2023-07-10,CUST00534,,Female,West,Sports & Outdoors,Cycling Helmet,1,140.29,0,140.29,140.29,Debit Card,3.0
ORD101131,2023-07-10,CUST00681,28.0,Male,West,Home & Kitchen,Throw Pillow,1,152.53,0,152.53,152.53,Net Banking,4.0
ORD101135,2023-07-11,CUST00317,29.0,Female,Central,Beauty,Nail Polish,2,55.16,0,110.32,110.32,UPI,3.0
ORD101134,2023-07-11,CUST00095,49.0,Male,North,Electronics,Smartphone Case,4,22.8,0,91.2,91.2,Debit Card,
ORD101136,2023-07-11,CUST00841,55.0,Male,North,Sports & Outdoors,Resistance Bands,1,56.17,0,56.17,56.17,Debit Card,4.0
ORD101132,2023-07-11,CUST00311,45.0,Female,West,Beauty,Shampoo,1,56.69,5,56.69,53.86,UPI,5.0
ORD101133,2023-07-11,CUST00946,18.0,Female,North,Electronics,USB-C Cable,1,72.86,5,72.86,69.22,Debit Card,5.0
ORD101147,2023-07-12,CUST00273,32.0,Female,South,Sports & Outdoors,Tennis Racket,2,164.03,0,328.06,328.06,UPI,4.0
ORD101146,2023-07-12,CUST00462,57.0,Male,East,Books,Children's Storybook,2,27.69,10,55.38,49.84,Debit Card,4.0
ORD101145,2023-07-12,CUST00879,32.0,Female,East,Beauty,Nail Polish,1,16.9,0,16.9,16.9,UPI,3.0
ORD101144,2023-07-12,CUST00096,27.0,Male,North,Beauty,Nail Polish,2,77.47,0,154.94,154.94,Debit Card,4.0
ORD101143,2023-07-12,CUST00152,25.0,Male,West,Electronics,Smartwatch,2,80.89,5,161.78,153.69,Credit Card,4.0
ORD101137,2023-07-12,CUST00282,26.0,Male,South,Beauty,Sunscreen SPF50,1,64.32,0,64.32,64.32,UPI,4.0
ORD101141,2023-07-12,CUST00604,39.0,Female,North,Apparel,Winter Jacket,1,64.11,15,64.11,54.49,Debit Card,5.0
ORD101140,2023-07-12,CUST00101,30.0,Female,South,Home & Kitchen,Coffee Maker,3,149.8,0,449.4,449.4,UPI,3.0
ORD101139,2023-07-12,CUST00077,26.0,Female,South,Beauty,Sunscreen SPF50,1,45.57,10,45.57,41.01,UPI,4.0
ORD101138,2023-07-12,CUST00664,53.0,Female,West,Beauty,Facial Serum,1,37.8,0,37.8,37.8,Credit Card,3.0
ORD101142,2023-07-12,CUST00037,24.0,Female,North,Apparel,Wool Sweater,2,91.11,0,182.22,182.22,Credit Card,5.0
ORD101148,2023-07-13,CUST00363,41.0,Male,West,Home & Kitchen,LED Desk Lamp,1,134.95,5,134.95,128.2,UPI,3.0
ORD101149,2023-07-13,CUST00032,18.0,Male,East,Books,Business Book,1,28.5,0,28.5,28.5,Cash on Delivery,4.0
ORD101150,2023-07-13,CUST00402,28.0,Male,Central,Home & Kitchen,LED Desk Lamp,1,83.92,0,83.92,83.92,UPI,3.0
ORD101157,2023-07-14,CUST00530,18.0,Female,West,Home & Kitchen,Storage Bins,3,74.06,0,222.18,222.18,Credit Card,5.0
ORD101156,2023-07-14,CUST00832,18.0,Male,East,Home & Kitchen,LED Desk Lamp,1,90.99,0,90.99,90.99,UPI,4.0
ORD101154,2023-07-14,CUST01032,21.0,Female,North,Apparel,Running Shoes,2,69.5,10,139.0,125.1,UPI,4.0
ORD101155,2023-07-14,CUST00330,26.0,Male,South,Apparel,Formal Shirt,2,36.38,0,72.76,72.76,UPI,3.0
ORD101152,2023-07-14,CUST00283,19.0,Female,East,Beauty,Perfume,1,89.42,10,89.42,80.48,Credit Card,4.0
ORD101151,2023-07-14,CUST00233,39.0,Female,West,Beauty,Face Moisturizer,1,62.59,5,62.59,59.46,UPI,4.0
ORD101153,2023-07-14,CUST00602,27.0,Other,South,Electronics,USB-C Cable,1,15.16,15,15.16,12.89,Credit Card,3.0
ORD101159,2023-07-15,CUST00792,35.0,Female,East,Home & Kitchen,Coffee Maker,2,100.28,0,200.56,200.56,UPI,3.0
ORD101158,2023-07-15,CUST00522,58.0,Female,Central,Apparel,Running Shoes,1,87.21,0,87.21,87.21,Credit Card,3.0
ORD101160,2023-07-15,CUST01143,45.0,Female,Central,Beauty,Perfume,1,87.6,0,87.6,87.6,Debit Card,4.0
ORD101161,2023-07-15,CUST00084,26.0,Female,North,Home & Kitchen,Non-stick Pan,1,172.86,0,172.86,172.86,UPI,2.0
ORD101162,2023-07-15,CUST00259,49.0,Female,East,Home & Kitchen,Storage Bins,1,121.89,10,121.89,109.7,UPI,4.0
ORD101166,2023-07-16,CUST00595,18.0,Other,West,Home & Kitchen,Throw Pillow,1,82.31,0,82.31,82.31,Credit Card,3.0
ORD101165,2023-07-16,CUST00469,21.0,Male,East,Books,Children's Storybook,1,6.0,25,6.0,4.5,Credit Card,4.0
ORD101163,2023-07-16,CUST00897,35.0,Male,Central,Electronics,Wireless Earbuds,1,207.97,0,207.97,207.97,Credit Card,3.0
ORD101164,2023-07-16,CUST00002,22.0,Female,Central,Home & Kitchen,Throw Pillow,1,36.74,0,36.74,36.74,Credit Card,4.0
ORD101167,2023-07-17,CUST00847,21.0,Other,North,Electronics,Power Bank,1,146.01,0,146.01,146.01,UPI,4.0
ORD101168,2023-07-17,CUST00401,34.0,Male,Central,Electronics,Bluetooth Speaker,1,233.31,15,233.31,198.31,Net Banking,5.0
ORD101169,2023-07-17,CUST00414,25.0,Male,North,Beauty,Sunscreen SPF50,1,73.14,20,73.14,58.51,Cash on Delivery,2.0
ORD101170,2023-07-17,CUST00072,57.0,Female,Central,Home & Kitchen,Blender,2,19.39,0,38.78,38.78,Credit Card,4.0
ORD101171,2023-07-17,CUST01178,26.0,Male,West,Apparel,Wool Sweater,2,49.02,10,98.04,88.24,UPI,3.0
ORD101179,2023-07-18,CUST00235,47.0,Male,South,Sports & Outdoors,Hiking Backpack,1,66.19,0,66.19,66.19,Debit Card,
ORD101178,2023-07-18,CUST00574,46.0,Male,West,Home & Kitchen,Blender,2,105.61,0,211.22,211.22,Debit Card,2.0
ORD101177,2023-07-18,CUST00371,39.0,Male,East,Home & Kitchen,Cutlery Set,2,78.02,15,156.04,132.63,Cash on Delivery,2.0
ORD101176,2023-07-18,CUST00171,27.0,Other,South,Sports & Outdoors,Hiking Backpack,1,76.55,5,76.55,72.72,UPI,4.0
ORD101175,2023-07-18,CUST00094,36.0,Male,Central,Apparel,Men's T-Shirt,1,110.06,0,110.06,110.06,Debit Card,1.0
ORD101173,2023-07-18,CUST00698,18.0,Male,North,Electronics,Smartphone Case,1,204.01,0,204.01,204.01,UPI,4.0
ORD101172,2023-07-18,CUST00537,36.0,Male,North,Apparel,Men's T-Shirt,2,64.3,0,128.6,128.6,UPI,4.0
ORD101174,2023-07-18,CUST00285,21.0,Female,South,Home & Kitchen,Storage Bins,1,86.49,0,86.49,86.49,Credit Card,3.0
ORD101180,2023-07-19,CUST00936,42.0,Female,North,Beauty,Facial Serum,1,78.09,0,78.09,78.09,UPI,4.0
ORD101181,2023-07-19,CUST00212,41.0,Male,West,Apparel,Yoga Pants,1,92.9,5,92.9,88.26,Credit Card,4.0
ORD101182,2023-07-19,CUST00709,30.0,Female,North,Electronics,Wireless Earbuds,1,198.44,0,198.44,198.44,UPI,2.0
ORD101183,2023-07-20,CUST00843,39.0,Male,South,Electronics,Smartwatch,2,195.01,0,390.02,390.02,Net Banking,4.0
ORD101184,2023-07-20,CUST00724,,Female,Central,Home & Kitchen,LED Desk Lamp,2,101.52,0,203.04,203.04,Cash on Delivery,3.0
ORD101185,2023-07-20,CUST01087,42.0,Female,West,Beauty,Shampoo,2,12.56,25,25.12,18.84,UPI,3.0
ORD101186,2023-07-20,CUST00425,31.0,Male,North,Books,Fiction Novel,1,30.0,0,30.0,30.0,UPI,3.0
ORD101187,2023-07-20,CUST00901,32.0,Male,West,Beauty,Perfume,1,14.35,15,14.35,12.2,Debit Card,4.0
ORD101188,2023-07-20,CUST00346,19.0,Male,Central,Apparel,Running Shoes,4,75.68,0,302.72,302.72,Credit Card,3.0
ORD101189,2023-07-20,CUST00186,37.0,Male,,Home & Kitchen,Non-stick Pan,1,139.14,0,139.14,139.14,Credit Card,4.0
ORD101197,2023-07-21,CUST01076,28.0,Male,North,Apparel,Wool Sweater,1,40.2,0,40.2,40.2,Cash on Delivery,5.0
ORD101196,2023-07-21,CUST01091,41.0,Male,West,Apparel,Wool Sweater,1,43.37,0,43.37,43.37,UPI,3.0
ORD101195,2023-07-21,CUST00441,45.0,Female,North,Beauty,Sunscreen SPF50,2,73.81,0,147.62,147.62,Debit Card,3.0
ORD101194,2023-07-21,CUST01185,25.0,Female,East,Beauty,Sunscreen SPF50,1,34.87,0,34.87,34.87,Credit Card,3.0
ORD101192,2023-07-21,CUST00574,46.0,Male,North,Home & Kitchen,LED Desk Lamp,1,31.51,0,31.51,31.51,Debit Card,2.0
ORD101191,2023-07-21,CUST00438,19.0,Female,North,Apparel,Running Shoes,2,115.99,0,231.98,231.98,Net Banking,3.0
ORD101190,2023-07-21,CUST00309,31.0,Female,West,Apparel,Formal Shirt,1,79.35,10,79.35,71.41,Net Banking,5.0
ORD101193,2023-07-21,CUST00690,30.0,Female,West,Apparel,Baseball Cap,5,37.22,10,186.1,167.49,UPI,3.0
ORD101203,2023-07-22,CUST00848,44.0,Female,South,Electronics,Laptop Stand,1,147.87,20,147.87,118.3,UPI,1.0
ORD101198,2023-07-22,CUST01111,40.0,Male,North,Electronics,Bluetooth Speaker,1,80.97,0,80.97,80.97,UPI,
ORD101199,2023-07-22,CUST00166,34.0,Other,South,Beauty,Perfume,2,78.89,0,157.78,157.78,Credit Card,4.0
ORD101200,2023-07-22,CUST00245,38.0,Female,East,Sports & Outdoors,Hiking Backpack,1,51.5,15,51.5,43.78,Cash on Delivery,3.0
ORD101201,2023-07-22,CUST00275,44.0,Male,South,Apparel,Running Shoes,3,70.98,25,212.94,159.7,Cash on Delivery,3.0
ORD101202,2023-07-22,CUST00489,41.0,Male,,Electronics,Webcam,3,217.0,15,651.0,553.35,Credit Card,3.0
ORD101204,2023-07-23,CUST00862,29.0,Male,West,Sports & Outdoors,Yoga Mat,1,60.1,15,60.1,51.08,Debit Card,4.0
ORD101205,2023-07-23,CUST00286,32.0,Male,North,Electronics,Wireless Earbuds,1,212.78,5,212.78,202.14,Debit Card,2.0
ORD101206,2023-07-23,CUST00025,27.0,Female,West,Electronics,Laptop Stand,1,162.33,0,162.33,162.33,Debit Card,3.0
ORD101207,2023-07-23,CUST00734,31.0,Female,West,Beauty,Hair Dryer,1,20.11,5,20.11,19.1,UPI,3.0
ORD101210,2023-07-24,CUST00492,41.0,Female,East,Home & Kitchen,Throw Pillow,1,143.12,0,143.12,143.12,Credit Card,5.0
ORD101211,2023-07-24,CUST00286,32.0,Male,North,Sports & Outdoors,Camping Tent,1,48.25,0,48.25,48.25,Debit Card,3.0
ORD101208,2023-07-24,CUST00582,38.0,Female,Central,Beauty,Perfume,1,71.45,0,71.45,71.45,Credit Card,2.0
ORD101209,2023-07-24,CUST00705,40.0,Male,North,Electronics,Smartphone Case,3,175.03,0,525.09,525.09,Debit Card,3.0
ORD101214,2023-07-25,CUST00012,32.0,Male,East,Apparel,Men's T-Shirt,4,66.74,0,266.96,266.96,Credit Card,3.0
ORD101215,2023-07-25,CUST00514,26.0,Male,Central,Beauty,Facial Serum,1,10.11,0,10.11,10.11,Debit Card,3.0
ORD101212,2023-07-25,CUST00078,29.0,Female,South,Beauty,Sunscreen SPF50,1,34.37,5,34.37,32.65,Credit Card,4.0
ORD101213,2023-07-25,CUST00093,33.0,Male,North,Electronics,USB-C Cable,1,31.63,0,31.63,31.63,Cash on Delivery,5.0
ORD101216,2023-07-26,CUST00885,60.0,Male,West,Home & Kitchen,Air Fryer,1,78.5,0,78.5,78.5,Debit Card,4.0
ORD101217,2023-07-26,CUST00103,44.0,Female,West,Apparel,Formal Shirt,1,119.94,0,119.94,119.94,UPI,3.0
ORD101218,2023-07-26,CUST00329,18.0,Male,East,Home & Kitchen,Storage Bins,1,51.74,15,51.74,43.98,Debit Card,2.0
ORD101219,2023-07-26,CUST01049,59.0,Male,North,Electronics,Smartphone Case,1,190.84,0,190.84,190.84,Cash on Delivery,3.0
ORD101220,2023-07-26,CUST00027,54.0,Male,East,Home & Kitchen,Coffee Maker,1,48.01,25,48.01,36.01,Debit Card,5.0
ORD101221,2023-07-26,CUST01033,48.0,Male,East,Sports & Outdoors,Hiking Backpack,2,25.31,0,50.62,50.62,Cash on Delivery,2.0
ORD101223,2023-07-26,CUST00559,24.0,Other,East,Electronics,Bluetooth Speaker,2,179.4,5,358.8,340.86,Debit Card,2.0
ORD101224,2023-07-26,CUST00175,39.0,Male,Central,Sports & Outdoors,Dumbbell Set,4,98.51,20,394.04,315.23,UPI,4.0
ORD101222,2023-07-26,CUST00809,18.0,Female,North,Electronics,USB-C Cable,1,34.44,15,34.44,29.27,Credit Card,3.0
ORD101225,2023-07-27,CUST01159,36.0,Male,Central,Apparel,Winter Jacket,4,46.13,25,184.52,138.39,Credit Card,4.0
ORD101226,2023-07-27,CUST00941,18.0,Male,East,Books,Biography,1,33.75,25,33.75,25.31,UPI,3.0
ORD101227,2023-07-27,CUST00809,18.0,Female,South,Sports & Outdoors,Yoga Mat,2,102.2,0,204.4,204.4,Credit Card,4.0
ORD101228,2023-07-27,CUST00250,51.0,Male,East,Apparel,Wool Sweater,1,89.36,0,89.36,89.36,Credit Card,5.0
ORD101234,2023-07-28,CUST00140,29.0,Male,West,Sports & Outdoors,Tennis Racket,3,86.79,0,260.37,260.37,Credit Card,5.0
ORD101235,2023-07-28,CUST00736,18.0,Male,West,Beauty,Perfume,1,54.95,0,54.95,54.95,UPI,3.0
ORD101236,2023-07-28,CUST00037,24.0,Female,West,Sports & Outdoors,Camping Tent,1,108.97,20,108.97,87.18,UPI,3.0
ORD101233,2023-07-28,CUST00534,18.0,Female,East,Electronics,Smartphone Case,3,211.64,0,634.92,634.92,UPI,3.0
ORD101231,2023-07-28,CUST00055,51.0,Male,West,Apparel,Winter Jacket,2,106.78,10,213.56,192.2,Debit Card,4.0
ORD101230,2023-07-28,CUST00406,20.0,Male,East,Apparel,Men's T-Shirt,1,106.22,0,106.22,106.22,Net Banking,5.0
ORD101229,2023-07-28,CUST00070,45.0,Female,North,Beauty,Hair Dryer,1,43.84,5,43.84,41.65,UPI,4.0
ORD101232,2023-07-28,CUST01018,18.0,Female,West,Electronics,Power Bank,2,103.81,5,207.62,197.24,Debit Card,4.0
ORD101237,2023-07-29,CUST00675,22.0,Male,South,Apparel,Wool Sweater,1,82.72,10,82.72,74.45,UPI,3.0
ORD101238,2023-07-29,CUST00466,43.0,Female,West,Electronics,Wireless Earbuds,1,96.99,0,96.99,96.99,UPI,4.0
ORD101239,2023-07-29,CUST00966,41.0,Male,Central,Home & Kitchen,Cutlery Set,1,177.25,0,177.25,177.25,Credit Card,
ORD101240,2023-07-29,CUST00005,,Male,West,Electronics,Webcam,3,232.71,0,698.13,698.13,Credit Card,4.0
ORD101241,2023-07-29,CUST00724,32.0,Female,South,Home & Kitchen,Non-stick Pan,1,47.68,0,47.68,47.68,UPI,5.0
ORD101245,2023-07-30,CUST00639,39.0,Female,South,Sports & Outdoors,Hiking Backpack,1,96.02,0,96.02,96.02,Debit Card,5.0
ORD101244,2023-07-30,CUST00723,52.0,Female,West,Apparel,Wool Sweater,1,17.05,0,17.05,17.05,Debit Card,4.0
ORD101243,2023-07-30,CUST00232,34.0,Female,North,Sports & Outdoors,Dumbbell Set,1,145.48,0,145.48,145.48,Credit Card,4.0
ORD101242,2023-07-30,CUST00907,43.0,Female,South,Home & Kitchen,Blender,1,41.4,0,41.4,41.4,Cash on Delivery,4.0
ORD101246,2023-07-31,CUST00119,40.0,Female,South,Books,Business Book,1,10.97,0,10.97,10.97,Credit Card,4.0
ORD101247,2023-07-31,CUST01048,36.0,Female,South,Electronics,Wireless Earbuds,1,46.33,0,46.33,46.33,Cash on Delivery,
ORD101248,2023-07-31,CUST00059,38.0,Male,South,Electronics,Webcam,1,147.85,0,147.85,147.85,Debit Card,3.0
ORD101249,2023-08-01,CUST00534,18.0,Female,South,Home & Kitchen,Throw Pillow,3,176.67,0,530.01,530.01,Debit Card,4.0
ORD101250,2023-08-01,CUST00276,46.0,Female,North,Electronics,USB-C Cable,1,28.91,0,28.91,28.91,Cash on Delivery,2.0
ORD101251,2023-08-01,CUST00599,21.0,Male,North,Apparel,Running Shoes,2,16.75,0,33.5,33.5,Credit Card,2.0
ORD101255,2023-08-02,CUST00332,31.0,Male,Central,Electronics,Webcam,1,132.96,0,132.96,132.96,UPI,3.0
ORD101254,2023-08-02,CUST01010,40.0,Male,Central,Electronics,Smartphone Case,1,75.81,0,75.81,75.81,Debit Card,5.0
ORD101252,2023-08-02,CUST01057,35.0,Male,East,Apparel,Winter Jacket,1,73.8,20,73.8,59.04,Debit Card,4.0
ORD101253,2023-08-02,CUST00503,18.0,Male,South,Beauty,Perfume,1,43.85,0,43.85,43.85,Debit Card,3.0
ORD101256,2023-08-03,CUST00533,36.0,Male,West,Electronics,Laptop Stand,1,105.35,25,105.35,79.01,Cash on Delivery,3.0
ORD101264,2023-08-04,CUST00202,32.0,Male,South,Apparel,Women's Jeans,1,112.83,0,112.83,112.83,Credit Card,4.0
ORD101262,2023-08-04,CUST00241,20.0,Male,South,Electronics,Power Bank,1,103.71,0,103.71,103.71,Debit Card,2.0
ORD101261,2023-08-04,CUST01035,47.0,Female,West,Home & Kitchen,Throw Pillow,4,33.44,0,133.76,133.76,Credit Card,3.0
ORD101263,2023-08-04,CUST01027,37.0,Female,Central,Electronics,Wireless Earbuds,1,31.9,5,31.9,30.3,Cash on Delivery,4.0
ORD101259,2023-08-04,CUST00811,57.0,Male,South,Home & Kitchen,LED Desk Lamp,1,137.64,0,137.64,137.64,UPI,4.0
ORD101258,2023-08-04,CUST00230,48.0,Female,South,Home & Kitchen,Blender,1,51.87,15,51.87,44.09,Credit Card,4.0
ORD101257,2023-08-04,CUST01182,32.0,Female,Central,Home & Kitchen,Cutlery Set,2,147.6,0,295.2,295.2,Debit Card,3.0
ORD101260,2023-08-04,CUST00487,48.0,Other,North,Apparel,Wool Sweater,1,81.74,0,81.74,81.74,UPI,5.0
ORD101265,2023-08-05,CUST01064,18.0,Other,West,Electronics,Smartwatch,1,110.35,0,110.35,110.35,UPI,2.0
ORD101266,2023-08-05,CUST00345,34.0,Male,North,Sports & Outdoors,Hiking Backpack,1,130.28,0,130.28,130.28,Credit Card,4.0
ORD101267,2023-08-05,CUST01186,38.0,Male,South,Apparel,Women's Jeans,1,109.07,0,109.07,109.07,UPI,4.0
ORD101268,2023-08-05,CUST00623,48.0,Male,Central,Beauty,Sunscreen SPF50,1,32.18,0,32.18,32.18,UPI,4.0
ORD101269,2023-08-05,CUST00707,32.0,Female,East,Beauty,Sunscreen SPF50,1,28.5,10,28.5,25.65,Credit Card,4.0
ORD101276,2023-08-06,CUST00017,28.0,Male,East,Apparel,Running Shoes,1,48.01,10,48.01,43.21,UPI,4.0
ORD101277,2023-08-06,CUST00281,58.0,Female,North,Home & Kitchen,Cutlery Set,1,98.45,10,98.45,88.6,Cash on Delivery,4.0
ORD101275,2023-08-06,CUST00542,30.0,Other,North,Electronics,USB-C Cable,1,17.62,0,17.62,17.62,Debit Card,3.0
ORD101274,2023-08-06,CUST01047,39.0,Female,East,Electronics,Power Bank,2,220.4,0,440.8,440.8,Credit Card,2.0
ORD101272,2023-08-06,CUST00846,18.0,Male,North,Electronics,Bluetooth Speaker,1,143.06,0,143.06,143.06,UPI,3.0
ORD101271,2023-08-06,CUST00719,24.0,Male,South,Home & Kitchen,Cutlery Set,2,80.43,0,160.86,160.86,Credit Card,3.0
ORD101270,2023-08-06,CUST00622,37.0,Male,North,Home & Kitchen,Cutlery Set,4,97.79,10,391.16,352.04,Cash on Delivery,4.0
ORD101273,2023-08-06,CUST00076,49.0,Female,Central,Home & Kitchen,Coffee Maker,1,144.09,10,144.09,129.68,Cash on Delivery,5.0
ORD101278,2023-08-07,CUST00771,18.0,Female,West,Home & Kitchen,Storage Bins,1,108.81,0,108.81,108.81,Cash on Delivery,5.0
ORD101279,2023-08-07,CUST00234,38.0,Male,Central,Electronics,USB-C Cable,2,78.42,0,156.84,156.84,Credit Card,4.0
ORD101284,2023-08-08,CUST00896,36.0,Male,,Beauty,Hair Dryer,3,67.63,10,202.89,182.6,Debit Card,5.0
ORD101289,2023-08-08,CUST01112,42.0,Male,East,Books,Cookbook,4,39.65,0,158.6,158.6,Cash on Delivery,5.0
ORD101288,2023-08-08,CUST00194,26.0,Female,North,Apparel,Formal Shirt,2,22.45,0,44.9,44.9,Debit Card,3.0
ORD101287,2023-08-08,CUST01189,40.0,Male,West,Beauty,Sunscreen SPF50,1,75.78,0,75.78,75.78,UPI,4.0
ORD101286,2023-08-08,CUST01113,30.0,Male,West,Electronics,Bluetooth Speaker,1,229.59,5,229.59,218.11,Net Banking,4.0
ORD101282,2023-08-08,CUST00851,26.0,Female,West,Apparel,Baseball Cap,2,37.22,0,74.44,74.44,Credit Card,4.0
ORD101283,2023-08-08,CUST00211,36.0,Male,East,Home & Kitchen,Coffee Maker,1,38.38,0,38.38,38.38,UPI,3.0
ORD101290,2023-08-08,CUST01165,47.0,Female,North,Beauty,Nail Polish,1,81.81,0,81.81,81.81,Debit Card,5.0
ORD101281,2023-08-08,CUST01057,35.0,Male,South,Electronics,Bluetooth Speaker,1,107.74,0,107.74,107.74,Credit Card,3.0
ORD101280,2023-08-08,CUST00378,28.0,Other,Central,Electronics,Laptop Stand,1,159.12,10,159.12,143.21,UPI,3.0
ORD101285,2023-08-08,CUST00169,51.0,Female,West,Electronics,Smartphone Case,1,52.02,0,52.02,52.02,Credit Card,3.0
ORD101291,2023-08-08,CUST00538,53.0,Female,South,Electronics,Bluetooth Speaker,2,81.21,0,162.42,162.42,UPI,4.0
ORD101297,2023-08-09,CUST00687,31.0,Male,South,Sports & Outdoors,Dumbbell Set,1,74.46,0,74.46,74.46,UPI,4.0
ORD101298,2023-08-09,CUST01138,60.0,Female,West,Sports & Outdoors,Yoga Mat,1,61.59,0,61.59,61.59,Cash on Delivery,4.0
ORD101296,2023-08-09,CUST00434,46.0,Male,Central,Electronics,Bluetooth Speaker,2,137.49,0,274.98,274.98,UPI,4.0
ORD101294,2023-08-09,CUST00073,48.0,Male,South,Beauty,Shampoo,4,41.56,0,166.24,166.24,Cash on Delivery,3.0
ORD101293,2023-08-09,CUST00694,18.0,Male,North,Apparel,Winter Jacket,1,72.62,5,72.62,68.99,UPI,4.0
ORD101292,2023-08-09,CUST00749,21.0,Female,North,Sports & Outdoors,Dumbbell Set,1,81.29,5,81.29,77.23,Credit Card,5.0
ORD101295,2023-08-09,CUST00849,18.0,Female,North,Electronics,USB-C Cable,1,67.39,10,67.39,60.65,UPI,2.0
ORD101299,2023-08-10,CUST00925,40.0,Male,South,Beauty,Face Moisturizer,1,55.97,5,55.97,53.17,UPI,4.0
ORD101300,2023-08-10,CUST00266,19.0,Male,South,Electronics,Bluetooth Speaker,1,231.62,10,231.62,208.46,Credit Card,4.0
ORD101301,2023-08-10,CUST00430,34.0,Female,East,Apparel,Women's Jeans,1,83.79,0,83.79,83.79,Cash on Delivery,4.0
ORD101302,2023-08-11,CUST00180,41.0,Male,Central,Apparel,Winter Jacket,1,75.1,15,75.1,63.84,UPI,3.0
ORD101303,2023-08-11,CUST00794,32.0,Male,North,Beauty,Nail Polish,1,69.16,5,69.16,65.7,Credit Card,4.0
ORD101304,2023-08-11,CUST00429,47.0,Female,North,Apparel,Women's Jeans,1,114.21,0,114.21,114.21,Cash on Delivery,5.0
ORD101305,2023-08-12,CUST00499,44.0,Female,East,Electronics,Smartwatch,3,190.61,0,571.83,571.83,Cash on Delivery,2.0
ORD101306,2023-08-12,CUST00219,24.0,Female,East,Books,Mystery Thriller,2,36.75,0,73.5,73.5,Credit Card,4.0
ORD101307,2023-08-12,CUST00938,50.0,Other,South,Sports & Outdoors,Resistance Bands,1,142.52,0,142.52,142.52,Credit Card,4.0
ORD101308,2023-08-12,CUST00479,28.0,Female,Central,Sports & Outdoors,Hiking Backpack,1,145.31,5,145.31,138.04,Debit Card,2.0
ORD101309,2023-08-12,CUST01079,51.0,Female,East,Sports & Outdoors,Water Bottle,1,55.51,0,55.51,55.51,Credit Card,4.0
ORD101310,2023-08-12,CUST00148,40.0,Female,South,Electronics,Laptop Stand,1,208.84,5,208.84,198.4,Debit Card,4.0
ORD101314,2023-08-13,CUST00427,50.0,Female,South,Electronics,Smartphone Case,3,41.67,0,125.01,125.01,UPI,3.0
ORD101313,2023-08-13,CUST00124,46.0,Female,Central,Home & Kitchen,Air Fryer,1,165.89,0,165.89,165.89,UPI,4.0
ORD101311,2023-08-13,CUST00568,44.0,Female,West,Home & Kitchen,Blender,1,28.57,0,28.57,28.57,Cash on Delivery,
ORD101312,2023-08-13,CUST00905,47.0,Female,South,Home & Kitchen,LED Desk Lamp,2,95.84,0,191.68,191.68,Credit Card,2.0
ORD101322,2023-08-14,CUST00889,34.0,Male,Central,Beauty,Perfume,1,76.38,0,76.38,76.38,Credit Card,5.0
ORD101315,2023-08-14,CUST00877,39.0,Female,South,Home & Kitchen,Cutlery Set,1,91.95,0,91.95,91.95,Credit Card,3.0
ORD101316,2023-08-14,CUST01097,32.0,Male,North,Electronics,Smartphone Case,1,183.68,15,183.68,156.13,Cash on Delivery,5.0
ORD101317,2023-08-14,CUST00754,43.0,Female,South,Sports & Outdoors,Dumbbell Set,2,90.97,5,181.94,172.84,Debit Card,4.0
ORD101318,2023-08-14,CUST00867,37.0,Male,West,Electronics,Power Bank,1,204.79,0,204.79,204.79,Cash on Delivery,2.0
ORD101319,2023-08-14,CUST00322,30.0,Male,West,Apparel,Running Shoes,1,12.52,0,12.52,12.52,Credit Card,4.0
ORD101320,2023-08-14,CUST00488,29.0,Female,South,Sports & Outdoors,Tennis Racket,1,151.87,20,151.87,121.5,Credit Card,4.0
ORD101321,2023-08-14,CUST01198,27.0,Male,South,Electronics,Power Bank,3,187.56,0,562.68,562.68,Credit Card,5.0
ORD101323,2023-08-14,CUST00584,18.0,Female,North,Books,Business Book,2,28.77,0,57.54,57.54,Debit Card,3.0
ORD101329,2023-08-15,CUST00572,40.0,Female,North,Apparel,Yoga Pants,1,74.74,0,74.74,74.74,Cash on Delivery,3.0
ORD101328,2023-08-15,CUST01113,30.0,Male,South,Books,Biography,1,23.39,0,23.39,23.39,Cash on Delivery,4.0
ORD101327,2023-08-15,CUST00542,30.0,Other,Central,Electronics,USB-C Cable,2,122.37,5,244.74,232.5,UPI,3.0
ORD101330,2023-08-15,CUST00026,28.0,Male,North,Electronics,USB-C Cable,1,199.71,25,199.71,149.78,Debit Card,3.0
ORD101325,2023-08-15,CUST00362,22.0,Female,South,Electronics,Bluetooth Speaker,2,205.74,15,411.48,349.76,Debit Card,4.0
ORD101324,2023-08-15,CUST00417,37.0,Female,West,Sports & Outdoors,Dumbbell Set,1,186.05,0,186.05,186.05,UPI,5.0
ORD101326,2023-08-15,CUST00464,46.0,Other,North,Home & Kitchen,Non-stick Pan,3,73.68,0,221.04,221.04,UPI,4.0
ORD101331,2023-08-15,CUST01073,29.0,Female,West,Home & Kitchen,Coffee Maker,5,178.85,0,894.25,894.25,Cash on Delivery,4.0
ORD101336,2023-08-16,CUST00911,18.0,Male,South,Apparel,Women's Jeans,1,71.92,0,71.92,71.92,Cash on Delivery,5.0
ORD101334,2023-08-16,CUST00165,52.0,Female,West,Sports & Outdoors,Yoga Mat,1,65.34,10,65.34,58.81,UPI,3.0
ORD101335,2023-08-16,CUST00781,21.0,Male,South,Home & Kitchen,Air Fryer,1,116.18,0,116.18,116.18,Credit Card,2.0
ORD101332,2023-08-16,CUST00734,31.0,Female,Central,Electronics,Power Bank,1,247.47,0,247.47,247.47,Cash on Delivery,4.0
ORD101333,2023-08-16,CUST00314,35.0,Male,Central,Electronics,Power Bank,1,91.78,15,91.78,78.01,Debit Card,2.0
ORD101346,2023-08-17,CUST00098,44.0,Male,South,Apparel,Formal Shirt,1,59.99,0,59.99,59.99,Debit Card,4.0
ORD101344,2023-08-17,CUST01179,24.0,Female,West,Home & Kitchen,Air Fryer,1,121.88,0,121.88,121.88,Credit Card,4.0
ORD101343,2023-08-17,CUST00279,50.0,Male,North,Electronics,Webcam,1,165.82,0,165.82,165.82,Credit Card,4.0
ORD101342,2023-08-17,CUST00054,19.0,Female,South,Home & Kitchen,LED Desk Lamp,1,110.81,5,110.81,105.27,Credit Card,3.0
ORD101345,2023-08-17,CUST00066,21.0,Female,West,Apparel,Yoga Pants,1,76.22,20,76.22,60.98,Debit Card,4.0
ORD101340,2023-08-17,CUST00487,48.0,Other,,Beauty,Shampoo,2,57.73,25,115.46,86.6,Debit Card,4.0
ORD101339,2023-08-17,CUST01060,62.0,Female,,Apparel,Women's Jeans,1,74.72,5,74.72,70.98,UPI,5.0
ORD101338,2023-08-17,CUST00941,18.0,Male,South,Beauty,Sunscreen SPF50,1,35.27,10,35.27,31.74,Debit Card,4.0
ORD101337,2023-08-17,CUST01129,24.0,Female,West,Books,Children's Storybook,1,14.19,0,14.19,14.19,UPI,4.0
ORD101341,2023-08-17,CUST01104,18.0,Female,East,Electronics,Power Bank,1,95.38,10,95.38,85.84,Debit Card,5.0
ORD101347,2023-08-18,CUST00254,35.0,Female,East,Books,Comic Book,1,38.07,15,38.07,32.36,Credit Card,4.0
ORD101348,2023-08-18,CUST00944,51.0,Male,East,Beauty,Shampoo,1,16.11,0,16.11,16.11,Debit Card,3.0
ORD101349,2023-08-18,CUST00216,31.0,Male,West,Electronics,Smartphone Case,1,147.38,0,147.38,147.38,Debit Card,3.0
ORD101350,2023-08-18,CUST01016,43.0,Female,West,Electronics,Webcam,2,205.01,0,410.02,410.02,Credit Card,2.0
ORD101351,2023-08-18,CUST00164,28.0,Male,South,Electronics,Bluetooth Speaker,2,84.1,10,168.2,151.38,Debit Card,3.0
ORD101352,2023-08-18,CUST00775,34.0,Female,South,Home & Kitchen,Air Fryer,1,24.01,0,24.01,24.01,UPI,4.0
ORD101353,2023-08-18,CUST00770,38.0,Female,North,Apparel,Running Shoes,1,116.19,0,116.19,116.19,Debit Card,5.0
ORD101358,2023-08-19,CUST00228,30.0,Female,,Home & Kitchen,LED Desk Lamp,1,23.85,20,23.85,19.08,Cash on Delivery,3.0
ORD101359,2023-08-19,CUST00372,18.0,Female,West,Apparel,Running Shoes,1,72.58,15,72.58,61.69,Credit Card,3.0
ORD101357,2023-08-19,CUST00237,44.0,Female,Central,Electronics,Wireless Earbuds,1,186.57,10,186.57,167.91,Credit Card,3.0
ORD101354,2023-08-19,CUST00388,50.0,Female,South,Books,Biography,1,28.79,20,28.79,23.03,UPI,5.0
ORD101355,2023-08-19,CUST00064,31.0,Male,North,Home & Kitchen,Storage Bins,1,110.53,0,110.53,110.53,Credit Card,5.0
ORD101356,2023-08-19,CUST00712,18.0,Female,East,Home & Kitchen,Non-stick Pan,1,26.15,0,26.15,26.15,Debit Card,3.0
ORD101360,2023-08-20,CUST01045,22.0,Female,North,Apparel,Winter Jacket,5,86.02,10,430.1,387.09,Debit Card,3.0
ORD101361,2023-08-20,CUST01062,18.0,Female,East,Sports & Outdoors,Camping Tent,1,37.49,20,37.49,29.99,Debit Card,4.0
ORD101362,2023-08-20,CUST01086,30.0,Female,South,Electronics,Smartwatch,1,238.4,0,238.4,238.4,Debit Card,4.0
ORD101363,2023-08-20,CUST00890,18.0,Male,Central,Home & Kitchen,Throw Pillow,3,179.26,15,537.78,457.11,UPI,2.0
ORD101364,2023-08-20,CUST00236,44.0,Male,West,Electronics,Laptop Stand,2,91.8,0,183.6,183.6,Credit Card,5.0
ORD101365,2023-08-20,CUST00800,29.0,Female,Central,Beauty,Perfume,1,16.49,0,16.49,16.49,Credit Card,4.0
ORD101366,2023-08-21,CUST00933,24.0,Male,West,Electronics,Power Bank,1,164.7,0,164.7,164.7,Cash on Delivery,2.0
ORD101367,2023-08-21,CUST00053,52.0,Male,East,Electronics,Smartphone Case,2,205.38,0,410.76,410.76,Credit Card,4.0
ORD101368,2023-08-21,CUST00515,38.0,Male,Central,Electronics,Smartwatch,2,101.26,10,202.52,182.27,Cash on Delivery,5.0
ORD101369,2023-08-21,CUST00972,39.0,Female,North,Electronics,USB-C Cable,1,207.07,0,207.07,207.07,UPI,2.0
ORD101370,2023-08-21,CUST00174,37.0,Male,Central,Electronics,Laptop Stand,2,64.86,0,129.72,129.72,UPI,3.0
ORD101376,2023-08-22,CUST01009,46.0,Male,Central,Home & Kitchen,LED Desk Lamp,2,76.23,0,152.46,152.46,Cash on Delivery,5.0
ORD101375,2023-08-22,CUST01109,37.0,Male,Central,Beauty,Perfume,1,57.55,0,57.55,57.55,UPI,4.0
ORD101374,2023-08-22,CUST00987,30.0,Male,East,Electronics,USB-C Cable,2,52.59,0,105.18,105.18,Cash on Delivery,4.0
ORD101372,2023-08-22,CUST01158,24.0,Female,North,Sports & Outdoors,Cycling Helmet,1,57.29,0,57.29,57.29,Debit Card,4.0
ORD101371,2023-08-22,CUST00693,42.0,Female,West,Home & Kitchen,Cutlery Set,2,79.77,10,159.54,143.59,Debit Card,5.0
ORD101373,2023-08-22,CUST00907,43.0,Female,East,Apparel,Baseball Cap,1,13.5,10,13.5,12.15,Debit Card,3.0
ORD101377,2023-08-23,CUST00303,19.0,Female,South,Apparel,Women's Jeans,1,79.36,0,79.36,79.36,Credit Card,3.0
ORD101378,2023-08-23,CUST00020,55.0,Female,West,Beauty,Perfume,2,83.28,0,166.56,166.56,Net Banking,5.0
ORD101379,2023-08-23,CUST00900,36.0,Male,Central,Apparel,Men's T-Shirt,1,97.85,0,97.85,97.85,Credit Card,5.0
ORD101380,2023-08-23,CUST00555,18.0,Male,Central,Home & Kitchen,Coffee Maker,1,21.63,0,21.63,21.63,Debit Card,3.0
ORD101381,2023-08-23,CUST00473,59.0,Male,West,Books,Mystery Thriller,1,25.62,0,25.62,25.62,Net Banking,4.0
ORD101382,2023-08-23,CUST01092,19.0,Female,East,Apparel,Winter Jacket,1,96.95,0,96.95,96.95,UPI,3.0
ORD101383,2023-08-23,CUST00283,19.0,Female,West,Home & Kitchen,Coffee Maker,5,113.44,20,567.2,453.76,UPI,4.0
ORD101391,2023-08-24,CUST00131,66.0,Male,Central,Electronics,Webcam,1,93.17,0,93.17,93.17,Credit Card,3.0
ORD101390,2023-08-24,CUST00774,34.0,Female,Central,Apparel,Baseball Cap,1,63.08,10,63.08,56.77,Cash on Delivery,5.0
ORD101389,2023-08-24,CUST00607,35.0,Female,South,Home & Kitchen,Coffee Maker,5,62.48,0,312.4,312.4,Credit Card,3.0
ORD101388,2023-08-24,CUST00079,39.0,Male,South,Home & Kitchen,Storage Bins,1,96.97,15,96.97,82.42,UPI,3.0
ORD101392,2023-08-24,CUST00731,22.0,Male,West,Apparel,Winter Jacket,2,38.23,0,76.46,76.46,Credit Card,2.0
ORD101386,2023-08-24,CUST00578,18.0,Male,South,Electronics,Smartphone Case,1,204.63,0,204.63,204.63,Credit Card,4.0
ORD101385,2023-08-24,CUST00946,18.0,Female,Central,Beauty,Perfume,1,62.68,5,62.68,59.55,Credit Card,3.0
ORD101384,2023-08-24,CUST00007,30.0,Male,West,Sports & Outdoors,Water Bottle,1,113.45,10,113.45,102.11,Net Banking,5.0
ORD101387,2023-08-24,CUST00930,49.0,Female,East,Books,Mystery Thriller,1,17.95,5,17.95,17.05,Debit Card,5.0
ORD101404,2023-08-25,CUST00716,61.0,Female,South,Beauty,Sunscreen SPF50,2,18.62,0,37.24,37.24,Debit Card,5.0
ORD101403,2023-08-25,CUST00325,37.0,Male,East,Books,Business Book,3,19.45,10,58.35,52.51,Debit Card,4.0
ORD101402,2023-08-25,CUST00350,31.0,Female,North,Sports & Outdoors,Yoga Mat,1,93.75,0,93.75,93.75,Debit Card,2.0
ORD101401,2023-08-25,CUST01120,56.0,Female,,Electronics,USB-C Cable,1,149.72,0,149.72,149.72,Credit Card,4.0
ORD101400,2023-08-25,CUST01072,37.0,Female,North,Sports & Outdoors,Cycling Helmet,1,131.44,10,131.44,118.3,UPI,2.0
ORD101399,2023-08-25,CUST00194,26.0,Female,North,Electronics,Bluetooth Speaker,1,168.25,0,168.25,168.25,UPI,4.0
ORD101397,2023-08-25,CUST00274,25.0,Male,West,Electronics,Smartphone Case,1,120.55,5,120.55,114.52,Cash on Delivery,4.0
ORD101396,2023-08-25,CUST00900,36.0,Male,North,Apparel,Wool Sweater,4,119.32,5,477.28,453.42,Cash on Delivery,4.0
ORD101395,2023-08-25,CUST00534,18.0,Female,,Home & Kitchen,Non-stick Pan,2,72.48,5,144.96,137.71,Credit Card,3.0
ORD101394,2023-08-25,CUST01112,42.0,Male,Central,Apparel,Formal Shirt,1,81.35,0,81.35,81.35,Credit Card,3.0
ORD101393,2023-08-25,CUST00222,31.0,Female,North,Books,Biography,1,23.05,0,23.05,23.05,UPI,2.0
ORD101398,2023-08-25,CUST00277,35.0,Male,North,Electronics,Power Bank,1,170.82,15,170.82,145.2,Credit Card,5.0
ORD101409,2023-08-26,CUST00837,23.0,Female,East,Electronics,Webcam,1,28.7,0,28.7,28.7,UPI,2.0
ORD101405,2023-08-26,CUST00135,23.0,Female,South,Sports & Outdoors,Cycling Helmet,1,72.83,0,72.83,72.83,Cash on Delivery,3.0
ORD101406,2023-08-26,CUST00798,27.0,Male,North,Electronics,Bluetooth Speaker,1,222.05,0,222.05,222.05,Credit Card,5.0
ORD101407,2023-08-26,CUST00173,29.0,Female,East,Sports & Outdoors,Resistance Bands,1,10.59,0,10.59,10.59,UPI,4.0
ORD101408,2023-08-26,CUST00556,60.0,Male,South,Books,Comic Book,3,9.75,5,29.25,27.79,Cash on Delivery,3.0
ORD101418,2023-08-27,CUST00518,48.0,Female,East,Apparel,Baseball Cap,1,115.81,0,115.81,115.81,Credit Card,3.0
ORD101412,2023-08-27,CUST00903,47.0,Male,East,Electronics,Wireless Earbuds,1,168.38,0,168.38,168.38,UPI,2.0
ORD101420,2023-08-27,CUST00888,,Male,West,Electronics,Webcam,4,21.56,10,86.24,77.62,Debit Card,4.0
ORD101417,2023-08-27,CUST00841,55.0,Male,South,Electronics,USB-C Cable,2,197.53,25,395.06,296.3,Credit Card,2.0
ORD101419,2023-08-27,CUST01188,30.0,Male,West,Books,Self-Help Guide,1,12.84,0,12.84,12.84,Cash on Delivery,5.0
ORD101416,2023-08-27,CUST01189,40.0,Male,North,Electronics,Webcam,1,33.36,0,33.36,33.36,UPI,4.0
ORD101410,2023-08-27,CUST00173,29.0,Female,Central,Beauty,Face Moisturizer,1,54.85,0,54.85,54.85,Credit Card,3.0
ORD101414,2023-08-27,CUST00829,20.0,Female,East,Sports & Outdoors,Hiking Backpack,2,94.31,0,188.62,188.62,UPI,4.0
ORD101411,2023-08-27,CUST00532,36.0,Male,South,Home & Kitchen,Storage Bins,1,125.45,0,125.45,125.45,Debit Card,3.0
ORD101415,2023-08-27,CUST00373,50.0,Female,East,Home & Kitchen,Air Fryer,4,64.47,0,257.88,257.88,UPI,4.0
ORD101413,2023-08-27,CUST01028,32.0,Female,East,Electronics,Webcam,1,22.62,0,22.62,22.62,Credit Card,4.0
ORD101421,2023-08-28,CUST00592,36.0,Female,South,Electronics,Laptop Stand,2,72.35,5,144.7,137.46,Debit Card,3.0
ORD101422,2023-08-28,CUST00740,25.0,Female,West,Apparel,Winter Jacket,2,57.02,0,114.04,114.04,Debit Card,4.0
ORD101423,2023-08-28,CUST00590,51.0,Female,South,Electronics,Smartwatch,1,112.69,25,112.69,84.52,Net Banking,5.0
ORD101424,2023-08-28,CUST00461,32.0,Male,North,Electronics,Power Bank,1,155.24,15,155.24,131.95,Credit Card,5.0
ORD101425,2023-08-28,CUST00280,24.0,Female,South,Sports & Outdoors,Yoga Mat,1,61.36,0,61.36,61.36,UPI,3.0
ORD101426,2023-08-29,CUST01009,46.0,Male,West,Apparel,Winter Jacket,1,77.01,0,77.01,77.01,UPI,5.0
ORD101427,2023-08-29,CUST00998,43.0,Female,North,Electronics,Smartphone Case,1,131.77,0,131.77,131.77,Debit Card,3.0
ORD101428,2023-08-29,CUST01140,56.0,Female,South,Beauty,Face Moisturizer,1,63.15,0,63.15,63.15,Credit Card,4.0
ORD101429,2023-08-29,CUST00582,38.0,Female,Central,Sports & Outdoors,Resistance Bands,2,98.28,20,196.56,157.25,Cash on Delivery,4.0
ORD101430,2023-08-29,CUST01042,18.0,Male,West,Electronics,USB-C Cable,1,134.77,0,134.77,134.77,Cash on Delivery,5.0
ORD101431,2023-08-29,CUST00167,46.0,Female,South,Home & Kitchen,Non-stick Pan,1,156.28,0,156.28,156.28,UPI,4.0
ORD101432,2023-08-29,CUST00319,29.0,Female,South,Electronics,Webcam,2,98.98,0,197.96,197.96,Credit Card,4.0
ORD101438,2023-08-30,CUST00243,18.0,Female,,Beauty,Nail Polish,1,38.39,20,38.39,30.71,Debit Card,3.0
ORD101437,2023-08-30,CUST00985,18.0,Male,Central,Electronics,Laptop Stand,1,104.45,0,104.45,104.45,Cash on Delivery,1.0
ORD101436,2023-08-30,CUST00250,51.0,Male,Central,Books,Comic Book,3,11.22,0,33.66,33.66,Debit Card,4.0
ORD101434,2023-08-30,CUST01079,51.0,Female,North,Home & Kitchen,Storage Bins,4,162.6,20,650.4,520.32,Cash on Delivery,2.0
ORD101433,2023-08-30,CUST00767,51.0,Male,Central,Electronics,USB-C Cable,1,130.2,10,130.2,117.18,UPI,4.0
ORD101435,2023-08-30,CUST01172,42.0,Male,Central,Beauty,Sunscreen SPF50,2,60.55,5,121.1,115.04,Credit Card,3.0
ORD101444,2023-08-31,CUST00400,18.0,Female,South,Sports & Outdoors,Dumbbell Set,2,78.01,0,156.02,156.02,Debit Card,4.0
ORD101439,2023-08-31,CUST01183,53.0,Male,North,Apparel,Men's T-Shirt,1,106.44,0,106.44,106.44,Credit Card,5.0
ORD101440,2023-08-31,CUST00978,42.0,Male,North,Home & Kitchen,Air Fryer,2,72.31,0,144.62,144.62,Credit Card,5.0
ORD101441,2023-08-31,CUST00173,29.0,Female,West,Home & Kitchen,Storage Bins,2,97.54,0,195.08,195.08,Debit Card,3.0
ORD101442,2023-08-31,CUST01113,30.0,Male,West,Electronics,Wireless Earbuds,3,38.91,0,116.73,116.73,Credit Card,3.0
ORD101443,2023-08-31,CUST00437,45.0,Female,South,Home & Kitchen,Coffee Maker,1,47.31,0,47.31,47.31,Net Banking,3.0
ORD101445,2023-08-31,CUST01130,35.0,Female,West,Sports & Outdoors,Camping Tent,1,76.73,5,76.73,72.89,Credit Card,5.0
ORD101446,2023-08-31,CUST01105,30.0,Female,,Apparel,Winter Jacket,1,61.06,5,61.06,58.01,Debit Card,2.0
ORD101451,2023-09-01,CUST00329,18.0,Male,South,Beauty,Sunscreen SPF50,1,66.25,5,66.25,62.94,Credit Card,
ORD101450,2023-09-01,CUST00544,33.0,Female,South,Beauty,Sunscreen SPF50,2,55.4,0,110.8,110.8,Credit Card,3.0
ORD101452,2023-09-01,CUST00015,37.0,Female,North,Sports & Outdoors,Resistance Bands,1,26.61,0,26.61,26.61,Debit Card,3.0
ORD101448,2023-09-01,CUST00922,35.0,Female,North,Electronics,Wireless Earbuds,1,176.54,15,176.54,150.06,Net Banking,3.0
ORD101447,2023-09-01,CUST00450,44.0,Male,East,Home & Kitchen,LED Desk Lamp,2,57.83,15,115.66,98.31,Credit Card,4.0
ORD101449,2023-09-01,CUST00086,38.0,Male,North,Beauty,Nail Polish,1,24.93,25,24.93,18.7,Credit Card,4.0
ORD101458,2023-09-02,CUST00450,44.0,Male,Central,Apparel,Formal Shirt,1,30.98,15,30.98,26.33,Credit Card,3.0
ORD101455,2023-09-02,CUST00205,32.0,Female,South,Sports & Outdoors,Cycling Helmet,1,52.57,0,52.57,52.57,UPI,4.0
ORD101459,2023-09-02,CUST00504,32.0,Male,West,Beauty,Hair Dryer,1,62.23,0,62.23,62.23,UPI,5.0
ORD101457,2023-09-02,CUST00715,,Female,South,Electronics,Smartphone Case,1,51.07,5,51.07,48.52,Debit Card,5.0
ORD101454,2023-09-02,CUST01074,48.0,Male,East,Electronics,Laptop Stand,1,103.96,0,103.96,103.96,Debit Card,3.0
ORD101453,2023-09-02,CUST00894,39.0,Female,North,Beauty,Nail Polish,1,89.38,5,89.38,84.91,Credit Card,4.0
ORD101456,2023-09-02,CUST00142,30.0,Male,West,Electronics,Smartphone Case,1,22.43,0,22.43,22.43,UPI,2.0
ORD101460,2023-09-03,CUST00651,22.0,Female,West,Home & Kitchen,Coffee Maker,3,109.45,0,328.35,328.35,UPI,4.0
ORD101461,2023-09-03,CUST00501,72.0,Male,South,Electronics,Laptop Stand,1,99.54,10,99.54,89.59,Credit Card,2.0
ORD101462,2023-09-03,CUST00946,,Female,North,Beauty,Sunscreen SPF50,2,56.97,0,113.94,113.94,Cash on Delivery,5.0
ORD101463,2023-09-03,CUST00090,25.0,Female,West,Apparel,Yoga Pants,3,69.2,0,207.6,207.6,UPI,5.0
ORD101464,2023-09-03,CUST01052,18.0,Female,East,Apparel,Running Shoes,1,60.12,0,60.12,60.12,Credit Card,4.0
ORD101465,2023-09-03,CUST01168,29.0,Female,South,Books,Mystery Thriller,5,36.8,0,184.0,184.0,Debit Card,4.0
ORD101466,2023-09-03,CUST00821,39.0,Female,South,Electronics,Webcam,2,163.06,5,326.12,309.81,Cash on Delivery,3.0
ORD101467,2023-09-03,CUST00608,,Male,Central,Apparel,Baseball Cap,1,109.87,0,109.87,109.87,Credit Card,4.0
ORD101474,2023-09-04,CUST00366,20.0,Female,West,Electronics,Power Bank,1,236.4,0,236.4,236.4,Cash on Delivery,2.0
ORD101475,2023-09-04,CUST00534,18.0,Female,South,Sports & Outdoors,Cycling Helmet,1,60.69,0,60.69,60.69,Credit Card,5.0
ORD101472,2023-09-04,CUST00759,37.0,Male,East,Electronics,Webcam,1,90.39,10,90.39,81.35,UPI,5.0
ORD101473,2023-09-04,CUST00630,30.0,Male,West,Apparel,Winter Jacket,2,100.05,5,200.1,190.09,Credit Card,2.0
ORD101470,2023-09-04,CUST01018,18.0,Female,West,Home & Kitchen,LED Desk Lamp,1,169.66,0,169.66,169.66,Credit Card,3.0
ORD101469,2023-09-04,CUST00602,27.0,Other,South,Home & Kitchen,Coffee Maker,1,88.4,15,88.4,75.14,Debit Card,4.0
ORD101468,2023-09-04,CUST00959,18.0,Female,North,Apparel,Winter Jacket,1,43.94,10,43.94,39.55,Cash on Delivery,3.0
ORD101471,2023-09-04,CUST01038,21.0,Female,East,Beauty,Lipstick Set,1,63.76,5,63.76,60.57,Credit Card,4.0
ORD101482,2023-09-05,CUST00987,30.0,Male,South,Home & Kitchen,Blender,1,149.33,0,149.33,149.33,Debit Card,3.0
ORD101481,2023-09-05,CUST00425,31.0,Male,Central,Apparel,Formal Shirt,1,100.28,10,100.28,90.25,Cash on Delivery,5.0
ORD101479,2023-09-05,CUST00565,22.0,Female,West,Electronics,Laptop Stand,2,134.21,0,268.42,268.42,UPI,4.0
ORD101480,2023-09-05,CUST00781,21.0,Male,West,Apparel,Yoga Pants,1,55.24,20,55.24,44.19,Credit Card,4.0
ORD101477,2023-09-05,CUST01060,62.0,Female,Central,Apparel,Winter Jacket,1,12.54,0,12.54,12.54,UPI,3.0
ORD101476,2023-09-05,CUST00993,32.0,Female,East,Apparel,Women's Jeans,2,90.32,0,180.64,180.64,UPI,2.0
ORD101478,2023-09-05,CUST00453,44.0,Male,East,Beauty,Lipstick Set,2,44.41,0,88.82,88.82,UPI,4.0
ORD101488,2023-09-06,CUST00030,35.0,Female,West,Apparel,Women's Jeans,1,25.94,0,25.94,25.94,UPI,5.0
ORD101483,2023-09-06,CUST00238,35.0,Female,,Electronics,Wireless Earbuds,1,209.43,5,209.43,198.96,Credit Card,2.0
ORD101484,2023-09-06,CUST00188,18.0,Male,North,Books,Cookbook,1,9.91,0,9.91,9.91,Debit Card,4.0
ORD101485,2023-09-06,CUST01095,39.0,Female,South,Home & Kitchen,Storage Bins,3,171.22,20,513.66,410.93,Debit Card,4.0
ORD101486,2023-09-06,CUST00756,60.0,Male,South,Apparel,Formal Shirt,1,75.33,0,75.33,75.33,Credit Card,4.0
ORD101487,2023-09-06,CUST01128,57.0,Female,East,Electronics,USB-C Cable,1,158.91,0,158.91,158.91,UPI,4.0
ORD101489,2023-09-06,CUST00530,18.0,Female,East,Apparel,Formal Shirt,2,80.61,0,161.22,161.22,UPI,3.0
ORD101492,2023-09-07,CUST00891,50.0,Female,North,Sports & Outdoors,Hiking Backpack,1,126.46,20,126.46,101.17,Cash on Delivery,4.0
ORD101493,2023-09-07,CUST00944,51.0,Male,West,Apparel,Women's Jeans,2,55.21,0,110.42,110.42,Net Banking,3.0
ORD101491,2023-09-07,CUST00440,41.0,Female,North,Books,Mystery Thriller,2,20.31,0,40.62,40.62,UPI,4.0
ORD101490,2023-09-07,CUST00476,18.0,Female,,Apparel,Running Shoes,1,46.34,0,46.34,46.34,Credit Card,5.0
ORD101494,2023-09-08,CUST00932,28.0,Male,North,Beauty,Face Moisturizer,1,39.89,0,39.89,39.89,Cash on Delivery,4.0
ORD101495,2023-09-08,CUST00438,19.0,Female,North,Apparel,Running Shoes,2,100.5,0,201.0,201.0,UPI,3.0
ORD101496,2023-09-08,CUST00370,18.0,Male,West,Home & Kitchen,LED Desk Lamp,3,143.01,0,429.03,429.03,Debit Card,2.0
ORD101497,2023-09-08,CUST00742,69.0,Male,West,Electronics,Webcam,1,74.17,0,74.17,74.17,UPI,4.0
ORD101498,2023-09-08,CUST00826,58.0,Male,West,Apparel,Yoga Pants,2,66.16,15,132.32,112.47,UPI,
ORD101499,2023-09-09,CUST00805,27.0,Female,,Sports & Outdoors,Resistance Bands,1,157.04,10,157.04,141.34,Debit Card,2.0
ORD101500,2023-09-09,CUST00457,18.0,Female,North,Apparel,Wool Sweater,1,109.13,5,109.13,103.67,UPI,4.0
ORD101501,2023-09-09,CUST00540,43.0,Male,East,Home & Kitchen,Non-stick Pan,1,133.98,10,133.98,120.58,Debit Card,3.0
ORD101502,2023-09-09,CUST00449,44.0,Other,West,Electronics,Bluetooth Speaker,1,182.9,0,182.9,182.9,UPI,4.0
ORD101509,2023-09-10,CUST00931,61.0,Female,Central,Electronics,Smartwatch,1,122.67,10,122.67,110.4,UPI,4.0
ORD101508,2023-09-10,CUST00603,51.0,Male,East,Apparel,Formal Shirt,1,75.11,5,75.11,71.35,Credit Card,4.0
ORD101506,2023-09-10,CUST00078,29.0,Female,West,Home & Kitchen,Storage Bins,1,50.23,0,50.23,50.23,UPI,4.0
ORD101507,2023-09-10,CUST00341,30.0,Female,North,Home & Kitchen,Blender,1,91.5,0,91.5,91.5,Debit Card,4.0
ORD101504,2023-09-10,CUST00387,32.0,Male,Central,Home & Kitchen,Throw Pillow,2,125.29,5,250.58,238.05,Cash on Delivery,3.0
ORD101503,2023-09-10,CUST01044,21.0,Male,East,Apparel,Running Shoes,1,58.22,0,58.22,58.22,Credit Card,4.0
ORD101505,2023-09-10,CUST00581,18.0,Female,West,Apparel,Winter Jacket,3,33.51,0,100.53,100.53,UPI,4.0
ORD101521,2023-09-11,CUST00406,20.0,Male,South,Sports & Outdoors,Yoga Mat,1,161.43,15,161.43,137.22,Debit Card,4.0
ORD101510,2023-09-11,CUST00304,21.0,Female,Central,Apparel,Wool Sweater,1,87.49,0,87.49,87.49,UPI,3.0
ORD101511,2023-09-11,CUST00180,41.0,Male,Central,Home & Kitchen,Non-stick Pan,3,153.77,0,461.31,461.31,Cash on Delivery,4.0
ORD101512,2023-09-11,CUST00621,22.0,Female,Central,Books,Business Book,3,9.56,0,28.68,28.68,UPI,5.0
ORD101513,2023-09-11,CUST00193,25.0,Male,West,Electronics,Smartphone Case,2,52.53,10,105.06,94.55,Credit Card,3.0
ORD101514,2023-09-11,CUST00992,32.0,Male,South,Electronics,Smartwatch,1,35.5,10,35.5,31.95,Credit Card,2.0
ORD101515,2023-09-11,CUST01077,44.0,Male,Central,Home & Kitchen,Cutlery Set,1,76.22,0,76.22,76.22,UPI,2.0
ORD101516,2023-09-11,CUST00092,31.0,Male,South,Beauty,Nail Polish,1,19.03,15,19.03,16.18,Debit Card,3.0
ORD101517,2023-09-11,CUST00729,52.0,Male,West,Apparel,Men's T-Shirt,1,117.8,5,117.8,111.91,Debit Card,2.0
ORD101518,2023-09-11,CUST00240,38.0,Male,West,Apparel,Men's T-Shirt,1,54.09,0,54.09,54.09,Credit Card,2.0
ORD101519,2023-09-11,CUST00649,35.0,Male,Central,Electronics,Laptop Stand,2,34.57,0,69.14,69.14,UPI,4.0
ORD101520,2023-09-11,CUST00369,27.0,Female,West,Beauty,Shampoo,2,80.23,0,160.46,160.46,Cash on Delivery,2.0
ORD101522,2023-09-11,CUST00742,69.0,Male,Central,Home & Kitchen,Non-stick Pan,1,141.99,0,141.99,141.99,UPI,5.0
ORD101529,2023-09-12,CUST00797,18.0,Female,East,Beauty,Nail Polish,1,49.4,5,49.4,46.93,Debit Card,3.0
ORD101528,2023-09-12,CUST00536,52.0,Female,North,Electronics,Power Bank,1,49.13,20,49.13,39.3,Debit Card,5.0
ORD101530,2023-09-12,CUST00933,24.0,Male,Central,Sports & Outdoors,Camping Tent,1,117.53,0,117.53,117.53,Credit Card,3.0
ORD101527,2023-09-12,CUST00587,46.0,Female,North,Beauty,Hair Dryer,1,23.37,10,23.37,21.03,Debit Card,2.0
ORD101525,2023-09-12,CUST00741,37.0,Male,North,Home & Kitchen,Blender,1,71.99,0,71.99,71.99,Credit Card,4.0
ORD101524,2023-09-12,CUST00305,37.0,Male,West,Home & Kitchen,Cutlery Set,1,124.17,0,124.17,124.17,Credit Card,2.0
ORD101523,2023-09-12,CUST00719,24.0,Male,East,Electronics,Bluetooth Speaker,1,35.88,0,35.88,35.88,Debit Card,4.0
ORD101526,2023-09-12,CUST00765,46.0,Male,West,Sports & Outdoors,Yoga Mat,1,42.33,0,42.33,42.33,Debit Card,3.0
ORD101531,2023-09-13,CUST00157,35.0,Male,North,Sports & Outdoors,Resistance Bands,2,24.18,0,48.36,48.36,UPI,2.0
ORD101532,2023-09-13,CUST00006,49.0,Female,West,Electronics,Webcam,1,215.53,0,215.53,215.53,Debit Card,4.0
ORD101533,2023-09-13,CUST00709,30.0,Female,East,Beauty,Hair Dryer,1,29.37,10,29.37,26.43,Debit Card,4.0
ORD101534,2023-09-13,CUST00723,52.0,Female,East,Electronics,Power Bank,1,190.74,0,190.74,190.74,Debit Card,5.0
ORD101535,2023-09-13,CUST00471,21.0,Male,West,Sports & Outdoors,Camping Tent,2,22.51,0,45.02,45.02,Credit Card,4.0
ORD101536,2023-09-13,CUST00520,35.0,Female,South,Electronics,USB-C Cable,1,207.71,0,207.71,207.71,Credit Card,5.0
ORD101543,2023-09-14,CUST00313,31.0,Female,South,Sports & Outdoors,Cycling Helmet,1,186.6,0,186.6,186.6,Debit Card,3.0
ORD101548,2023-09-14,CUST00143,29.0,Female,South,Beauty,Lipstick Set,1,53.51,0,53.51,53.51,Debit Card,5.0
ORD101547,2023-09-14,CUST00099,25.0,Male,East,Apparel,Formal Shirt,1,53.7,0,53.7,53.7,UPI,3.0
ORD101546,2023-09-14,CUST00973,59.0,Female,North,Sports & Outdoors,Tennis Racket,1,175.73,0,175.73,175.73,Debit Card,5.0
ORD101545,2023-09-14,CUST00985,,Male,Central,Sports & Outdoors,Resistance Bands,1,140.09,5,140.09,133.09,UPI,4.0
ORD101544,2023-09-14,CUST01148,51.0,Male,,Beauty,Hair Dryer,2,64.87,25,129.74,97.3,UPI,
ORD101541,2023-09-14,CUST00158,18.0,Female,West,Electronics,Power Bank,1,223.02,0,223.02,223.02,Credit Card,4.0
ORD101540,2023-09-14,CUST01114,18.0,Female,Central,Home & Kitchen,Storage Bins,1,67.39,0,67.39,67.39,Credit Card,4.0
ORD101539,2023-09-14,CUST00196,21.0,Male,North,Electronics,USB-C Cable,1,195.37,10,195.37,175.83,UPI,3.0
ORD101538,2023-09-14,CUST00594,27.0,Male,South,Home & Kitchen,LED Desk Lamp,1,125.02,0,125.02,125.02,Net Banking,4.0
ORD101537,2023-09-14,CUST00725,43.0,Female,South,Home & Kitchen,Throw Pillow,1,140.95,0,140.95,140.95,Credit Card,5.0
ORD101542,2023-09-14,CUST00368,39.0,Male,,Beauty,Perfume,1,33.4,10,33.4,30.06,Credit Card,3.0
ORD101554,2023-09-15,CUST00141,53.0,Male,East,Sports & Outdoors,Cycling Helmet,1,88.8,0,88.8,88.8,Debit Card,2.0
ORD101549,2023-09-15,CUST01187,26.0,Male,South,Sports & Outdoors,Tennis Racket,2,24.21,10,48.42,43.58,Cash on Delivery,4.0
ORD101550,2023-09-15,CUST00330,26.0,Male,Central,Electronics,Smartwatch,3,238.75,10,716.25,644.63,Credit Card,4.0
ORD101551,2023-09-15,CUST00866,49.0,Female,South,Sports & Outdoors,Yoga Mat,1,94.26,0,94.26,94.26,UPI,4.0
ORD101552,2023-09-15,CUST00132,61.0,Male,Central,Electronics,Wireless Earbuds,3,191.46,0,574.38,574.38,Debit Card,3.0
ORD101553,2023-09-15,CUST00175,39.0,Male,,Electronics,Smartwatch,1,17.07,20,17.07,13.66,Cash on Delivery,2.0
ORD101562,2023-09-16,CUST00882,,Male,East,Electronics,Laptop Stand,1,172.1,0,172.1,172.1,Debit Card,4.0
ORD101561,2023-09-16,CUST00936,,Female,East,Sports & Outdoors,Cycling Helmet,5,113.26,15,566.3,481.36,Credit Card,3.0
ORD101563,2023-09-16,CUST00367,20.0,Female,North,Books,Self-Help Guide,1,36.42,0,36.42,36.42,UPI,4.0
ORD101560,2023-09-16,CUST00545,27.0,Male,West,Electronics,Laptop Stand,1,109.8,0,109.8,109.8,Credit Card,2.0
ORD101564,2023-09-16,CUST01083,35.0,Male,Central,Home & Kitchen,Blender,5,120.8,0,604.0,604.0,Credit Card,5.0
ORD101558,2023-09-16,CUST00351,34.0,Male,West,Apparel,Women's Jeans,1,38.02,0,38.02,38.02,Cash on Delivery,4.0
ORD101557,2023-09-16,CUST00238,35.0,Female,West,Books,Self-Help Guide,1,33.64,5,33.64,31.96,Cash on Delivery,3.0
ORD101556,2023-09-16,CUST00196,21.0,Male,East,Electronics,Power Bank,1,29.05,10,29.05,26.15,UPI,5.0
ORD101555,2023-09-16,CUST00561,34.0,Female,South,Home & Kitchen,Air Fryer,1,106.52,0,106.52,106.52,Credit Card,3.0
ORD101559,2023-09-16,CUST00449,44.0,Other,North,Sports & Outdoors,Resistance Bands,1,42.51,0,42.51,42.51,Credit Card,3.0
ORD101571,2023-09-17,CUST00489,41.0,Male,North,Electronics,Power Bank,1,138.69,0,138.69,138.69,Net Banking,3.0
ORD101568,2023-09-17,CUST00814,29.0,Male,West,Electronics,Laptop Stand,2,130.8,0,261.6,261.6,Credit Card,4.0
ORD101573,2023-09-17,CUST00191,28.0,Male,North,Apparel,Wool Sweater,1,55.66,10,55.66,50.09,UPI,3.0
ORD101572,2023-09-17,CUST00253,44.0,Other,West,Electronics,Smartwatch,1,170.09,0,170.09,170.09,Net Banking,3.0
ORD101570,2023-09-17,CUST00980,57.0,Male,South,Apparel,Winter Jacket,1,50.99,25,50.99,38.24,Net Banking,3.0
ORD101565,2023-09-17,CUST00458,37.0,Male,Central,Apparel,Formal Shirt,1,119.51,5,119.51,113.53,Debit Card,3.0
ORD101567,2023-09-17,CUST00569,30.0,Male,North,Electronics,Smartwatch,1,180.83,0,180.83,180.83,UPI,4.0
ORD101566,2023-09-17,CUST00204,,Female,,Electronics,Smartphone Case,1,88.93,0,88.93,88.93,Debit Card,3.0
ORD101569,2023-09-17,CUST00184,40.0,Male,North,Home & Kitchen,Throw Pillow,1,149.53,0,149.53,149.53,Credit Card,4.0
ORD101580,2023-09-18,CUST00361,39.0,Female,North,Sports & Outdoors,Tennis Racket,2,189.81,15,379.62,322.68,Debit Card,4.0
ORD101579,2023-09-18,CUST00291,72.0,Male,Central,Electronics,Laptop Stand,1,83.65,10,83.65,75.29,UPI,4.0
ORD101578,2023-09-18,CUST00030,35.0,Female,North,Apparel,Women's Jeans,2,61.77,0,123.54,123.54,Debit Card,3.0
ORD101581,2023-09-18,CUST00787,22.0,Female,South,Sports & Outdoors,Dumbbell Set,1,11.47,15,11.47,9.75,Debit Card,5.0
ORD101576,2023-09-18,CUST00448,61.0,Male,East,Electronics,Smartphone Case,1,110.13,10,110.13,99.12,Credit Card,2.0
ORD101575,2023-09-18,CUST00814,29.0,Male,East,Apparel,Formal Shirt,1,68.3,0,68.3,68.3,UPI,2.0
ORD101574,2023-09-18,CUST00396,46.0,Other,North,Books,Mystery Thriller,1,24.92,15,24.92,21.18,UPI,3.0
ORD101577,2023-09-18,CUST00791,27.0,Female,West,Sports & Outdoors,Cycling Helmet,2,155.28,10,310.56,279.5,UPI,4.0
ORD101582,2023-09-19,CUST01176,36.0,Female,Central,Home & Kitchen,Cutlery Set,1,108.87,0,108.87,108.87,Credit Card,4.0
ORD101583,2023-09-19,CUST00878,35.0,Other,North,Beauty,Nail Polish,1,52.49,10,52.49,47.24,UPI,3.0
ORD101584,2023-09-19,CUST00917,41.0,Female,North,Books,Biography,2,38.74,5,77.48,73.61,UPI,4.0
ORD101585,2023-09-19,CUST00819,40.0,Female,South,Electronics,Wireless Earbuds,1,161.02,15,161.02,136.87,Credit Card,3.0
ORD101586,2023-09-20,CUST00187,33.0,Male,West,Books,Business Book,2,31.81,0,63.62,63.62,UPI,2.0
ORD101587,2023-09-20,CUST00258,52.0,Female,South,Apparel,Yoga Pants,2,68.27,0,136.54,136.54,Credit Card,3.0
ORD101588,2023-09-20,CUST00257,36.0,Male,East,Beauty,Lipstick Set,1,69.58,0,69.58,69.58,UPI,2.0
ORD101594,2023-09-21,CUST00677,22.0,Female,East,Electronics,Smartwatch,1,151.57,0,151.57,151.57,UPI,3.0
ORD101595,2023-09-21,CUST00615,35.0,Female,East,Sports & Outdoors,Water Bottle,1,104.03,0,104.03,104.03,Cash on Delivery,3.0
ORD101593,2023-09-21,CUST00828,28.0,Female,South,Electronics,Laptop Stand,1,87.43,0,87.43,87.43,Credit Card,3.0
ORD101589,2023-09-21,CUST00198,31.0,Male,North,Home & Kitchen,Non-stick Pan,2,91.5,20,183.0,146.4,Net Banking,5.0
ORD101591,2023-09-21,CUST00006,49.0,Female,South,Apparel,Women's Jeans,1,93.12,0,93.12,93.12,Debit Card,5.0
ORD101590,2023-09-21,CUST00425,31.0,Male,North,Home & Kitchen,Cutlery Set,2,154.82,0,309.64,309.64,Debit Card,3.0
ORD101592,2023-09-21,CUST01197,42.0,Other,South,Sports & Outdoors,Resistance Bands,1,81.66,20,81.66,65.33,Credit Card,2.0
ORD101596,2023-09-22,CUST00536,52.0,Female,North,Beauty,Facial Serum,1,55.17,0,55.17,55.17,Debit Card,3.0
ORD101597,2023-09-22,CUST00828,28.0,Female,West,Sports & Outdoors,Hiking Backpack,1,186.97,15,186.97,158.92,Net Banking,4.0
ORD101598,2023-09-22,CUST01004,30.0,Male,West,Home & Kitchen,Blender,3,27.49,0,82.47,82.47,Debit Card,5.0
ORD101599,2023-09-22,CUST01082,50.0,Female,Central,Electronics,USB-C Cable,1,198.96,0,198.96,198.96,Debit Card,3.0
ORD101600,2023-09-22,CUST00118,39.0,Female,West,Electronics,Smartphone Case,4,116.66,0,466.64,466.64,Credit Card,3.0
ORD101601,2023-09-22,CUST01083,35.0,Male,North,Electronics,Smartphone Case,2,140.52,0,281.04,281.04,Debit Card,4.0
ORD101602,2023-09-23,CUST00731,22.0,Male,,Apparel,Wool Sweater,2,113.44,20,226.88,181.5,Cash on Delivery,5.0
ORD101603,2023-09-23,CUST01149,27.0,Female,West,Apparel,Women's Jeans,1,26.86,0,26.86,26.86,Debit Card,3.0
ORD101604,2023-09-23,CUST00260,40.0,Female,Central,Home & Kitchen,Throw Pillow,2,113.52,0,227.04,227.04,UPI,3.0
ORD101605,2023-09-23,CUST00808,18.0,Other,Central,Home & Kitchen,Throw Pillow,2,122.65,5,245.3,233.04,Credit Card,3.0
ORD101609,2023-09-24,CUST00818,18.0,Male,West,Home & Kitchen,Air Fryer,1,177.75,5,177.75,168.86,Credit Card,5.0
ORD101608,2023-09-24,CUST00462,57.0,Male,South,Beauty,Shampoo,1,60.14,0,60.14,60.14,UPI,4.0
ORD101606,2023-09-24,CUST00191,28.0,Male,East,Electronics,Smartphone Case,2,52.4,0,104.8,104.8,Net Banking,3.0
ORD101607,2023-09-24,CUST00018,22.0,Female,Central,Beauty,Shampoo,1,23.43,0,23.43,23.43,UPI,5.0
ORD101618,2023-09-25,CUST00564,18.0,Female,North,Electronics,Webcam,2,159.78,0,319.56,319.56,Debit Card,5.0
ORD101610,2023-09-25,CUST01065,46.0,Female,,Electronics,Power Bank,1,214.88,0,214.88,214.88,Debit Card,3.0
ORD101611,2023-09-25,CUST01199,48.0,Female,Central,Electronics,Smartwatch,2,54.2,10,108.4,97.56,Cash on Delivery,3.0
ORD101612,2023-09-25,CUST00607,35.0,Female,South,Beauty,Facial Serum,1,45.77,0,45.77,45.77,UPI,4.0
ORD101613,2023-09-25,CUST00431,20.0,Male,South,Electronics,Power Bank,1,236.52,20,236.52,189.22,UPI,3.0
ORD101614,2023-09-25,CUST00962,20.0,Male,Central,Electronics,Power Bank,1,215.27,5,215.27,204.51,UPI,3.0
ORD101615,2023-09-25,CUST00858,19.0,Female,North,Electronics,Bluetooth Speaker,2,184.1,25,368.2,276.15,Credit Card,2.0
ORD101616,2023-09-25,CUST00210,22.0,Male,Central,Home & Kitchen,Coffee Maker,2,102.85,0,205.7,205.7,Debit Card,3.0
ORD101617,2023-09-25,CUST00808,18.0,Other,East,Beauty,Facial Serum,1,88.71,0,88.71,88.71,UPI,4.0
ORD101619,2023-09-25,CUST00146,48.0,Female,North,Electronics,Smartphone Case,1,37.33,0,37.33,37.33,UPI,4.0
ORD101620,2023-09-26,CUST00211,36.0,Male,South,Apparel,Yoga Pants,1,39.64,15,39.64,33.69,UPI,4.0
ORD101621,2023-09-26,CUST01062,18.0,Female,South,Home & Kitchen,Coffee Maker,2,179.76,0,359.52,359.52,Credit Card,3.0
ORD101622,2023-09-26,CUST00192,28.0,Female,West,Apparel,Formal Shirt,1,48.27,0,48.27,48.27,Net Banking,3.0
ORD101630,2023-09-27,CUST00489,41.0,Male,West,Beauty,Hair Dryer,1,78.35,0,78.35,78.35,Debit Card,2.0
ORD101625,2023-09-27,CUST00029,42.0,Male,North,Beauty,Nail Polish,1,64.87,25,64.87,48.65,Credit Card,4.0
ORD101629,2023-09-27,CUST00103,44.0,Female,North,Electronics,Smartwatch,1,227.6,0,227.6,227.6,UPI,4.0
ORD101631,2023-09-27,CUST00361,39.0,Female,West,Books,Mystery Thriller,1,18.02,25,18.02,13.52,Credit Card,3.0
ORD101628,2023-09-27,CUST00081,32.0,Female,North,Beauty,Face Moisturizer,1,48.76,0,48.76,48.76,Debit Card,4.0
ORD101623,2023-09-27,CUST01069,48.0,Male,East,Books,Cookbook,1,12.92,0,12.92,12.92,UPI,4.0
ORD101626,2023-09-27,CUST00747,24.0,Other,Central,Home & Kitchen,Throw Pillow,2,76.06,10,152.12,136.91,Credit Card,4.0
ORD101624,2023-09-27,CUST01198,27.0,Male,South,Sports & Outdoors,Hiking Backpack,1,103.43,5,103.43,98.26,Debit Card,3.0
ORD101627,2023-09-27,CUST00402,28.0,Male,South,Electronics,Laptop Stand,1,193.98,0,193.98,193.98,UPI,5.0
ORD101637,2023-09-28,CUST00548,48.0,Male,North,Apparel,Yoga Pants,4,64.23,0,256.92,256.92,UPI,3.0
ORD101632,2023-09-28,CUST01186,38.0,Male,West,Beauty,Lipstick Set,2,74.46,0,148.92,148.92,Credit Card,3.0
ORD101633,2023-09-28,CUST00859,28.0,Male,South,Sports & Outdoors,Water Bottle,1,29.64,0,29.64,29.64,Debit Card,4.0
ORD101634,2023-09-28,CUST00714,34.0,Female,East,Electronics,Bluetooth Speaker,1,109.19,0,109.19,109.19,Credit Card,4.0
ORD101635,2023-09-28,CUST00556,60.0,Male,South,Electronics,Bluetooth Speaker,1,98.36,0,98.36,98.36,UPI,5.0
ORD101636,2023-09-28,CUST00285,21.0,Female,West,Apparel,Baseball Cap,1,11.03,0,11.03,11.03,Credit Card,3.0
ORD101638,2023-09-28,CUST00351,34.0,Male,West,Sports & Outdoors,Yoga Mat,1,106.56,0,106.56,106.56,Debit Card,2.0
ORD101643,2023-09-29,CUST01144,45.0,Male,East,Home & Kitchen,Non-stick Pan,4,88.81,0,355.24,355.24,Credit Card,3.0
ORD101644,2023-09-29,CUST00471,21.0,Male,West,Sports & Outdoors,Cycling Helmet,1,19.35,0,19.35,19.35,Cash on Delivery,4.0
ORD101642,2023-09-29,CUST00604,39.0,Female,East,Electronics,Laptop Stand,2,138.69,10,277.38,249.64,Cash on Delivery,5.0
ORD101645,2023-09-29,CUST00724,32.0,Female,East,Electronics,Bluetooth Speaker,1,150.18,20,150.18,120.14,Credit Card,4.0
ORD101640,2023-09-29,CUST00100,36.0,Female,North,Electronics,Webcam,2,229.22,0,458.44,458.44,Cash on Delivery,5.0
ORD101639,2023-09-29,CUST00425,31.0,Male,East,Electronics,Power Bank,1,20.26,15,20.26,17.22,Credit Card,5.0
ORD101641,2023-09-29,CUST00678,32.0,Other,North,Beauty,Nail Polish,2,12.88,0,25.76,25.76,UPI,4.0
ORD101660,2023-09-30,CUST00330,26.0,Male,East,Beauty,Sunscreen SPF50,1,37.1,10,37.1,33.39,Credit Card,3.0
ORD101658,2023-09-30,CUST00628,32.0,Male,Central,Home & Kitchen,Storage Bins,2,114.49,0,228.98,228.98,Net Banking,5.0
ORD101657,2023-09-30,CUST00535,18.0,Other,West,Apparel,Yoga Pants,1,18.6,5,18.6,17.67,Credit Card,4.0
ORD101656,2023-09-30,CUST00213,18.0,Female,North,Electronics,Wireless Earbuds,3,96.06,15,288.18,244.95,Debit Card,2.0
ORD101655,2023-09-30,CUST01196,44.0,Female,East,Electronics,Smartphone Case,1,115.5,0,115.5,115.5,UPI,3.0
ORD101654,2023-09-30,CUST00694,18.0,Male,West,Electronics,Bluetooth Speaker,2,29.77,10,59.54,53.59,UPI,4.0
ORD101653,2023-09-30,CUST00861,38.0,Male,East,Electronics,Webcam,1,216.0,0,216.0,216.0,UPI,3.0
ORD101659,2023-09-30,CUST00008,49.0,Female,East,Apparel,Running Shoes,1,96.57,5,96.57,91.74,Net Banking,2.0
ORD101651,2023-09-30,CUST00297,20.0,Male,East,Electronics,Laptop Stand,1,165.51,0,165.51,165.51,Credit Card,4.0
ORD101650,2023-09-30,CUST00921,18.0,Other,South,Beauty,Hair Dryer,1,28.38,0,28.38,28.38,Debit Card,3.0
ORD101649,2023-09-30,CUST00410,69.0,Other,North,Electronics,Wireless Earbuds,1,142.05,0,142.05,142.05,Net Banking,3.0
ORD101648,2023-09-30,CUST00044,28.0,Female,West,Electronics,Bluetooth Speaker,1,186.14,10,186.14,167.53,UPI,3.0
ORD101647,2023-09-30,CUST00868,18.0,Male,North,Electronics,Smartphone Case,1,49.14,10,49.14,44.23,Net Banking,
ORD101646,2023-09-30,CUST00922,35.0,Female,Central,Apparel,Yoga Pants,1,112.68,0,112.68,112.68,Credit Card,5.0
ORD101652,2023-09-30,CUST00730,28.0,Female,West,Sports & Outdoors,Hiking Backpack,1,85.38,0,85.38,85.38,UPI,3.0
ORD101661,2023-10-01,CUST00823,41.0,Female,West,Apparel,Baseball Cap,1,70.46,0,70.46,70.46,Credit Card,2.0
ORD101662,2023-10-01,CUST00439,27.0,Male,North,Books,Biography,1,31.1,0,31.1,31.1,UPI,4.0
ORD101663,2023-10-01,CUST00792,35.0,Female,West,Apparel,Formal Shirt,1,59.93,10,59.93,53.94,UPI,
ORD101664,2023-10-01,CUST00968,25.0,Female,West,Apparel,Baseball Cap,2,18.78,0,37.56,37.56,Cash on Delivery,3.0
ORD101671,2023-10-02,CUST01149,27.0,Female,North,Electronics,Bluetooth Speaker,1,181.8,0,181.8,181.8,UPI,3.0
ORD101670,2023-10-02,CUST00778,46.0,Male,West,Sports & Outdoors,Dumbbell Set,1,12.56,5,12.56,11.93,Credit Card,3.0
ORD101669,2023-10-02,CUST00320,41.0,Male,Central,Electronics,USB-C Cable,3,120.81,15,362.43,308.07,Credit Card,4.0
ORD101665,2023-10-02,CUST00443,27.0,Female,Central,Beauty,Shampoo,1,58.15,0,58.15,58.15,Debit Card,5.0
ORD101667,2023-10-02,CUST00509,38.0,Male,North,Electronics,Smartphone Case,1,131.39,10,131.39,118.25,Cash on Delivery,4.0
ORD101666,2023-10-02,CUST00315,26.0,Male,South,Books,Mystery Thriller,1,31.61,5,31.61,30.03,Cash on Delivery,5.0
ORD101668,2023-10-02,CUST00855,18.0,Female,East,Books,Business Book,2,35.53,10,71.06,63.95,Credit Card,3.0
ORD101678,2023-10-03,CUST00231,38.0,Female,West,Apparel,Baseball Cap,1,113.35,0,113.35,113.35,Credit Card,3.0
ORD101682,2023-10-03,CUST00079,39.0,Male,South,Apparel,Wool Sweater,1,54.77,0,54.77,54.77,UPI,4.0
ORD101680,2023-10-03,CUST00189,23.0,Female,Central,Electronics,USB-C Cable,1,193.45,20,193.45,154.76,Credit Card,3.0
ORD101679,2023-10-03,CUST01075,45.0,Female,North,Electronics,Bluetooth Speaker,1,55.07,5,55.07,52.32,Credit Card,5.0
ORD101677,2023-10-03,CUST00866,49.0,Female,North,Electronics,Wireless Earbuds,1,98.17,20,98.17,78.54,Credit Card,4.0
ORD101681,2023-10-03,CUST01020,45.0,Female,Central,Electronics,Smartwatch,2,41.01,0,82.02,82.02,Debit Card,3.0
ORD101675,2023-10-03,CUST00318,33.0,Male,Central,Beauty,Sunscreen SPF50,1,48.67,5,48.67,46.24,Debit Card,3.0
ORD101672,2023-10-03,CUST00064,31.0,Male,North,Electronics,Wireless Earbuds,1,119.73,5,119.73,113.74,Net Banking,3.0
ORD101676,2023-10-03,CUST00859,28.0,Male,South,Apparel,Wool Sweater,1,45.17,0,45.17,45.17,UPI,3.0
ORD101674,2023-10-03,CUST00126,27.0,Female,East,Electronics,Webcam,1,168.71,25,168.71,126.53,UPI,3.0
ORD101673,2023-10-03,CUST00247,39.0,Male,West,Apparel,Men's T-Shirt,1,100.37,10,100.37,90.33,Debit Card,4.0
ORD101683,2023-10-04,CUST00538,53.0,Female,East,Home & Kitchen,Storage Bins,1,179.34,10,179.34,161.41,UPI,3.0
ORD101684,2023-10-04,CUST00327,51.0,Male,North,Electronics,Wireless Earbuds,2,63.69,0,127.38,127.38,Debit Card,4.0
ORD101685,2023-10-04,CUST00988,48.0,Male,South,Home & Kitchen,Air Fryer,2,31.1,0,62.2,62.2,Debit Card,3.0
ORD101686,2023-10-04,CUST01123,36.0,Male,East,Apparel,Men's T-Shirt,1,94.77,0,94.77,94.77,Credit Card,5.0
ORD101688,2023-10-04,CUST01058,20.0,Female,West,Home & Kitchen,Air Fryer,1,23.7,0,23.7,23.7,UPI,4.0
ORD101689,2023-10-04,CUST00142,30.0,Male,North,Apparel,Men's T-Shirt,1,114.77,0,114.77,114.77,Credit Card,3.0
ORD101690,2023-10-04,CUST00488,29.0,Female,North,Beauty,Hair Dryer,2,89.43,5,178.86,169.92,Net Banking,3.0
ORD101691,2023-10-04,CUST00870,27.0,Male,Central,Beauty,Shampoo,1,32.29,5,32.29,30.68,Cash on Delivery,4.0
ORD101692,2023-10-04,CUST00508,27.0,Female,West,Electronics,Power Bank,1,197.38,20,197.38,157.9,Credit Card,4.0
ORD101693,2023-10-04,CUST00556,60.0,Male,Central,Sports & Outdoors,Tennis Racket,1,115.91,0,115.91,115.91,Credit Card,2.0
ORD101687,2023-10-04,CUST00580,18.0,Female,South,Electronics,Laptop Stand,1,26.4,10,26.4,23.76,Debit Card,4.0
ORD101701,2023-10-05,CUST00097,30.0,Male,Central,Apparel,Men's T-Shirt,1,84.31,0,84.31,84.31,Cash on Delivery,4.0
ORD101699,2023-10-05,CUST00700,38.0,Male,North,Apparel,Women's Jeans,1,19.03,0,19.03,19.03,Debit Card,4.0
ORD101700,2023-10-05,CUST00720,45.0,Female,North,Electronics,Wireless Earbuds,1,125.33,10,125.33,112.8,UPI,4.0
ORD101698,2023-10-05,CUST01008,34.0,Male,North,Home & Kitchen,Cutlery Set,1,163.0,0,163.0,163.0,Credit Card,5.0
ORD101696,2023-10-05,CUST00028,31.0,Female,South,Apparel,Women's Jeans,4,52.35,0,209.4,209.4,Cash on Delivery,3.0
ORD101695,2023-10-05,CUST00004,40.0,Male,West,Books,Cookbook,2,16.19,0,32.38,32.38,UPI,4.0
ORD101694,2023-10-05,CUST00267,51.0,Female,North,Electronics,Bluetooth Speaker,3,152.72,0,458.16,458.16,Debit Card,5.0
ORD101697,2023-10-05,CUST00771,18.0,Female,East,Beauty,Nail Polish,5,58.48,0,292.4,292.4,Debit Card,5.0
ORD101712,2023-10-06,CUST00763,48.0,Female,North,Home & Kitchen,Coffee Maker,1,98.91,0,98.91,98.91,UPI,2.0
ORD101711,2023-10-06,CUST00119,40.0,Female,Central,Electronics,Smartwatch,1,179.91,0,179.91,179.91,Credit Card,4.0
ORD101710,2023-10-06,CUST00211,36.0,Male,North,Electronics,Smartwatch,2,151.28,0,302.56,302.56,UPI,2.0
ORD101709,2023-10-06,CUST01169,21.0,Female,South,Home & Kitchen,Coffee Maker,1,101.86,0,101.86,101.86,Debit Card,3.0
ORD101707,2023-10-06,CUST00749,21.0,Female,West,Home & Kitchen,Non-stick Pan,1,148.26,0,148.26,148.26,UPI,4.0
ORD101708,2023-10-06,CUST00807,53.0,Male,,Sports & Outdoors,Dumbbell Set,1,78.78,25,78.78,59.08,Net Banking,4.0
ORD101705,2023-10-06,CUST00113,44.0,Male,North,Electronics,Smartphone Case,1,72.97,20,72.97,58.38,UPI,5.0
ORD101704,2023-10-06,CUST00110,57.0,Male,South,Apparel,Yoga Pants,1,63.12,0,63.12,63.12,Credit Card,5.0
ORD101703,2023-10-06,CUST00512,,Female,South,Apparel,Wool Sweater,3,35.05,0,105.15,105.15,Credit Card,3.0
ORD101702,2023-10-06,CUST00496,29.0,Female,South,Sports & Outdoors,Dumbbell Set,1,151.17,0,151.17,151.17,Credit Card,5.0
ORD101706,2023-10-06,CUST00868,18.0,Male,South,Beauty,Nail Polish,1,56.53,0,56.53,56.53,Credit Card,5.0
ORD101713,2023-10-07,CUST00020,55.0,Female,North,Sports & Outdoors,Tennis Racket,4,23.97,0,95.88,95.88,UPI,4.0
ORD101714,2023-10-07,CUST00419,25.0,Female,East,Apparel,Men's T-Shirt,2,77.3,0,154.6,154.6,Credit Card,3.0
ORD101715,2023-10-07,CUST00972,39.0,Female,North,Home & Kitchen,Throw Pillow,1,126.52,15,126.52,107.54,Net Banking,3.0
ORD101716,2023-10-07,CUST00775,34.0,Female,West,Apparel,Yoga Pants,2,85.57,5,171.14,162.58,UPI,5.0
ORD101722,2023-10-08,CUST00695,39.0,Male,Central,Apparel,Women's Jeans,1,97.19,15,97.19,82.61,Net Banking,4.0
ORD101724,2023-10-08,CUST00336,34.0,Male,Central,Electronics,Smartphone Case,1,167.18,15,167.18,142.1,Debit Card,4.0
ORD101721,2023-10-08,CUST00113,44.0,Male,South,Electronics,Smartwatch,1,236.48,0,236.48,236.48,Credit Card,2.0
ORD101723,2023-10-08,CUST01174,29.0,Male,South,Electronics,USB-C Cable,1,207.03,0,207.03,207.03,Credit Card,3.0
ORD101719,2023-10-08,CUST00043,43.0,Male,North,Apparel,Women's Jeans,2,102.31,0,204.62,204.62,UPI,3.0
ORD101718,2023-10-08,CUST00973,59.0,Female,East,Beauty,Hair Dryer,1,52.91,0,52.91,52.91,UPI,3.0
ORD101717,2023-10-08,CUST00407,37.0,Female,West,Books,Mystery Thriller,1,16.11,10,16.11,14.5,Cash on Delivery,3.0
ORD101720,2023-10-08,CUST00881,25.0,Male,North,Electronics,Laptop Stand,1,99.21,0,99.21,99.21,Debit Card,3.0
ORD101725,2023-10-09,CUST00381,34.0,Female,North,Home & Kitchen,Coffee Maker,1,22.16,0,22.16,22.16,Credit Card,4.0
ORD101726,2023-10-09,CUST01123,36.0,Male,North,Electronics,Power Bank,1,219.8,0,219.8,219.8,Credit Card,3.0
ORD101727,2023-10-09,CUST00681,28.0,Male,Central,Apparel,Winter Jacket,1,116.16,20,116.16,92.93,UPI,3.0
ORD101728,2023-10-09,CUST00073,48.0,Male,North,Home & Kitchen,Coffee Maker,1,75.4,0,75.4,75.4,Debit Card,4.0
ORD101729,2023-10-09,CUST00455,48.0,Male,North,Apparel,Winter Jacket,1,21.13,0,21.13,21.13,Cash on Delivery,3.0
ORD101737,2023-10-10,CUST00247,39.0,Male,East,Electronics,Wireless Earbuds,1,188.19,0,188.19,188.19,UPI,5.0
ORD101736,2023-10-10,CUST00276,46.0,Female,North,Beauty,Hair Dryer,2,26.36,0,52.72,52.72,Debit Card,4.0
ORD101735,2023-10-10,CUST01170,63.0,Male,South,Electronics,USB-C Cable,4,214.37,0,857.48,857.48,Debit Card,4.0
ORD101734,2023-10-10,CUST00265,41.0,Female,East,Electronics,Bluetooth Speaker,1,122.42,10,122.42,110.18,Cash on Delivery,4.0
ORD101730,2023-10-10,CUST01165,47.0,Female,North,Electronics,Smartphone Case,1,77.83,0,77.83,77.83,Debit Card,2.0
ORD101732,2023-10-10,CUST00687,31.0,Male,South,Sports & Outdoors,Camping Tent,2,66.64,0,133.28,133.28,Cash on Delivery,2.0
ORD101731,2023-10-10,CUST00470,36.0,Female,West,Apparel,Women's Jeans,2,89.8,15,179.6,152.66,UPI,3.0
ORD101733,2023-10-10,CUST00437,45.0,Female,North,Books,Biography,2,35.15,5,70.3,66.78,Debit Card,3.0
ORD101743,2023-10-11,CUST00136,42.0,Female,West,Electronics,Wireless Earbuds,1,243.01,0,243.01,243.01,Debit Card,4.0
ORD101741,2023-10-11,CUST00558,45.0,Female,East,Sports & Outdoors,Resistance Bands,1,61.86,0,61.86,61.86,UPI,4.0
ORD101742,2023-10-11,CUST01044,21.0,Male,East,Apparel,Formal Shirt,1,44.57,0,44.57,44.57,Cash on Delivery,4.0
ORD101739,2023-10-11,CUST00431,20.0,Male,West,Electronics,Power Bank,4,142.77,0,571.08,571.08,UPI,4.0
ORD101740,2023-10-11,CUST00133,50.0,Female,Central,Apparel,Winter Jacket,1,68.58,0,68.58,68.58,Cash on Delivery,3.0
ORD101738,2023-10-11,CUST00234,38.0,Male,South,Electronics,Laptop Stand,1,55.54,0,55.54,55.54,UPI,4.0
ORD101744,2023-10-12,CUST01167,29.0,Male,East,Beauty,Sunscreen SPF50,1,32.68,25,32.68,24.51,UPI,3.0
ORD101745,2023-10-12,CUST00171,27.0,Other,Central,Home & Kitchen,Air Fryer,1,63.3,0,63.3,63.3,UPI,3.0
ORD101746,2023-10-12,CUST00369,27.0,Female,East,Apparel,Formal Shirt,4,10.19,0,40.76,40.76,Credit Card,4.0
ORD101747,2023-10-12,CUST00259,49.0,Female,South,Apparel,Winter Jacket,1,111.14,20,111.14,88.91,Debit Card,3.0
ORD101748,2023-10-12,CUST00620,44.0,Male,West,Apparel,Men's T-Shirt,1,68.19,0,68.19,68.19,Debit Card,4.0
ORD101749,2023-10-12,CUST00537,36.0,Male,North,Apparel,Formal Shirt,1,12.45,0,12.45,12.45,UPI,4.0
ORD101751,2023-10-13,CUST00560,35.0,Male,West,Electronics,Power Bank,1,153.6,0,153.6,153.6,Credit Card,2.0
ORD101752,2023-10-13,CUST00938,50.0,Other,Central,Electronics,USB-C Cable,1,44.75,5,44.75,42.51,Debit Card,1.0
ORD101750,2023-10-13,CUST00948,47.0,Female,North,Electronics,Laptop Stand,4,37.57,15,150.28,127.74,Debit Card,3.0
ORD101753,2023-10-14,CUST00144,53.0,Male,South,Electronics,Power Bank,1,157.41,10,157.41,141.67,Credit Card,3.0
ORD101754,2023-10-14,CUST00229,42.0,Female,East,Electronics,Smartphone Case,1,127.78,10,127.78,115.0,Credit Card,5.0
ORD101755,2023-10-14,CUST00106,18.0,Male,North,Sports & Outdoors,Hiking Backpack,1,190.51,0,190.51,190.51,Cash on Delivery,5.0
ORD101756,2023-10-14,CUST00664,53.0,Female,Central,Home & Kitchen,Air Fryer,2,176.07,10,352.14,316.93,Net Banking,4.0
ORD101757,2023-10-14,CUST00939,26.0,Male,North,Electronics,Laptop Stand,1,153.65,0,153.65,153.65,Cash on Delivery,3.0
ORD101758,2023-10-14,CUST00262,18.0,Male,South,Electronics,Laptop Stand,2,118.44,0,236.88,236.88,Credit Card,4.0
ORD101766,2023-10-15,CUST00626,31.0,Female,Central,Home & Kitchen,Cutlery Set,1,12.07,0,12.07,12.07,UPI,5.0
ORD101770,2023-10-15,CUST00796,22.0,Female,North,Beauty,Lipstick Set,1,65.7,0,65.7,65.7,Credit Card,5.0
ORD101769,2023-10-15,CUST00814,29.0,Male,Central,Beauty,Shampoo,1,81.49,5,81.49,77.42,Debit Card,4.0
ORD101768,2023-10-15,CUST00728,40.0,Male,East,Apparel,Formal Shirt,1,42.49,5,42.49,40.37,UPI,5.0
ORD101767,2023-10-15,CUST00915,18.0,Female,North,Electronics,Power Bank,4,212.7,0,850.8,850.8,Credit Card,3.0
ORD101765,2023-10-15,CUST00382,18.0,Female,North,Electronics,Laptop Stand,1,26.55,5,26.55,25.22,Credit Card,5.0
ORD101760,2023-10-15,CUST00547,34.0,Male,East,Sports & Outdoors,Water Bottle,1,56.69,25,56.69,42.52,UPI,4.0
ORD101763,2023-10-15,CUST00801,38.0,Female,South,Apparel,Formal Shirt,1,69.18,0,69.18,69.18,Debit Card,5.0
ORD101762,2023-10-15,CUST00288,47.0,Female,South,Beauty,Facial Serum,1,71.13,10,71.13,64.02,UPI,5.0
ORD101761,2023-10-15,CUST00068,30.0,Male,Central,Electronics,Smartphone Case,2,245.52,0,491.04,491.04,UPI,3.0
ORD101759,2023-10-15,CUST00914,58.0,Female,East,Home & Kitchen,Air Fryer,2,151.79,0,303.58,303.58,UPI,5.0
ORD101764,2023-10-15,CUST00155,41.0,Male,North,Electronics,Webcam,2,67.73,15,135.46,115.14,Credit Card,5.0
ORD101771,2023-10-16,CUST00207,18.0,Female,East,Electronics,Bluetooth Speaker,1,113.96,10,113.96,102.56,UPI,4.0
ORD101772,2023-10-16,CUST00144,53.0,Male,East,Electronics,Laptop Stand,1,217.05,0,217.05,217.05,Net Banking,4.0
ORD101773,2023-10-16,CUST01182,32.0,Female,West,Apparel,Winter Jacket,1,57.81,0,57.81,57.81,Debit Card,2.0
ORD101774,2023-10-16,CUST00144,53.0,Male,West,Sports & Outdoors,Camping Tent,2,124.69,10,249.38,224.44,UPI,5.0
ORD101775,2023-10-16,CUST00212,41.0,Male,North,Electronics,Smartwatch,1,139.91,0,139.91,139.91,UPI,4.0
ORD101776,2023-10-16,CUST00624,45.0,Female,North,Home & Kitchen,LED Desk Lamp,1,62.48,0,62.48,62.48,Net Banking,2.0
ORD101777,2023-10-16,CUST00006,49.0,Female,West,Electronics,Laptop Stand,1,106.62,0,106.62,106.62,Credit Card,3.0
ORD101778,2023-10-16,CUST00592,36.0,Female,South,Apparel,Men's T-Shirt,1,38.05,0,38.05,38.05,Debit Card,5.0
ORD101779,2023-10-16,CUST00556,60.0,Male,North,Electronics,USB-C Cable,1,134.23,0,134.23,134.23,Cash on Delivery,4.0
ORD101785,2023-10-17,CUST00648,34.0,Female,South,Apparel,Men's T-Shirt,1,53.07,15,53.07,45.11,UPI,3.0
ORD101784,2023-10-17,CUST00151,33.0,Male,South,Apparel,Yoga Pants,1,65.11,10,65.11,58.6,Credit Card,3.0
ORD101783,2023-10-17,CUST00098,44.0,Male,West,Electronics,Laptop Stand,1,238.86,0,238.86,238.86,Credit Card,4.0
ORD101781,2023-10-17,CUST00561,34.0,Female,North,Electronics,Bluetooth Speaker,1,152.49,0,152.49,152.49,Debit Card,4.0
ORD101780,2023-10-17,CUST00289,45.0,Female,West,Sports & Outdoors,Cycling Helmet,1,27.6,0,27.6,27.6,Credit Card,4.0
ORD101782,2023-10-17,CUST00488,29.0,Female,East,Electronics,Smartwatch,4,126.45,0,505.8,505.8,Debit Card,3.0
ORD101786,2023-10-18,CUST00766,18.0,Male,West,Apparel,Formal Shirt,1,59.89,0,59.89,59.89,Credit Card,2.0
ORD101787,2023-10-18,CUST00442,54.0,Female,Central,Sports & Outdoors,Tennis Racket,2,88.34,0,176.68,176.68,Credit Card,2.0
ORD101788,2023-10-18,CUST00943,19.0,Male,North,Sports & Outdoors,Yoga Mat,1,21.27,0,21.27,21.27,Debit Card,3.0
ORD101789,2023-10-18,CUST00586,21.0,Other,North,Beauty,Facial Serum,3,64.97,0,194.91,194.91,Credit Card,2.0
ORD101796,2023-10-19,CUST00501,72.0,Male,West,Apparel,Wool Sweater,1,114.64,0,114.64,114.64,Debit Card,5.0
ORD101795,2023-10-19,CUST01083,35.0,Male,North,Books,Biography,1,30.92,0,30.92,30.92,UPI,5.0
ORD101794,2023-10-19,CUST00061,18.0,Male,East,Electronics,Wireless Earbuds,1,249.43,5,249.43,236.96,Debit Card,5.0
ORD101791,2023-10-19,CUST00557,43.0,Female,North,Electronics,Webcam,1,85.03,0,85.03,85.03,Credit Card,4.0
ORD101792,2023-10-19,CUST00595,18.0,Other,Central,Beauty,Facial Serum,1,82.86,0,82.86,82.86,Cash on Delivery,4.0
ORD101790,2023-10-19,CUST00410,,Other,South,Home & Kitchen,Non-stick Pan,1,30.97,0,30.97,30.97,Debit Card,3.0
ORD101793,2023-10-19,CUST01091,41.0,Male,East,Books,Cookbook,1,31.12,0,31.12,31.12,Credit Card,3.0
ORD101803,2023-10-20,CUST00207,18.0,Female,South,Electronics,Smartphone Case,1,127.29,0,127.29,127.29,Debit Card,3.0
ORD101804,2023-10-20,CUST01125,38.0,Female,North,Beauty,Lipstick Set,1,50.33,15,50.33,42.78,Debit Card,3.0
ORD101805,2023-10-20,CUST00368,39.0,Male,North,Electronics,Webcam,1,108.32,0,108.32,108.32,Cash on Delivery,4.0
ORD101802,2023-10-20,CUST00766,18.0,Male,North,Electronics,Power Bank,2,214.87,0,429.74,429.74,Credit Card,3.0
ORD101798,2023-10-20,CUST00108,18.0,Male,East,Apparel,Yoga Pants,3,103.48,0,310.44,310.44,UPI,4.0
ORD101800,2023-10-20,CUST00220,30.0,Male,East,Electronics,USB-C Cable,1,20.68,0,20.68,20.68,Debit Card,4.0
ORD101797,2023-10-20,CUST00470,36.0,Female,North,Beauty,Face Moisturizer,3,65.63,0,196.89,196.89,Credit Card,4.0
ORD101801,2023-10-20,CUST00990,39.0,Female,South,Electronics,Laptop Stand,2,33.34,0,66.68,66.68,Cash on Delivery,4.0
ORD101799,2023-10-20,CUST00592,36.0,Female,North,Beauty,Nail Polish,1,17.65,0,17.65,17.65,Credit Card,4.0
ORD101813,2023-10-21,CUST00152,25.0,Male,South,Apparel,Winter Jacket,1,80.08,0,80.08,80.08,Credit Card,
ORD101817,2023-10-21,CUST00357,50.0,Male,South,Beauty,Hair Dryer,1,74.92,0,74.92,74.92,UPI,5.0
ORD101816,2023-10-21,CUST00878,35.0,Other,North,Electronics,USB-C Cable,1,83.49,0,83.49,83.49,Credit Card,2.0
ORD101815,2023-10-21,CUST01187,26.0,Male,East,Electronics,Laptop Stand,1,110.07,20,110.07,88.06,Credit Card,3.0
ORD101814,2023-10-21,CUST01039,27.0,Male,West,Home & Kitchen,Coffee Maker,1,50.17,0,50.17,50.17,Cash on Delivery,3.0
ORD101812,2023-10-21,CUST01127,37.0,Female,North,Apparel,Men's T-Shirt,1,39.71,25,39.71,29.78,UPI,2.0
ORD101811,2023-10-21,CUST00098,44.0,Male,West,Home & Kitchen,Non-stick Pan,1,174.91,0,174.91,174.91,Credit Card,3.0
ORD101810,2023-10-21,CUST00865,23.0,Male,South,Apparel,Men's T-Shirt,1,118.23,5,118.23,112.32,UPI,4.0
ORD101809,2023-10-21,CUST00657,28.0,Female,West,Sports & Outdoors,Resistance Bands,1,14.88,0,14.88,14.88,Cash on Delivery,5.0
ORD101808,2023-10-21,CUST01159,36.0,Male,North,Sports & Outdoors,Tennis Racket,1,196.69,5,196.69,186.86,Cash on Delivery,4.0
ORD101807,2023-10-21,CUST00984,29.0,Female,West,Sports & Outdoors,Hiking Backpack,1,15.63,0,15.63,15.63,Credit Card,5.0
ORD101806,2023-10-21,CUST00793,27.0,Female,South,Home & Kitchen,LED Desk Lamp,1,59.15,0,59.15,59.15,UPI,2.0
ORD101825,2023-10-22,CUST00385,34.0,Female,South,Sports & Outdoors,Cycling Helmet,1,131.73,0,131.73,131.73,Cash on Delivery,3.0
ORD101824,2023-10-22,CUST00249,19.0,Male,South,Sports & Outdoors,Resistance Bands,2,32.72,10,65.44,58.9,Credit Card,4.0
ORD101823,2023-10-22,CUST01108,52.0,Male,North,Home & Kitchen,LED Desk Lamp,1,95.14,0,95.14,95.14,Credit Card,4.0
ORD101826,2023-10-22,CUST00830,40.0,Female,Central,Electronics,Webcam,4,25.28,15,101.12,85.95,UPI,3.0
ORD101821,2023-10-22,CUST00285,21.0,Female,North,Electronics,Smartphone Case,1,211.25,0,211.25,211.25,UPI,3.0
ORD101820,2023-10-22,CUST00538,53.0,Female,East,Home & Kitchen,Blender,2,55.46,0,110.92,110.92,Debit Card,4.0
ORD101819,2023-10-22,CUST00225,38.0,Male,West,Apparel,Formal Shirt,1,111.46,20,111.46,89.17,Debit Card,4.0
ORD101818,2023-10-22,CUST01035,47.0,Female,South,Apparel,Men's T-Shirt,1,90.15,10,90.15,81.13,Credit Card,4.0
ORD101822,2023-10-22,CUST00612,45.0,Female,East,Electronics,Laptop Stand,1,37.36,0,37.36,37.36,Credit Card,3.0
ORD101836,2023-10-23,CUST00924,50.0,Male,Central,Apparel,Men's T-Shirt,3,41.45,15,124.35,105.7,Cash on Delivery,5.0
ORD101835,2023-10-23,CUST01108,52.0,Male,North,Electronics,USB-C Cable,1,86.17,0,86.17,86.17,Debit Card,4.0
ORD101834,2023-10-23,CUST00004,40.0,Male,Central,Sports & Outdoors,Resistance Bands,1,188.58,5,188.58,179.15,Debit Card,3.0
ORD101833,2023-10-23,CUST00555,18.0,Male,North,Books,Biography,1,33.95,0,33.95,33.95,Credit Card,3.0
ORD101832,2023-10-23,CUST00892,29.0,Male,East,Apparel,Women's Jeans,3,94.07,15,282.21,239.88,Credit Card,4.0
ORD101831,2023-10-23,CUST00081,32.0,Female,Central,Sports & Outdoors,Yoga Mat,1,97.0,10,97.0,87.3,Cash on Delivery,1.0
ORD101829,2023-10-23,CUST00570,20.0,Female,North,Apparel,Winter Jacket,2,114.56,25,229.12,171.84,UPI,3.0
ORD101828,2023-10-23,CUST00236,44.0,Male,Central,Home & Kitchen,Storage Bins,1,68.89,25,68.89,51.67,Debit Card,5.0
ORD101827,2023-10-23,CUST00254,35.0,Female,Central,Beauty,Hair Dryer,1,65.06,0,65.06,65.06,Credit Card,3.0
ORD101830,2023-10-23,CUST00568,44.0,Female,North,Sports & Outdoors,Dumbbell Set,1,194.72,15,194.72,165.51,Debit Card,5.0
ORD101844,2023-10-24,CUST00918,28.0,Male,North,Home & Kitchen,Storage Bins,3,82.87,25,248.61,186.46,Debit Card,3.0
ORD101843,2023-10-24,CUST01159,36.0,Male,East,Apparel,Yoga Pants,1,32.42,10,32.42,29.18,Credit Card,4.0
ORD101842,2023-10-24,CUST00039,47.0,Female,Central,Apparel,Winter Jacket,1,70.27,0,70.27,70.27,Credit Card,4.0
ORD101841,2023-10-24,CUST00301,26.0,Male,South,Electronics,Wireless Earbuds,2,151.73,0,303.46,303.46,Debit Card,5.0
ORD101839,2023-10-24,CUST00790,19.0,Male,East,Home & Kitchen,LED Desk Lamp,1,37.0,0,37.0,37.0,Debit Card,5.0
ORD101838,2023-10-24,CUST00097,30.0,Male,Central,Home & Kitchen,Throw Pillow,2,121.17,0,242.34,242.34,Credit Card,4.0
ORD101840,2023-10-24,CUST00730,28.0,Female,North,Home & Kitchen,Coffee Maker,3,162.06,0,486.18,486.18,Credit Card,3.0
ORD101837,2023-10-24,CUST00955,37.0,Female,North,Home & Kitchen,Cutlery Set,1,66.73,0,66.73,66.73,UPI,1.0
ORD101845,2023-10-25,CUST00245,38.0,Female,North,Beauty,Facial Serum,1,36.77,0,36.77,36.77,Credit Card,3.0
ORD101846,2023-10-25,CUST00575,38.0,Male,Central,Sports & Outdoors,Yoga Mat,2,190.69,0,381.38,381.38,Credit Card,3.0
ORD101847,2023-10-25,CUST00581,,Female,South,Home & Kitchen,Storage Bins,1,177.57,0,177.57,177.57,Cash on Delivery,3.0
ORD101848,2023-10-25,CUST00496,29.0,Female,South,Electronics,Laptop Stand,1,165.22,0,165.22,165.22,Credit Card,3.0
ORD101849,2023-10-25,CUST00779,27.0,Female,North,Beauty,Shampoo,2,68.73,0,137.46,137.46,Debit Card,3.0
ORD101850,2023-10-25,CUST00662,38.0,Male,West,Electronics,Power Bank,3,60.67,0,182.01,182.01,Credit Card,2.0
ORD101851,2023-10-26,CUST00948,47.0,Female,Central,Electronics,Wireless Earbuds,2,225.78,10,451.56,406.4,UPI,4.0
ORD101852,2023-10-26,CUST00455,48.0,Male,South,Sports & Outdoors,Yoga Mat,1,95.24,10,95.24,85.72,Credit Card,4.0
ORD101853,2023-10-26,CUST00097,30.0,Male,Central,Beauty,Perfume,2,49.35,0,98.7,98.7,UPI,4.0
ORD101854,2023-10-26,CUST00936,42.0,Female,East,Apparel,Yoga Pants,1,25.65,0,25.65,25.65,UPI,4.0
ORD101855,2023-10-26,CUST01078,38.0,Male,North,Apparel,Winter Jacket,1,101.7,0,101.7,101.7,Credit Card,5.0
ORD101856,2023-10-26,CUST00828,28.0,Female,East,Electronics,Webcam,1,151.96,10,151.96,136.76,UPI,4.0
ORD101862,2023-10-27,CUST00063,57.0,Female,,Sports & Outdoors,Hiking Backpack,1,107.19,0,107.19,107.19,Credit Card,2.0
ORD101860,2023-10-27,CUST00597,26.0,Male,West,Electronics,Bluetooth Speaker,1,212.17,0,212.17,212.17,Credit Card,2.0
ORD101861,2023-10-27,CUST00875,18.0,Male,West,Beauty,Nail Polish,5,16.23,0,81.15,81.15,UPI,4.0
ORD101859,2023-10-27,CUST00761,29.0,Male,East,Electronics,USB-C Cable,3,15.02,0,45.06,45.06,Debit Card,4.0
ORD101857,2023-10-27,CUST00926,28.0,Male,South,Apparel,Women's Jeans,1,31.78,10,31.78,28.6,Credit Card,3.0
ORD101858,2023-10-27,CUST00443,27.0,Female,North,Home & Kitchen,Air Fryer,1,86.64,0,86.64,86.64,Net Banking,3.0
ORD101863,2023-10-28,CUST00519,44.0,Male,West,Apparel,Running Shoes,5,112.96,0,564.8,564.8,Credit Card,3.0
ORD101864,2023-10-28,CUST00587,46.0,Female,South,Electronics,Laptop Stand,1,133.77,0,133.77,133.77,Cash on Delivery,5.0
ORD101865,2023-10-28,CUST00330,26.0,Male,South,Electronics,Wireless Earbuds,1,108.58,0,108.58,108.58,Cash on Delivery,4.0
ORD101866,2023-10-28,CUST00719,24.0,Male,West,Apparel,Running Shoes,1,104.81,0,104.81,104.81,UPI,5.0
ORD101867,2023-10-29,CUST00751,31.0,Female,North,Apparel,Women's Jeans,4,45.0,25,180.0,135.0,Debit Card,
ORD101868,2023-10-29,CUST01005,52.0,Male,South,Electronics,Wireless Earbuds,1,65.08,0,65.08,65.08,UPI,4.0
ORD101869,2023-10-29,CUST00331,54.0,Female,North,Beauty,Sunscreen SPF50,2,69.49,0,138.98,138.98,UPI,5.0
ORD101870,2023-10-29,CUST01117,38.0,Female,South,Apparel,Yoga Pants,1,48.29,10,48.29,43.46,Credit Card,2.0
ORD101871,2023-10-29,CUST00023,19.0,Male,West,Electronics,Power Bank,1,241.0,0,241.0,241.0,Cash on Delivery,5.0
ORD101872,2023-10-29,CUST01144,45.0,Male,West,Sports & Outdoors,Resistance Bands,2,107.77,20,215.54,172.43,Cash on Delivery,4.0
ORD101873,2023-10-29,CUST00162,28.0,Male,West,Apparel,Winter Jacket,1,88.51,0,88.51,88.51,Debit Card,4.0
ORD101874,2023-10-29,CUST00537,36.0,Male,West,Books,Biography,2,33.35,0,66.7,66.7,UPI,4.0
ORD101884,2023-10-30,CUST00153,33.0,Male,West,Apparel,Formal Shirt,1,34.06,0,34.06,34.06,Cash on Delivery,5.0
ORD101885,2023-10-30,CUST00999,43.0,Other,South,Apparel,Formal Shirt,1,117.56,0,117.56,117.56,Debit Card,4.0
ORD101879,2023-10-30,CUST00475,34.0,Other,Central,Electronics,Laptop Stand,1,72.13,0,72.13,72.13,Credit Card,5.0
ORD101887,2023-10-30,CUST00622,37.0,Male,East,Home & Kitchen,LED Desk Lamp,1,59.3,0,59.3,59.3,Debit Card,4.0
ORD101883,2023-10-30,CUST00047,18.0,Male,West,Electronics,Wireless Earbuds,4,135.92,0,543.68,543.68,Credit Card,
ORD101886,2023-10-30,CUST01055,30.0,Female,East,Beauty,Shampoo,1,58.46,0,58.46,58.46,Debit Card,4.0
ORD101882,2023-10-30,CUST00180,41.0,Male,West,Apparel,Winter Jacket,1,72.34,0,72.34,72.34,Debit Card,4.0
ORD101877,2023-10-30,CUST00492,41.0,Female,West,Home & Kitchen,LED Desk Lamp,1,132.3,0,132.3,132.3,UPI,4.0
ORD101880,2023-10-30,CUST00526,39.0,Male,South,Apparel,Yoga Pants,1,75.65,10,75.65,68.09,UPI,2.0
ORD101878,2023-10-30,CUST00841,55.0,Male,West,Home & Kitchen,Throw Pillow,1,68.43,0,68.43,68.43,Debit Card,3.0
ORD101881,2023-10-30,CUST00580,18.0,Female,South,Sports & Outdoors,Camping Tent,1,88.87,0,88.87,88.87,Cash on Delivery,2.0
ORD101876,2023-10-30,CUST00931,61.0,Female,East,Beauty,Nail Polish,1,51.22,0,51.22,51.22,Credit Card,4.0
ORD101875,2023-10-30,CUST00179,43.0,Male,West,Beauty,Perfume,2,89.49,0,178.98,178.98,UPI,4.0
ORD101896,2023-10-31,CUST01091,41.0,Male,Central,Apparel,Formal Shirt,1,41.91,0,41.91,41.91,UPI,5.0
ORD101895,2023-10-31,CUST00575,38.0,Male,West,Electronics,Laptop Stand,1,82.95,0,82.95,82.95,Credit Card,
ORD101894,2023-10-31,CUST00514,26.0,Male,West,Home & Kitchen,Air Fryer,2,158.51,0,317.02,317.02,UPI,5.0
ORD101893,2023-10-31,CUST00262,18.0,Male,North,Books,Cookbook,1,37.68,0,37.68,37.68,Cash on Delivery,3.0
ORD101891,2023-10-31,CUST00356,29.0,Female,East,Sports & Outdoors,Dumbbell Set,1,111.21,10,111.21,100.09,Cash on Delivery,
ORD101890,2023-10-31,CUST00082,47.0,Male,West,Electronics,Power Bank,1,239.44,15,239.44,203.52,Credit Card,4.0
ORD101889,2023-10-31,CUST00724,32.0,Female,North,Apparel,Men's T-Shirt,1,38.99,0,38.99,38.99,Credit Card,4.0
ORD101888,2023-10-31,CUST00653,42.0,Female,West,Electronics,Bluetooth Speaker,5,148.6,10,743.0,668.7,UPI,5.0
ORD101892,2023-10-31,CUST00171,27.0,Other,Central,Electronics,USB-C Cable,5,121.15,0,605.75,605.75,Credit Card,3.0
ORD101903,2023-11-01,CUST00128,33.0,Male,South,Sports & Outdoors,Yoga Mat,1,198.4,0,198.4,198.4,Net Banking,
ORD101905,2023-11-01,CUST01084,25.0,Female,West,Electronics,Bluetooth Speaker,1,185.72,5,185.72,176.43,UPI,3.0
ORD101904,2023-11-01,CUST00504,32.0,Male,East,Electronics,Smartwatch,1,99.99,0,99.99,99.99,Credit Card,3.0
ORD101902,2023-11-01,CUST00720,45.0,Female,North,Beauty,Nail Polish,1,61.06,0,61.06,61.06,UPI,4.0
ORD101900,2023-11-01,CUST00444,25.0,Female,East,Electronics,Power Bank,1,128.05,25,128.05,96.04,Credit Card,3.0
ORD101899,2023-11-01,CUST00567,28.0,Male,North,Home & Kitchen,Throw Pillow,2,45.27,0,90.54,90.54,UPI,3.0
ORD101898,2023-11-01,CUST01094,46.0,Male,South,Books,Mystery Thriller,3,10.22,10,30.66,27.59,UPI,3.0
ORD101897,2023-11-01,CUST00813,34.0,Male,West,Home & Kitchen,Cutlery Set,3,71.93,0,215.79,215.79,UPI,4.0
ORD101901,2023-11-01,CUST00100,36.0,Female,South,Beauty,Hair Dryer,1,59.24,0,59.24,59.24,UPI,3.0
ORD101906,2023-11-02,CUST00040,26.0,Male,South,Sports & Outdoors,Dumbbell Set,3,83.29,0,249.87,249.87,UPI,3.0
ORD101907,2023-11-02,CUST00429,47.0,Female,South,Beauty,Nail Polish,1,31.84,0,31.84,31.84,Debit Card,3.0
ORD101908,2023-11-02,CUST00986,26.0,Female,East,Electronics,Wireless Earbuds,1,91.49,0,91.49,91.49,UPI,2.0
ORD101909,2023-11-02,CUST00851,26.0,Female,Central,Books,Mystery Thriller,1,28.35,15,28.35,24.1,Cash on Delivery,5.0
ORD101910,2023-11-02,CUST00809,18.0,Female,West,Apparel,Wool Sweater,2,60.1,0,120.2,120.2,Credit Card,4.0
ORD101911,2023-11-02,CUST01117,38.0,Female,Central,Electronics,Smartwatch,3,190.85,0,572.55,572.55,Credit Card,3.0
ORD101912,2023-11-02,CUST00508,27.0,Female,South,Home & Kitchen,LED Desk Lamp,1,158.46,0,158.46,158.46,Cash on Delivery,4.0
ORD101913,2023-11-02,CUST00895,,Male,,Apparel,Women's Jeans,1,87.63,0,87.63,87.63,Cash on Delivery,4.0
ORD101914,2023-11-02,CUST00884,29.0,Male,West,Apparel,Wool Sweater,2,41.41,0,82.82,82.82,Credit Card,2.0
ORD101915,2023-11-02,CUST00581,18.0,Female,North,Sports & Outdoors,Water Bottle,2,24.97,5,49.94,47.44,Credit Card,5.0
ORD101920,2023-11-03,CUST01026,53.0,Male,Central,Apparel,Winter Jacket,2,17.73,15,35.46,30.14,Credit Card,5.0
ORD101919,2023-11-03,CUST01035,47.0,Female,Central,Apparel,Men's T-Shirt,1,82.03,5,82.03,77.93,Debit Card,3.0
ORD101921,2023-11-03,CUST00450,44.0,Male,Central,Sports & Outdoors,Cycling Helmet,3,115.54,5,346.62,329.29,Cash on Delivery,4.0
ORD101917,2023-11-03,CUST00011,54.0,Male,North,Home & Kitchen,Air Fryer,1,101.29,20,101.29,81.03,Net Banking,4.0
ORD101916,2023-11-03,CUST00222,31.0,Female,East,Apparel,Men's T-Shirt,5,74.33,0,371.65,371.65,Net Banking,3.0
ORD101918,2023-11-03,CUST00951,41.0,Female,South,Electronics,Smartphone Case,1,91.77,0,91.77,91.77,UPI,3.0
ORD101936,2023-11-04,CUST01103,18.0,Male,West,Electronics,Smartwatch,3,126.0,0,378.0,378.0,UPI,3.0
ORD101935,2023-11-04,CUST00915,18.0,Female,Central,Apparel,Winter Jacket,3,63.96,0,191.88,191.88,UPI,3.0
ORD101934,2023-11-04,CUST00259,49.0,Female,North,Apparel,Baseball Cap,1,14.47,0,14.47,14.47,Debit Card,5.0
ORD101933,2023-11-04,CUST00164,28.0,Male,South,Books,Biography,1,15.72,0,15.72,15.72,Debit Card,3.0
ORD101932,2023-11-04,CUST00762,49.0,Female,South,Apparel,Winter Jacket,5,113.27,0,566.35,566.35,UPI,4.0
ORD101931,2023-11-04,CUST00276,46.0,Female,East,Electronics,Bluetooth Speaker,1,164.24,15,164.24,139.6,Cash on Delivery,3.0
ORD101929,2023-11-04,CUST01148,51.0,Male,South,Electronics,Laptop Stand,1,217.06,25,217.06,162.8,UPI,4.0
ORD101930,2023-11-04,CUST00702,48.0,Female,West,Home & Kitchen,Storage Bins,1,25.81,0,25.81,25.81,Net Banking,4.0
ORD101927,2023-11-04,CUST00013,47.0,Female,West,Sports & Outdoors,Tennis Racket,1,92.73,5,92.73,88.09,Cash on Delivery,5.0
ORD101926,2023-11-04,CUST00340,37.0,Female,South,Home & Kitchen,Cutlery Set,1,107.16,25,107.16,80.37,Credit Card,2.0
ORD101925,2023-11-04,CUST00312,35.0,Female,Central,Sports & Outdoors,Tennis Racket,1,17.14,0,17.14,17.14,UPI,3.0
ORD101924,2023-11-04,CUST00242,47.0,Male,West,Apparel,Men's T-Shirt,1,21.1,5,21.1,20.04,Credit Card,4.0
ORD101923,2023-11-04,CUST00077,26.0,Female,West,Electronics,Bluetooth Speaker,1,108.31,0,108.31,108.31,Debit Card,3.0
ORD101922,2023-11-04,CUST00277,35.0,Male,South,Home & Kitchen,LED Desk Lamp,1,33.36,10,33.36,30.02,Credit Card,4.0
ORD101928,2023-11-04,CUST01016,43.0,Female,West,Electronics,Smartphone Case,1,161.98,0,161.98,161.98,UPI,3.0
ORD101944,2023-11-05,CUST00277,35.0,Male,North,Electronics,USB-C Cable,2,68.37,0,136.74,136.74,UPI,5.0
ORD101946,2023-11-05,CUST00182,32.0,Female,North,Home & Kitchen,Air Fryer,4,61.62,0,246.48,246.48,UPI,5.0
ORD101945,2023-11-05,CUST00104,30.0,Male,Central,Home & Kitchen,Cutlery Set,1,64.15,0,64.15,64.15,UPI,3.0
ORD101947,2023-11-05,CUST00930,49.0,Female,South,Books,Biography,4,38.37,15,153.48,130.46,Debit Card,3.0
ORD101943,2023-11-05,CUST00287,29.0,Male,East,Sports & Outdoors,Hiking Backpack,1,178.79,0,178.79,178.79,UPI,5.0
ORD101939,2023-11-05,CUST01142,33.0,Female,East,Beauty,Facial Serum,2,18.76,0,37.52,37.52,UPI,5.0
ORD101941,2023-11-05,CUST00489,41.0,Male,North,Home & Kitchen,Blender,1,106.42,0,106.42,106.42,Debit Card,5.0
ORD101940,2023-11-05,CUST01095,39.0,Female,West,Electronics,Smartphone Case,1,21.1,0,21.1,21.1,Cash on Delivery,4.0
ORD101938,2023-11-05,CUST01036,36.0,Female,West,Electronics,Smartwatch,1,224.86,0,224.86,224.86,UPI,5.0
ORD101937,2023-11-05,CUST00095,49.0,Male,West,Books,Fiction Novel,1,20.71,0,20.71,20.71,Net Banking,5.0
ORD101942,2023-11-05,CUST00831,45.0,Male,South,Apparel,Men's T-Shirt,1,91.33,0,91.33,91.33,Debit Card,4.0
ORD101952,2023-11-06,CUST01002,34.0,Male,East,Electronics,Laptop Stand,2,36.29,5,72.58,68.95,UPI,5.0
ORD101950,2023-11-06,CUST00084,26.0,Female,North,Electronics,Webcam,5,219.34,0,1096.7,1096.7,Cash on Delivery,4.0
ORD101951,2023-11-06,CUST00062,18.0,Female,North,Beauty,Face Moisturizer,3,53.84,0,161.52,161.52,UPI,3.0
ORD101948,2023-11-06,CUST01142,33.0,Female,South,Beauty,Lipstick Set,2,58.81,0,117.62,117.62,Credit Card,3.0
ORD101949,2023-11-06,CUST00603,51.0,Male,North,Sports & Outdoors,Hiking Backpack,1,100.29,0,100.29,100.29,Credit Card,5.0
ORD101962,2023-11-07,CUST00707,32.0,Female,North,Books,Self-Help Guide,1,10.08,10,10.08,9.07,UPI,4.0
ORD101967,2023-11-07,CUST00353,21.0,Female,North,Apparel,Running Shoes,1,41.9,0,41.9,41.9,Debit Card,4.0
ORD101966,2023-11-07,CUST00536,52.0,Female,South,Apparel,Baseball Cap,1,19.68,5,19.68,18.7,UPI,3.0
ORD101965,2023-11-07,CUST01010,40.0,Male,Central,Electronics,Smartwatch,1,83.12,25,83.12,62.34,Debit Card,3.0
ORD101964,2023-11-07,CUST00283,19.0,Female,South,Electronics,Laptop Stand,1,85.08,5,85.08,80.83,Credit Card,4.0
ORD101963,2023-11-07,CUST00314,35.0,Male,North,Home & Kitchen,LED Desk Lamp,2,97.58,0,195.16,195.16,Net Banking,4.0
ORD101961,2023-11-07,CUST00677,22.0,Female,West,Electronics,Bluetooth Speaker,1,157.59,0,157.59,157.59,Credit Card,4.0
ORD101959,2023-11-07,CUST00496,29.0,Female,West,Beauty,Face Moisturizer,1,47.1,20,47.1,37.68,UPI,4.0
ORD101958,2023-11-07,CUST00052,32.0,Male,East,Books,Fiction Novel,1,12.45,5,12.45,11.83,Debit Card,3.0
ORD101957,2023-11-07,CUST00891,50.0,Female,West,Home & Kitchen,Blender,1,153.59,0,153.59,153.59,UPI,5.0
ORD101956,2023-11-07,CUST00862,29.0,Male,East,Electronics,Laptop Stand,1,102.15,0,102.15,102.15,Debit Card,4.0
ORD101955,2023-11-07,CUST01020,45.0,Female,East,Apparel,Formal Shirt,1,105.36,20,105.36,84.29,Cash on Delivery,3.0
ORD101954,2023-11-07,CUST00077,26.0,Female,West,Electronics,Laptop Stand,3,101.35,0,304.05,304.05,Cash on Delivery,2.0
ORD101953,2023-11-07,CUST00716,61.0,Female,West,Electronics,USB-C Cable,1,176.65,0,176.65,176.65,Credit Card,4.0
ORD101960,2023-11-07,CUST00708,24.0,Male,East,Books,Business Book,2,37.75,5,75.5,71.72,UPI,3.0
ORD101972,2023-11-08,CUST00027,54.0,Male,East,Apparel,Women's Jeans,3,98.27,0,294.81,294.81,Cash on Delivery,4.0
ORD101968,2023-11-08,CUST00749,21.0,Female,West,Home & Kitchen,LED Desk Lamp,1,116.02,0,116.02,116.02,Debit Card,3.0
ORD101969,2023-11-08,CUST00189,23.0,Female,West,Home & Kitchen,Blender,4,142.75,0,571.0,571.0,UPI,3.0
ORD101970,2023-11-08,CUST00497,35.0,Male,East,Electronics,Power Bank,1,31.81,0,31.81,31.81,Debit Card,3.0
ORD101971,2023-11-08,CUST00557,43.0,Female,West,Electronics,Bluetooth Speaker,1,129.59,0,129.59,129.59,UPI,3.0
ORD101973,2023-11-08,CUST00438,19.0,Female,West,Electronics,Wireless Earbuds,5,120.39,0,601.95,601.95,UPI,5.0
ORD101977,2023-11-09,CUST00886,43.0,Male,North,Home & Kitchen,Non-stick Pan,5,125.93,0,629.65,629.65,UPI,3.0
ORD101976,2023-11-09,CUST00688,31.0,Male,South,Sports & Outdoors,Camping Tent,2,134.85,0,269.7,269.7,Debit Card,4.0
ORD101974,2023-11-09,CUST00801,38.0,Female,West,Home & Kitchen,Cutlery Set,1,135.03,0,135.03,135.03,Credit Card,4.0
ORD101975,2023-11-09,CUST00489,41.0,Male,North,Home & Kitchen,LED Desk Lamp,1,138.41,5,138.41,131.49,UPI,2.0
ORD101990,2023-11-10,CUST00284,21.0,Female,North,Home & Kitchen,LED Desk Lamp,1,89.72,0,89.72,89.72,Credit Card,3.0
ORD101989,2023-11-10,CUST00497,35.0,Male,North,Electronics,Webcam,1,80.88,0,80.88,80.88,Net Banking,2.0
ORD101988,2023-11-10,CUST00481,,Female,East,Sports & Outdoors,Tennis Racket,4,62.33,0,249.32,249.32,Credit Card,2.0
ORD101986,2023-11-10,CUST00127,57.0,Male,Central,Electronics,Smartphone Case,2,148.84,0,297.68,297.68,UPI,4.0
ORD101987,2023-11-10,CUST00886,43.0,Male,South,Home & Kitchen,Coffee Maker,1,134.46,0,134.46,134.46,Debit Card,4.0
ORD101985,2023-11-10,CUST00494,30.0,Female,South,Electronics,Bluetooth Speaker,2,178.87,0,357.74,357.74,UPI,4.0
ORD101980,2023-11-10,CUST00924,50.0,Male,North,Home & Kitchen,Cutlery Set,1,88.11,15,88.11,74.89,Debit Card,5.0
ORD101983,2023-11-10,CUST00635,31.0,Male,West,Books,Self-Help Guide,1,8.29,5,8.29,7.88,UPI,3.0
ORD101982,2023-11-10,CUST01175,23.0,Female,South,Apparel,Men's T-Shirt,1,49.06,0,49.06,49.06,UPI,
ORD101981,2023-11-10,CUST00341,,Female,North,Electronics,Smartwatch,3,238.74,0,716.22,716.22,Debit Card,5.0
ORD101979,2023-11-10,CUST00302,44.0,Female,North,Home & Kitchen,LED Desk Lamp,3,62.02,5,186.06,176.76,Credit Card,5.0
ORD101978,2023-11-10,CUST00245,38.0,Female,East,Electronics,USB-C Cable,1,102.28,5,102.28,97.17,Credit Card,3.0
ORD101984,2023-11-10,CUST00648,34.0,Female,East,Apparel,Women's Jeans,1,43.5,5,43.5,41.33,UPI,5.0
ORD101995,2023-11-11,CUST01125,38.0,Female,Central,Electronics,Webcam,3,150.02,0,450.06,450.06,Credit Card,4.0
ORD101994,2023-11-11,CUST01151,32.0,Female,West,Apparel,Women's Jeans,1,109.73,0,109.73,109.73,Credit Card,3.0
ORD101996,2023-11-11,CUST00437,45.0,Female,South,Electronics,Laptop Stand,2,220.69,10,441.38,397.24,Credit Card,3.0
ORD101992,2023-11-11,CUST00670,36.0,Male,Central,Home & Kitchen,Cutlery Set,1,144.47,0,144.47,144.47,Credit Card,3.0
ORD101991,2023-11-11,CUST01091,41.0,Male,South,Electronics,Webcam,3,240.03,0,720.09,720.09,Debit Card,5.0
ORD101993,2023-11-11,CUST00017,28.0,Male,North,Apparel,Winter Jacket,1,30.51,0,30.51,30.51,UPI,3.0
ORD102003,2023-11-12,CUST00386,26.0,Female,East,Apparel,Running Shoes,3,69.45,0,208.35,208.35,Debit Card,4.0
ORD102002,2023-11-12,CUST00801,38.0,Female,East,Beauty,Perfume,1,85.64,0,85.64,85.64,UPI,4.0
ORD102001,2023-11-12,CUST00938,50.0,Other,North,Electronics,USB-C Cable,2,244.86,0,489.72,489.72,Debit Card,4.0
ORD101998,2023-11-12,CUST01059,23.0,Female,South,Electronics,Power Bank,1,88.77,0,88.77,88.77,Credit Card,5.0
ORD101999,2023-11-12,CUST00813,34.0,Male,West,Sports & Outdoors,Camping Tent,5,41.52,5,207.6,197.22,UPI,4.0
ORD101997,2023-11-12,CUST00659,33.0,Female,South,Electronics,Laptop Stand,1,204.75,10,204.75,184.27,Credit Card,4.0
ORD102000,2023-11-12,CUST01192,21.0,Female,South,Sports & Outdoors,Dumbbell Set,1,153.35,10,153.35,138.01,Credit Card,4.0
ORD102014,2023-11-13,CUST00337,42.0,Female,Central,Home & Kitchen,LED Desk Lamp,1,89.4,0,89.4,89.4,Credit Card,3.0
ORD102013,2023-11-13,CUST01054,38.0,Female,West,Home & Kitchen,Cutlery Set,1,111.25,0,111.25,111.25,Credit Card,
ORD102012,2023-11-13,CUST00552,45.0,Female,West,Electronics,Power Bank,1,52.92,0,52.92,52.92,Credit Card,4.0
ORD102011,2023-11-13,CUST00162,28.0,Male,South,Beauty,Facial Serum,2,83.52,20,167.04,133.63,Debit Card,4.0
ORD102010,2023-11-13,CUST01025,46.0,Male,South,Electronics,Bluetooth Speaker,1,119.98,0,119.98,119.98,UPI,2.0
ORD102009,2023-11-13,CUST00522,58.0,Female,Central,Home & Kitchen,Storage Bins,1,77.76,0,77.76,77.76,UPI,3.0
ORD102008,2023-11-13,CUST00317,29.0,Female,West,Electronics,Smartwatch,1,225.82,5,225.82,214.53,Credit Card,4.0
ORD102007,2023-11-13,CUST00090,25.0,Female,North,Home & Kitchen,Storage Bins,1,70.37,5,70.37,66.85,UPI,3.0
ORD102006,2023-11-13,CUST00720,45.0,Female,Central,Home & Kitchen,Blender,1,166.92,0,166.92,166.92,UPI,4.0
ORD102005,2023-11-13,CUST00110,57.0,Male,South,Sports & Outdoors,Hiking Backpack,1,25.57,0,25.57,25.57,Debit Card,4.0
ORD102004,2023-11-13,CUST00159,20.0,Female,South,Sports & Outdoors,Camping Tent,1,153.86,0,153.86,153.86,Credit Card,4.0
ORD102022,2023-11-14,CUST00228,30.0,Female,North,Electronics,Wireless Earbuds,1,229.98,0,229.98,229.98,UPI,4.0
ORD102023,2023-11-14,CUST00218,31.0,Male,North,Electronics,Wireless Earbuds,1,166.09,10,166.09,149.48,UPI,2.0
ORD102021,2023-11-14,CUST01049,59.0,Male,East,Apparel,Formal Shirt,2,41.0,25,82.0,61.5,UPI,3.0
ORD102020,2023-11-14,CUST00733,36.0,Female,North,Sports & Outdoors,Dumbbell Set,1,116.24,10,116.24,104.62,UPI,5.0
ORD102016,2023-11-14,CUST00588,52.0,Female,West,Sports & Outdoors,Cycling Helmet,3,84.16,20,252.48,201.98,Cash on Delivery,3.0
ORD102018,2023-11-14,CUST00483,37.0,Female,South,Beauty,Facial Serum,3,39.6,0,118.8,118.8,Debit Card,5.0
ORD102017,2023-11-14,CUST00245,38.0,Female,South,Electronics,Webcam,4,90.02,0,360.08,360.08,Credit Card,3.0
ORD102015,2023-11-14,CUST00880,30.0,Other,South,Home & Kitchen,Non-stick Pan,1,106.63,0,106.63,106.63,Debit Card,5.0
ORD102019,2023-11-14,CUST00083,41.0,Female,North,Electronics,Wireless Earbuds,4,226.68,5,906.72,861.38,UPI,4.0
ORD102024,2023-11-15,CUST00324,43.0,Female,Central,Home & Kitchen,Throw Pillow,1,35.53,0,35.53,35.53,Cash on Delivery,3.0
ORD102025,2023-11-15,CUST01168,29.0,Female,East,Apparel,Men's T-Shirt,1,63.86,0,63.86,63.86,Credit Card,3.0
ORD102026,2023-11-15,CUST00086,38.0,Male,South,Sports & Outdoors,Water Bottle,3,164.29,0,492.87,492.87,Cash on Delivery,4.0
ORD102027,2023-11-15,CUST00034,55.0,Female,South,Beauty,Lipstick Set,1,55.81,0,55.81,55.81,UPI,3.0
ORD102028,2023-11-15,CUST00637,37.0,Male,Central,Sports & Outdoors,Hiking Backpack,1,134.04,0,134.04,134.04,Credit Card,3.0
ORD102029,2023-11-15,CUST00518,48.0,Female,East,Apparel,Wool Sweater,1,106.4,0,106.4,106.4,Debit Card,5.0
ORD102030,2023-11-15,CUST00078,29.0,Female,North,Home & Kitchen,Throw Pillow,2,18.15,10,36.3,32.67,Debit Card,4.0
ORD102041,2023-11-16,CUST00264,50.0,Female,South,Beauty,Facial Serum,1,33.97,0,33.97,33.97,Credit Card,4.0
ORD102042,2023-11-16,CUST00982,18.0,Male,Central,Apparel,Yoga Pants,3,64.54,0,193.62,193.62,UPI,4.0
ORD102040,2023-11-16,CUST00684,47.0,Female,North,Apparel,Baseball Cap,2,51.44,5,102.88,97.74,Credit Card,4.0
ORD102044,2023-11-16,CUST00107,18.0,Female,South,Beauty,Perfume,2,69.69,0,139.38,139.38,Credit Card,4.0
ORD102043,2023-11-16,CUST00927,51.0,Female,East,Home & Kitchen,Coffee Maker,3,55.59,0,166.77,166.77,Credit Card,4.0
ORD102038,2023-11-16,CUST00083,41.0,Female,East,Electronics,Webcam,1,56.21,0,56.21,56.21,Credit Card,5.0
ORD102039,2023-11-16,CUST00636,35.0,Female,South,Electronics,Power Bank,5,178.85,0,894.25,894.25,Credit Card,2.0
ORD102036,2023-11-16,CUST00014,27.0,Female,South,Electronics,Smartphone Case,1,191.84,10,191.84,172.66,Credit Card,3.0
ORD102031,2023-11-16,CUST00833,48.0,Male,East,Home & Kitchen,Air Fryer,1,112.45,0,112.45,112.45,UPI,5.0
ORD102032,2023-11-16,CUST00105,44.0,Female,West,Electronics,Smartwatch,1,88.62,0,88.62,88.62,UPI,2.0
ORD102033,2023-11-16,CUST00600,26.0,Female,North,Sports & Outdoors,Water Bottle,1,58.54,5,58.54,55.61,Debit Card,3.0
ORD102037,2023-11-16,CUST00138,18.0,Female,Central,Beauty,Lipstick Set,1,60.96,0,60.96,60.96,Cash on Delivery,3.0
ORD102035,2023-11-16,CUST00510,18.0,Male,South,Beauty,Face Moisturizer,1,54.98,0,54.98,54.98,UPI,1.0
ORD102034,2023-11-16,CUST00199,27.0,Female,East,Apparel,Women's Jeans,1,15.98,0,15.98,15.98,Cash on Delivery,4.0
ORD102045,2023-11-17,CUST01167,29.0,Male,East,Electronics,Webcam,2,126.86,0,253.72,253.72,Credit Card,3.0
ORD102046,2023-11-17,CUST00559,24.0,Other,North,Apparel,Women's Jeans,2,106.82,0,213.64,213.64,Credit Card,4.0
ORD102047,2023-11-17,CUST00458,37.0,Male,North,Electronics,Wireless Earbuds,1,21.34,5,21.34,20.27,UPI,2.0
ORD102048,2023-11-17,CUST00794,32.0,Male,East,Books,Children's Storybook,1,35.39,0,35.39,35.39,UPI,4.0
ORD102049,2023-11-17,CUST00763,48.0,Female,West,Beauty,Nail Polish,1,78.86,0,78.86,78.86,Credit Card,3.0
ORD102050,2023-11-17,CUST00610,30.0,Other,South,Home & Kitchen,Coffee Maker,1,178.23,0,178.23,178.23,Cash on Delivery,4.0
ORD102051,2023-11-17,CUST00314,35.0,Male,South,Electronics,USB-C Cable,1,114.58,0,114.58,114.58,Debit Card,5.0
ORD102052,2023-11-17,CUST00829,20.0,Female,North,Electronics,Smartphone Case,1,29.52,0,29.52,29.52,Debit Card,2.0
ORD102053,2023-11-17,CUST00026,28.0,Male,Central,Apparel,Wool Sweater,3,73.8,10,221.4,199.26,UPI,4.0
ORD102056,2023-11-18,CUST00907,43.0,Female,North,Sports & Outdoors,Camping Tent,1,45.02,15,45.02,38.27,Debit Card,4.0
ORD102057,2023-11-18,CUST00505,33.0,Other,North,Apparel,Winter Jacket,1,51.79,0,51.79,51.79,UPI,3.0
ORD102054,2023-11-18,CUST00202,32.0,Male,North,Apparel,Winter Jacket,1,65.34,5,65.34,62.07,UPI,3.0
ORD102055,2023-11-18,CUST00904,31.0,Female,Central,Beauty,Facial Serum,2,18.58,5,37.16,35.3,Cash on Delivery,4.0
ORD102066,2023-11-19,CUST01036,36.0,Female,Central,Apparel,Yoga Pants,1,53.17,0,53.17,53.17,Debit Card,5.0
ORD102065,2023-11-19,CUST00344,,Male,East,Home & Kitchen,Cutlery Set,1,167.61,5,167.61,159.23,Debit Card,4.0
ORD102063,2023-11-19,CUST00577,41.0,Female,East,Home & Kitchen,Air Fryer,2,127.61,0,255.22,255.22,Cash on Delivery,5.0
ORD102062,2023-11-19,CUST00105,44.0,Female,Central,Electronics,Laptop Stand,1,195.9,0,195.9,195.9,Cash on Delivery,4.0
ORD102064,2023-11-19,CUST00541,35.0,Female,Central,Electronics,USB-C Cable,2,221.28,0,442.56,442.56,Credit Card,3.0
ORD102060,2023-11-19,CUST00471,21.0,Male,Central,Beauty,Nail Polish,1,89.11,0,89.11,89.11,UPI,4.0
ORD102059,2023-11-19,CUST00283,19.0,Female,West,Apparel,Wool Sweater,1,86.72,0,86.72,86.72,UPI,3.0
ORD102058,2023-11-19,CUST00938,50.0,Other,,Books,Children's Storybook,1,37.54,0,37.54,37.54,Net Banking,3.0
ORD102061,2023-11-19,CUST00258,52.0,Female,Central,Home & Kitchen,Storage Bins,1,36.82,0,36.82,36.82,UPI,4.0
ORD102074,2023-11-20,CUST00590,51.0,Female,Central,Books,Comic Book,1,9.33,0,9.33,9.33,Net Banking,5.0
ORD102080,2023-11-20,CUST00342,38.0,Female,East,Apparel,Winter Jacket,1,46.9,10,46.9,42.21,Debit Card,2.0
ORD102078,2023-11-20,CUST00656,,Male,East,Beauty,Facial Serum,1,21.53,0,21.53,21.53,Credit Card,3.0
ORD102076,2023-11-20,CUST00478,40.0,Female,East,Sports & Outdoors,Yoga Mat,1,108.53,0,108.53,108.53,Credit Card,4.0
ORD102075,2023-11-20,CUST00203,37.0,Male,South,Sports & Outdoors,Water Bottle,1,46.75,0,46.75,46.75,UPI,4.0
ORD102073,2023-11-20,CUST00934,28.0,Female,West,Apparel,Running Shoes,2,48.21,10,96.42,86.78,Debit Card,5.0
ORD102079,2023-11-20,CUST00611,45.0,Female,North,Beauty,Sunscreen SPF50,1,72.98,0,72.98,72.98,UPI,4.0
ORD102071,2023-11-20,CUST00145,34.0,Male,West,Sports & Outdoors,Hiking Backpack,2,173.85,0,347.7,347.7,Credit Card,3.0
ORD102072,2023-11-20,CUST00079,39.0,Male,North,Apparel,Formal Shirt,1,34.36,15,34.36,29.21,Debit Card,1.0
ORD102067,2023-11-20,CUST01133,32.0,Female,South,Sports & Outdoors,Dumbbell Set,1,170.11,0,170.11,170.11,Credit Card,3.0
ORD102068,2023-11-20,CUST00394,43.0,Female,Central,Electronics,Bluetooth Speaker,1,101.66,20,101.66,81.33,Credit Card,3.0
ORD102077,2023-11-20,CUST00316,33.0,Male,North,Sports & Outdoors,Yoga Mat,2,26.05,0,52.1,52.1,Debit Card,4.0
ORD102069,2023-11-20,CUST01069,48.0,Male,Central,Beauty,Shampoo,2,73.1,20,146.2,116.96,Credit Card,4.0
ORD102070,2023-11-20,CUST01192,21.0,Female,West,Beauty,Shampoo,1,57.72,0,57.72,57.72,Credit Card,4.0
ORD102092,2023-11-21,CUST00006,49.0,Female,West,Sports & Outdoors,Resistance Bands,2,68.87,0,137.74,137.74,UPI,3.0
ORD102091,2023-11-21,CUST00010,41.0,Other,North,Home & Kitchen,LED Desk Lamp,1,33.3,0,33.3,33.3,Debit Card,5.0
ORD102090,2023-11-21,CUST00708,24.0,Male,North,Home & Kitchen,LED Desk Lamp,1,60.94,25,60.94,45.7,UPI,3.0
ORD102089,2023-11-21,CUST00041,41.0,Male,West,Home & Kitchen,Air Fryer,1,151.28,15,151.28,128.59,Debit Card,5.0
ORD102087,2023-11-21,CUST00904,31.0,Female,North,Apparel,Winter Jacket,1,23.92,5,23.92,22.72,Credit Card,4.0
ORD102088,2023-11-21,CUST00092,31.0,Male,South,Electronics,Power Bank,3,133.42,0,400.26,400.26,Cash on Delivery,4.0
ORD102085,2023-11-21,CUST00157,35.0,Male,East,Apparel,Winter Jacket,1,47.6,0,47.6,47.6,UPI,
ORD102084,2023-11-21,CUST00076,49.0,Female,South,Sports & Outdoors,Cycling Helmet,1,82.7,25,82.7,62.02,Credit Card,3.0
ORD102083,2023-11-21,CUST01108,52.0,Male,West,Electronics,Webcam,1,22.31,0,22.31,22.31,Credit Card,4.0
ORD102082,2023-11-21,CUST00654,24.0,Female,North,Home & Kitchen,Cutlery Set,1,80.61,0,80.61,80.61,UPI,5.0
ORD102081,2023-11-21,CUST00780,40.0,Male,West,Sports & Outdoors,Cycling Helmet,1,117.98,0,117.98,117.98,Debit Card,3.0
ORD102086,2023-11-21,CUST01009,46.0,Male,North,Books,Children's Storybook,1,7.25,0,7.25,7.25,Debit Card,4.0
ORD102101,2023-11-22,CUST00897,35.0,Male,West,Home & Kitchen,Blender,5,94.29,0,471.45,471.45,Credit Card,
ORD102104,2023-11-22,CUST00839,41.0,Female,East,Apparel,Baseball Cap,1,82.4,0,82.4,82.4,Debit Card,3.0
ORD102103,2023-11-22,CUST00078,29.0,Female,South,Home & Kitchen,Blender,1,157.36,5,157.36,149.49,Debit Card,4.0
ORD102105,2023-11-22,CUST00669,55.0,Female,West,Electronics,Bluetooth Speaker,2,188.13,0,376.26,376.26,Credit Card,4.0
ORD102102,2023-11-22,CUST00968,25.0,Female,North,Apparel,Running Shoes,1,12.68,0,12.68,12.68,UPI,5.0
ORD102100,2023-11-22,CUST00528,32.0,Male,South,Electronics,Smartphone Case,1,218.56,0,218.56,218.56,Cash on Delivery,4.0
ORD102097,2023-11-22,CUST00967,44.0,Other,South,Home & Kitchen,Cutlery Set,3,141.34,0,424.02,424.02,Credit Card,4.0
ORD102098,2023-11-22,CUST00122,60.0,Female,East,Sports & Outdoors,Dumbbell Set,1,182.95,5,182.95,173.8,Debit Card,3.0
ORD102099,2023-11-22,CUST00274,25.0,Male,North,Books,Fiction Novel,1,17.11,5,17.11,16.25,UPI,5.0
ORD102093,2023-11-22,CUST00480,52.0,Female,North,Beauty,Lipstick Set,1,17.17,0,17.17,17.17,Debit Card,4.0
ORD102095,2023-11-22,CUST00611,45.0,Female,North,Apparel,Wool Sweater,2,26.58,0,53.16,53.16,Cash on Delivery,4.0
ORD102096,2023-11-22,CUST01120,56.0,Female,North,Sports & Outdoors,Dumbbell Set,1,25.34,0,25.34,25.34,Credit Card,4.0
ORD102094,2023-11-22,CUST01059,23.0,Female,South,Home & Kitchen,Non-stick Pan,2,45.53,0,91.06,91.06,Debit Card,3.0
ORD102106,2023-11-23,CUST00748,42.0,Male,West,Apparel,Running Shoes,1,112.8,0,112.8,112.8,UPI,5.0
ORD102107,2023-11-23,CUST00470,36.0,Female,Central,Apparel,Men's T-Shirt,1,55.82,5,55.82,53.03,Debit Card,3.0
ORD102109,2023-11-23,CUST01186,38.0,Male,South,Home & Kitchen,Non-stick Pan,1,124.72,0,124.72,124.72,Debit Card,3.0
ORD102110,2023-11-23,CUST00505,33.0,Other,North,Electronics,Bluetooth Speaker,1,128.95,0,128.95,128.95,Debit Card,5.0
ORD102111,2023-11-23,CUST00355,47.0,Male,East,Apparel,Women's Jeans,1,113.68,0,113.68,113.68,Credit Card,4.0
ORD102112,2023-11-23,CUST00616,48.0,Male,North,Books,Mystery Thriller,2,11.67,0,23.34,23.34,Debit Card,5.0
ORD102113,2023-11-23,CUST00459,18.0,Male,West,Electronics,Laptop Stand,1,26.66,20,26.66,21.33,Credit Card,1.0
ORD102108,2023-11-23,CUST01139,18.0,Male,North,Apparel,Yoga Pants,1,94.5,0,94.5,94.5,Debit Card,3.0
ORD102120,2023-11-24,CUST00772,25.0,Male,South,Apparel,Running Shoes,1,95.05,5,95.05,90.3,UPI,1.0
ORD102118,2023-11-24,CUST00623,48.0,Male,East,Sports & Outdoors,Resistance Bands,1,61.86,0,61.86,61.86,Debit Card,5.0
ORD102119,2023-11-24,CUST01101,37.0,Female,East,Home & Kitchen,LED Desk Lamp,1,107.14,15,107.14,91.07,Credit Card,4.0
ORD102117,2023-11-24,CUST00411,30.0,Other,East,Beauty,Face Moisturizer,1,55.68,10,55.68,50.11,Credit Card,4.0
ORD102115,2023-11-24,CUST00280,24.0,Female,South,Beauty,Perfume,2,67.05,10,134.1,120.69,Debit Card,4.0
ORD102114,2023-11-24,CUST00484,,Female,East,Home & Kitchen,Cutlery Set,1,179.46,15,179.46,152.54,Credit Card,4.0
ORD102116,2023-11-24,CUST00151,33.0,Male,Central,Electronics,Smartwatch,3,236.81,0,710.43,710.43,Cash on Delivery,
ORD102130,2023-11-25,CUST00887,18.0,Male,Central,Home & Kitchen,Blender,1,87.65,0,87.65,87.65,Net Banking,2.0
ORD102129,2023-11-25,CUST00175,39.0,Male,South,Beauty,Nail Polish,1,65.3,0,65.3,65.3,Debit Card,4.0
ORD102128,2023-11-25,CUST00545,27.0,Male,East,Beauty,Perfume,2,67.76,0,135.52,135.52,Debit Card,5.0
ORD102126,2023-11-25,CUST00237,44.0,Female,South,Home & Kitchen,Throw Pillow,2,87.3,0,174.6,174.6,Credit Card,3.0
ORD102127,2023-11-25,CUST00630,,Male,,Electronics,Smartphone Case,2,152.54,0,305.08,305.08,Cash on Delivery,5.0
ORD102124,2023-11-25,CUST01061,29.0,Male,South,Apparel,Yoga Pants,1,35.33,0,35.33,35.33,Cash on Delivery,5.0
ORD102123,2023-11-25,CUST00074,18.0,Male,West,Books,Mystery Thriller,1,14.61,0,14.61,14.61,Credit Card,2.0
ORD102122,2023-11-25,CUST00191,28.0,Male,South,Electronics,Wireless Earbuds,1,44.04,0,44.04,44.04,Debit Card,3.0
ORD102121,2023-11-25,CUST00409,25.0,Female,West,Electronics,Wireless Earbuds,2,184.48,0,368.96,368.96,Credit Card,2.0
ORD102125,2023-11-25,CUST00884,29.0,Male,Central,Apparel,Wool Sweater,1,89.04,0,89.04,89.04,UPI,5.0
ORD102138,2023-11-26,CUST00885,60.0,Male,North,Sports & Outdoors,Hiking Backpack,3,70.9,0,212.7,212.7,Credit Card,5.0
ORD102143,2023-11-26,CUST00116,64.0,Female,South,Electronics,Webcam,1,109.85,0,109.85,109.85,UPI,3.0
ORD102142,2023-11-26,CUST01080,43.0,Female,North,Home & Kitchen,Storage Bins,4,154.54,15,618.16,525.44,Credit Card,4.0
ORD102141,2023-11-26,CUST00073,48.0,Male,East,Sports & Outdoors,Yoga Mat,1,24.15,15,24.15,20.53,Cash on Delivery,3.0
ORD102140,2023-11-26,CUST00307,38.0,Male,East,Electronics,Laptop Stand,2,249.57,0,499.14,499.14,Credit Card,5.0
ORD102137,2023-11-26,CUST01103,,Male,South,Beauty,Facial Serum,2,22.48,5,44.96,42.71,Credit Card,4.0
ORD102139,2023-11-26,CUST00482,47.0,Male,South,Electronics,USB-C Cable,1,151.59,5,151.59,144.01,Credit Card,5.0
ORD102135,2023-11-26,CUST00077,26.0,Female,Central,Sports & Outdoors,Yoga Mat,1,130.62,10,130.62,117.56,UPI,5.0
ORD102134,2023-11-26,CUST01180,32.0,Female,South,Sports & Outdoors,Cycling Helmet,5,62.16,5,310.8,295.26,Debit Card,4.0
ORD102133,2023-11-26,CUST00864,33.0,Male,South,Home & Kitchen,Cutlery Set,1,32.18,0,32.18,32.18,Credit Card,3.0
ORD102132,2023-11-26,CUST00440,41.0,Female,West,Apparel,Women's Jeans,1,36.61,0,36.61,36.61,Credit Card,2.0
ORD102131,2023-11-26,CUST00193,25.0,Male,South,Home & Kitchen,Coffee Maker,1,146.95,10,146.95,132.25,Credit Card,4.0
ORD102136,2023-11-26,CUST00362,22.0,Female,Central,Home & Kitchen,LED Desk Lamp,1,73.35,5,73.35,69.68,UPI,
ORD102156,2023-11-27,CUST01131,43.0,Female,West,Books,Biography,1,37.16,10,37.16,33.44,UPI,
ORD102155,2023-11-27,CUST00969,51.0,Female,East,Beauty,Facial Serum,1,85.09,5,85.09,80.84,UPI,5.0
ORD102154,2023-11-27,CUST00719,24.0,Male,,Home & Kitchen,Storage Bins,4,27.93,0,111.72,111.72,Cash on Delivery,3.0
ORD102153,2023-11-27,CUST01120,56.0,Female,West,Home & Kitchen,LED Desk Lamp,1,98.49,25,98.49,73.87,Credit Card,5.0
ORD102152,2023-11-27,CUST00262,18.0,Male,East,Home & Kitchen,Cutlery Set,1,19.84,15,19.84,16.86,Credit Card,5.0
ORD102151,2023-11-27,CUST00012,32.0,Male,Central,Sports & Outdoors,Yoga Mat,3,105.48,0,316.44,316.44,UPI,5.0
ORD102149,2023-11-27,CUST00953,21.0,Female,South,Beauty,Shampoo,1,10.19,0,10.19,10.19,UPI,5.0
ORD102148,2023-11-27,CUST00649,35.0,Male,Central,Sports & Outdoors,Tennis Racket,1,172.86,0,172.86,172.86,Credit Card,3.0
ORD102147,2023-11-27,CUST00487,48.0,Other,South,Apparel,Formal Shirt,2,10.87,0,21.74,21.74,Debit Card,4.0
ORD102146,2023-11-27,CUST00914,58.0,Female,North,Beauty,Shampoo,1,26.15,0,26.15,26.15,Debit Card,4.0
ORD102145,2023-11-27,CUST00276,46.0,Female,South,Apparel,Winter Jacket,1,17.57,0,17.57,17.57,Credit Card,3.0
ORD102144,2023-11-27,CUST01176,36.0,Female,West,Apparel,Wool Sweater,1,51.86,10,51.86,46.67,Debit Card,4.0
ORD102150,2023-11-27,CUST00155,41.0,Male,South,Home & Kitchen,Throw Pillow,1,44.65,10,44.65,40.19,Credit Card,1.0
ORD102164,2023-11-28,CUST00067,37.0,Female,West,Electronics,Laptop Stand,1,215.16,0,215.16,215.16,Debit Card,3.0
ORD102167,2023-11-28,CUST01090,20.0,Female,North,Apparel,Women's Jeans,1,82.38,5,82.38,78.26,UPI,4.0
ORD102166,2023-11-28,CUST01105,30.0,Female,Central,Electronics,Power Bank,1,79.01,10,79.01,71.11,Credit Card,3.0
ORD102165,2023-11-28,CUST00291,72.0,Male,East,Electronics,Webcam,5,202.21,5,1011.05,960.5,Credit Card,5.0
ORD102163,2023-11-28,CUST00858,19.0,Female,West,Apparel,Yoga Pants,1,74.49,0,74.49,74.49,UPI,4.0
ORD102157,2023-11-28,CUST00751,31.0,Female,South,Apparel,Wool Sweater,1,82.31,0,82.31,82.31,UPI,4.0
ORD102161,2023-11-28,CUST00908,37.0,Female,West,Books,Business Book,2,21.26,0,42.52,42.52,Net Banking,4.0
ORD102160,2023-11-28,CUST00025,27.0,Female,Central,Books,Comic Book,2,26.59,0,53.18,53.18,Credit Card,4.0
ORD102159,2023-11-28,CUST00171,27.0,Other,North,Apparel,Baseball Cap,1,35.45,25,35.45,26.59,Credit Card,5.0
ORD102158,2023-11-28,CUST00153,33.0,Male,North,Electronics,Wireless Earbuds,1,100.62,0,100.62,100.62,Cash on Delivery,5.0
ORD102162,2023-11-28,CUST00797,,Female,South,Home & Kitchen,Coffee Maker,2,50.79,20,101.58,81.26,UPI,5.0
ORD102180,2023-11-29,CUST00516,32.0,Female,South,Electronics,USB-C Cable,4,173.01,0,692.04,692.04,UPI,3.0
ORD102178,2023-11-29,CUST00727,18.0,Other,Central,Home & Kitchen,Non-stick Pan,1,141.51,5,141.51,134.43,Credit Card,2.0
ORD102177,2023-11-29,CUST00389,38.0,Female,Central,Apparel,Formal Shirt,1,52.27,0,52.27,52.27,Cash on Delivery,3.0
ORD102176,2023-11-29,CUST00724,32.0,Female,South,Sports & Outdoors,Cycling Helmet,1,159.31,0,159.31,159.31,Debit Card,4.0
ORD102175,2023-11-29,CUST00115,20.0,Male,South,Sports & Outdoors,Resistance Bands,1,195.49,20,195.49,156.39,Credit Card,3.0
ORD102174,2023-11-29,CUST00826,58.0,Male,West,Electronics,USB-C Cable,2,73.31,0,146.62,146.62,Credit Card,4.0
ORD102179,2023-11-29,CUST00893,28.0,Female,Central,Home & Kitchen,Cutlery Set,1,112.66,5,112.66,107.03,Debit Card,5.0
ORD102172,2023-11-29,CUST00646,41.0,Male,West,Books,Biography,1,7.41,0,7.41,7.41,UPI,5.0
ORD102171,2023-11-29,CUST00288,47.0,Female,East,Electronics,Smartwatch,1,36.81,10,36.81,33.13,UPI,5.0
ORD102170,2023-11-29,CUST01173,19.0,Male,West,Apparel,Wool Sweater,1,46.1,0,46.1,46.1,UPI,2.0
ORD102169,2023-11-29,CUST00013,47.0,Female,East,Home & Kitchen,Air Fryer,1,142.85,0,142.85,142.85,UPI,5.0
ORD102168,2023-11-29,CUST00856,34.0,Male,West,Electronics,Wireless Earbuds,1,194.36,0,194.36,194.36,Cash on Delivery,4.0
ORD102173,2023-11-29,CUST00333,28.0,Male,South,Home & Kitchen,Blender,3,87.05,0,261.15,261.15,UPI,4.0
ORD102190,2023-11-30,CUST01123,36.0,Male,North,Apparel,Men's T-Shirt,3,97.15,0,291.45,291.45,UPI,4.0
ORD102189,2023-11-30,CUST00229,42.0,Female,East,Home & Kitchen,Coffee Maker,1,34.71,0,34.71,34.71,Debit Card,3.0
ORD102188,2023-11-30,CUST00591,,Female,North,Home & Kitchen,Non-stick Pan,2,152.45,20,304.9,243.92,Credit Card,4.0
ORD102187,2023-11-30,CUST00093,33.0,Male,West,Electronics,Smartwatch,1,139.93,0,139.93,139.93,Debit Card,5.0
ORD102186,2023-11-30,CUST00652,32.0,Male,West,Apparel,Baseball Cap,2,19.92,0,39.84,39.84,Credit Card,3.0
ORD102185,2023-11-30,CUST00014,27.0,Female,South,Electronics,USB-C Cable,1,25.19,0,25.19,25.19,Debit Card,5.0
ORD102183,2023-11-30,CUST00280,24.0,Female,South,Sports & Outdoors,Dumbbell Set,1,100.75,0,100.75,100.75,UPI,3.0
ORD102182,2023-11-30,CUST00724,32.0,Female,West,Apparel,Wool Sweater,1,10.19,15,10.19,8.66,UPI,3.0
ORD102181,2023-11-30,CUST01001,33.0,Female,North,Electronics,Wireless Earbuds,1,78.95,15,78.95,67.11,Debit Card,2.0
ORD102184,2023-11-30,CUST00951,41.0,Female,West,Electronics,Smartphone Case,1,82.28,5,82.28,78.17,UPI,5.0
ORD102199,2023-12-01,CUST00175,39.0,Male,West,Electronics,Bluetooth Speaker,4,187.57,0,750.28,750.28,Net Banking,2.0
ORD102203,2023-12-01,CUST00727,18.0,Other,Central,Electronics,Smartphone Case,2,106.28,20,212.56,170.05,UPI,3.0
ORD102202,2023-12-01,CUST00187,33.0,Male,Central,Beauty,Face Moisturizer,1,69.17,0,69.17,69.17,Credit Card,4.0
ORD102201,2023-12-01,CUST00333,28.0,Male,Central,Sports & Outdoors,Resistance Bands,1,102.92,0,102.92,102.92,Credit Card,3.0
ORD102200,2023-12-01,CUST00630,30.0,Male,,Beauty,Lipstick Set,2,12.97,0,25.94,25.94,Debit Card,4.0
ORD102198,2023-12-01,CUST00216,31.0,Male,South,Beauty,Face Moisturizer,2,45.16,0,90.32,90.32,Debit Card,3.0
ORD102191,2023-12-01,CUST00291,72.0,Male,North,Books,Children's Storybook,3,36.26,20,108.78,87.02,Debit Card,4.0
ORD102196,2023-12-01,CUST01052,18.0,Female,South,Home & Kitchen,Coffee Maker,3,52.03,10,156.09,140.48,Debit Card,3.0
ORD102195,2023-12-01,CUST00278,28.0,Female,Central,Beauty,Nail Polish,1,25.83,5,25.83,24.54,UPI,4.0
ORD102194,2023-12-01,CUST00437,45.0,Female,South,Apparel,Running Shoes,1,44.36,0,44.36,44.36,Credit Card,5.0
ORD102193,2023-12-01,CUST00079,39.0,Male,South,Apparel,Baseball Cap,5,40.21,0,201.05,201.05,Credit Card,4.0
ORD102192,2023-12-01,CUST01096,38.0,Female,North,Beauty,Sunscreen SPF50,1,86.16,0,86.16,86.16,Credit Card,4.0
ORD102197,2023-12-01,CUST00387,32.0,Male,East,Beauty,Hair Dryer,1,23.22,0,23.22,23.22,UPI,3.0
ORD102221,2023-12-02,CUST01181,35.0,Female,South,Sports & Outdoors,Yoga Mat,1,135.54,0,135.54,135.54,UPI,4.0
ORD102220,2023-12-02,CUST00979,37.0,Male,West,Home & Kitchen,LED Desk Lamp,2,18.95,25,37.9,28.42,UPI,5.0
ORD102219,2023-12-02,CUST00065,21.0,Female,South,Electronics,USB-C Cable,1,71.11,0,71.11,71.11,Credit Card,5.0
ORD102218,2023-12-02,CUST00363,41.0,Male,East,Beauty,Shampoo,2,26.8,5,53.6,50.92,Credit Card,4.0
ORD102217,2023-12-02,CUST00772,25.0,Male,South,Sports & Outdoors,Water Bottle,2,129.89,0,259.78,259.78,Cash on Delivery,3.0
ORD102216,2023-12-02,CUST00776,35.0,Female,Central,Electronics,Webcam,1,148.56,0,148.56,148.56,Credit Card,3.0
ORD102215,2023-12-02,CUST00012,32.0,Male,East,Sports & Outdoors,Water Bottle,1,173.55,0,173.55,173.55,UPI,4.0
ORD102214,2023-12-02,CUST00303,19.0,Female,North,Home & Kitchen,Air Fryer,1,124.1,0,124.1,124.1,Credit Card,4.0
ORD102213,2023-12-02,CUST00209,25.0,Female,South,Electronics,Wireless Earbuds,1,49.16,0,49.16,49.16,UPI,4.0
ORD102212,2023-12-02,CUST00234,38.0,Male,North,Books,Cookbook,1,34.94,0,34.94,34.94,UPI,4.0
ORD102211,2023-12-02,CUST00021,30.0,Male,East,Electronics,Bluetooth Speaker,1,248.77,15,248.77,211.45,Debit Card,4.0
ORD102210,2023-12-02,CUST00189,23.0,Female,West,Books,Cookbook,2,33.94,25,67.88,50.91,Credit Card,5.0
ORD102209,2023-12-02,CUST00793,27.0,Female,North,Beauty,Face Moisturizer,1,57.61,0,57.61,57.61,Credit Card,3.0
ORD102208,2023-12-02,CUST00349,52.0,Female,Central,Apparel,Yoga Pants,1,45.46,5,45.46,43.19,Net Banking,4.0
ORD102207,2023-12-02,CUST00450,44.0,Male,South,Electronics,Webcam,1,157.11,0,157.11,157.11,Credit Card,2.0
ORD102206,2023-12-02,CUST00599,21.0,Male,South,Home & Kitchen,Storage Bins,2,125.04,5,250.08,237.58,Credit Card,4.0
ORD102205,2023-12-02,CUST00708,24.0,Male,North,Electronics,Laptop Stand,1,97.25,0,97.25,97.25,UPI,2.0
ORD102204,2023-12-02,CUST00629,19.0,Female,East,Beauty,Nail Polish,1,89.44,0,89.44,89.44,Credit Card,4.0
ORD102233,2023-12-03,CUST00140,29.0,Male,West,Beauty,Shampoo,1,65.96,5,65.96,62.66,UPI,4.0
ORD102232,2023-12-03,CUST00249,19.0,Male,West,Sports & Outdoors,Cycling Helmet,2,96.48,15,192.96,164.02,Debit Card,5.0
ORD102231,2023-12-03,CUST00986,26.0,Female,South,Home & Kitchen,Blender,1,98.21,0,98.21,98.21,Credit Card,3.0
ORD102230,2023-12-03,CUST00166,34.0,Other,North,Apparel,Women's Jeans,3,10.21,0,30.63,30.63,Credit Card,5.0
ORD102229,2023-12-03,CUST01189,40.0,Male,East,Books,Self-Help Guide,4,20.23,0,80.92,80.92,Cash on Delivery,4.0
ORD102228,2023-12-03,CUST01136,41.0,Male,Central,Sports & Outdoors,Yoga Mat,1,193.35,15,193.35,164.35,UPI,3.0
ORD102234,2023-12-03,CUST00996,52.0,Male,North,Electronics,Smartwatch,2,163.52,0,327.04,327.04,UPI,3.0
ORD102226,2023-12-03,CUST01109,37.0,Male,South,Home & Kitchen,Coffee Maker,4,165.99,0,663.96,663.96,UPI,4.0
ORD102222,2023-12-03,CUST00105,44.0,Female,Central,Electronics,Smartphone Case,1,56.95,20,56.95,45.56,Debit Card,3.0
ORD102223,2023-12-03,CUST00118,39.0,Female,East,Apparel,Winter Jacket,1,108.96,0,108.96,108.96,Debit Card,4.0
ORD102227,2023-12-03,CUST01141,32.0,Male,South,Electronics,Smartphone Case,1,99.36,5,99.36,94.39,Debit Card,5.0
ORD102225,2023-12-03,CUST00491,,Female,East,Apparel,Men's T-Shirt,1,70.59,0,70.59,70.59,UPI,4.0
ORD102224,2023-12-03,CUST00024,38.0,Other,West,Beauty,Sunscreen SPF50,1,56.46,10,56.46,50.81,Credit Card,3.0
ORD102244,2023-12-04,CUST01116,24.0,Female,South,Home & Kitchen,Coffee Maker,2,56.73,0,113.46,113.46,Credit Card,3.0
ORD102243,2023-12-04,CUST00018,22.0,Female,North,Electronics,Wireless Earbuds,1,116.94,0,116.94,116.94,Credit Card,3.0
ORD102242,2023-12-04,CUST00436,37.0,Male,North,Electronics,Laptop Stand,1,247.24,10,247.24,222.52,UPI,3.0
ORD102240,2023-12-04,CUST00227,44.0,Female,East,Home & Kitchen,Air Fryer,2,56.76,0,113.52,113.52,UPI,3.0
ORD102241,2023-12-04,CUST01060,62.0,Female,North,Electronics,Power Bank,1,190.37,20,190.37,152.3,UPI,5.0
ORD102238,2023-12-04,CUST00989,18.0,Female,North,Apparel,Women's Jeans,1,60.55,5,60.55,57.52,Debit Card,4.0
ORD102237,2023-12-04,CUST00825,51.0,Male,East,Electronics,Smartwatch,2,177.14,0,354.28,354.28,UPI,5.0
ORD102236,2023-12-04,CUST01160,18.0,Female,South,Electronics,Power Bank,1,181.62,0,181.62,181.62,UPI,4.0
ORD102235,2023-12-04,CUST00787,22.0,Female,South,Electronics,Power Bank,1,113.32,0,113.32,113.32,Debit Card,4.0
ORD102239,2023-12-04,CUST00188,18.0,Male,South,Beauty,Sunscreen SPF50,1,73.86,0,73.86,73.86,Cash on Delivery,4.0
ORD102257,2023-12-05,CUST00003,18.0,Female,Central,Electronics,Smartphone Case,3,127.72,5,383.16,364.0,Debit Card,4.0
ORD102256,2023-12-05,CUST00636,35.0,Female,West,Electronics,Smartphone Case,1,147.02,20,147.02,117.62,Debit Card,4.0
ORD102255,2023-12-05,CUST00285,21.0,Female,Central,Apparel,Men's T-Shirt,2,114.96,0,229.92,229.92,Cash on Delivery,2.0
ORD102254,2023-12-05,CUST00623,48.0,Male,West,Sports & Outdoors,Hiking Backpack,2,132.55,0,265.1,265.1,UPI,3.0
ORD102253,2023-12-05,CUST00287,29.0,Male,North,Electronics,Bluetooth Speaker,2,141.68,0,283.36,283.36,UPI,4.0
ORD102252,2023-12-05,CUST00909,23.0,Female,North,Sports & Outdoors,Cycling Helmet,3,15.8,0,47.4,47.4,Debit Card,4.0
ORD102250,2023-12-05,CUST00323,25.0,Male,East,Apparel,Wool Sweater,2,35.07,0,70.14,70.14,UPI,3.0
ORD102249,2023-12-05,CUST00678,32.0,Other,South,Electronics,Webcam,1,21.36,15,21.36,18.16,Debit Card,2.0
ORD102248,2023-12-05,CUST00949,38.0,Female,Central,Books,Comic Book,2,39.23,10,78.46,70.61,Cash on Delivery,3.0
ORD102247,2023-12-05,CUST01082,50.0,Female,South,Electronics,USB-C Cable,4,163.49,15,653.96,555.87,Cash on Delivery,2.0
ORD102246,2023-12-05,CUST00768,45.0,Male,Central,Sports & Outdoors,Dumbbell Set,2,105.47,20,210.94,168.75,UPI,4.0
ORD102245,2023-12-05,CUST00694,18.0,Male,North,Apparel,Baseball Cap,2,118.7,15,237.4,201.79,UPI,4.0
ORD102251,2023-12-05,CUST00432,18.0,Male,East,Apparel,Yoga Pants,2,118.01,0,236.02,236.02,UPI,3.0
ORD102267,2023-12-06,CUST00505,33.0,Other,South,Beauty,Perfume,1,14.91,0,14.91,14.91,UPI,4.0
ORD102266,2023-12-06,CUST00397,21.0,Male,North,Electronics,Bluetooth Speaker,1,153.87,15,153.87,130.79,Credit Card,5.0
ORD102265,2023-12-06,CUST00307,38.0,Male,East,Electronics,Smartwatch,2,147.65,0,295.3,295.3,Credit Card,4.0
ORD102264,2023-12-06,CUST00940,51.0,Female,East,Apparel,Baseball Cap,1,28.2,0,28.2,28.2,Debit Card,1.0
ORD102263,2023-12-06,CUST00377,39.0,Male,West,Home & Kitchen,Non-stick Pan,1,35.89,10,35.89,32.3,Cash on Delivery,5.0
ORD102261,2023-12-06,CUST00781,21.0,Male,South,Home & Kitchen,Cutlery Set,3,53.69,0,161.07,161.07,UPI,5.0
ORD102260,2023-12-06,CUST00595,18.0,Other,South,Apparel,Running Shoes,2,29.24,0,58.48,58.48,Debit Card,5.0
ORD102259,2023-12-06,CUST00653,42.0,Female,East,Electronics,Smartwatch,1,26.99,0,26.99,26.99,UPI,4.0
ORD102258,2023-12-06,CUST00958,19.0,Female,Central,Beauty,Facial Serum,2,75.97,0,151.94,151.94,Credit Card,2.0
ORD102262,2023-12-06,CUST01159,36.0,Male,North,Beauty,Sunscreen SPF50,1,26.36,0,26.36,26.36,Credit Card,3.0
ORD102274,2023-12-07,CUST00376,47.0,Female,,Apparel,Formal Shirt,1,110.46,0,110.46,110.46,Credit Card,4.0
ORD102276,2023-12-07,CUST00239,39.0,Female,North,Sports & Outdoors,Dumbbell Set,2,78.32,10,156.64,140.98,Credit Card,2.0
ORD102275,2023-12-07,CUST00625,36.0,Male,East,Electronics,Smartwatch,2,175.13,0,350.26,350.26,Debit Card,4.0
ORD102273,2023-12-07,CUST01086,30.0,Female,North,Sports & Outdoors,Dumbbell Set,1,100.77,0,100.77,100.77,Debit Card,4.0
ORD102270,2023-12-07,CUST01078,38.0,Male,West,Apparel,Men's T-Shirt,2,55.92,0,111.84,111.84,Debit Card,2.0
ORD102271,2023-12-07,CUST00099,25.0,Male,South,Apparel,Women's Jeans,2,91.8,0,183.6,183.6,Cash on Delivery,4.0
ORD102268,2023-12-07,CUST01162,29.0,Female,North,Electronics,USB-C Cable,2,195.45,0,390.9,390.9,Credit Card,4.0
ORD102272,2023-12-07,CUST00835,19.0,Female,North,Electronics,USB-C Cable,1,34.25,0,34.25,34.25,Net Banking,3.0
ORD102269,2023-12-07,CUST00824,46.0,Female,South,Books,Business Book,1,9.71,5,9.71,9.22,UPI,3.0
ORD102291,2023-12-08,CUST00840,45.0,Female,North,Electronics,Power Bank,2,119.88,0,239.76,239.76,UPI,4.0
ORD102290,2023-12-08,CUST01002,34.0,Male,South,Home & Kitchen,Blender,1,60.29,25,60.29,45.22,Net Banking,3.0
ORD102288,2023-12-08,CUST00877,39.0,Female,North,Apparel,Yoga Pants,1,13.32,0,13.32,13.32,Credit Card,4.0
ORD102287,2023-12-08,CUST00508,27.0,Female,North,Electronics,Webcam,2,242.79,0,485.58,485.58,Credit Card,2.0
ORD102286,2023-12-08,CUST00853,18.0,Female,Central,Books,Biography,1,23.16,15,23.16,19.69,Debit Card,4.0
ORD102285,2023-12-08,CUST00506,27.0,Female,Central,Sports & Outdoors,Hiking Backpack,1,184.63,0,184.63,184.63,Debit Card,5.0
ORD102284,2023-12-08,CUST00316,33.0,Male,North,Beauty,Lipstick Set,1,89.25,0,89.25,89.25,Debit Card,4.0
ORD102289,2023-12-08,CUST00861,38.0,Male,West,Beauty,Perfume,1,51.77,0,51.77,51.77,Credit Card,3.0
ORD102282,2023-12-08,CUST00327,51.0,Male,North,Beauty,Shampoo,2,34.39,0,68.78,68.78,Credit Card,4.0
ORD102281,2023-12-08,CUST00116,64.0,Female,East,Apparel,Men's T-Shirt,1,109.29,10,109.29,98.36,Debit Card,3.0
ORD102280,2023-12-08,CUST01124,49.0,Male,Central,Electronics,Smartphone Case,1,30.53,15,30.53,25.95,UPI,5.0
ORD102279,2023-12-08,CUST00805,27.0,Female,South,Apparel,Running Shoes,2,88.32,10,176.64,158.98,Credit Card,4.0
ORD102278,2023-12-08,CUST00195,54.0,Male,North,Beauty,Facial Serum,2,36.84,0,73.68,73.68,Debit Card,1.0
ORD102277,2023-12-08,CUST00001,53.0,Female,East,Sports & Outdoors,Water Bottle,5,48.65,15,243.25,206.76,UPI,3.0
ORD102283,2023-12-08,CUST00851,26.0,Female,West,Apparel,Formal Shirt,2,20.13,0,40.26,40.26,Net Banking,4.0
ORD102303,2023-12-09,CUST00409,25.0,Female,East,Home & Kitchen,Blender,1,23.02,0,23.02,23.02,UPI,4.0
ORD102302,2023-12-09,CUST00131,66.0,Male,West,Electronics,USB-C Cable,2,69.82,10,139.64,125.68,UPI,4.0
ORD102301,2023-12-09,CUST01119,31.0,Male,South,Apparel,Baseball Cap,1,52.58,0,52.58,52.58,Credit Card,4.0
ORD102300,2023-12-09,CUST00901,32.0,Male,West,Electronics,Wireless Earbuds,2,216.02,10,432.04,388.84,Credit Card,3.0
ORD102299,2023-12-09,CUST00742,69.0,Male,West,Beauty,Perfume,1,54.64,5,54.64,51.91,UPI,3.0
ORD102298,2023-12-09,CUST00061,18.0,Male,North,Electronics,USB-C Cable,1,125.1,15,125.1,106.34,Debit Card,4.0
ORD102295,2023-12-09,CUST00820,28.0,Male,East,Beauty,Perfume,2,19.27,0,38.54,38.54,UPI,3.0
ORD102296,2023-12-09,CUST00737,39.0,Female,West,Beauty,Lipstick Set,1,68.43,10,68.43,61.59,Debit Card,4.0
ORD102294,2023-12-09,CUST00642,22.0,Male,East,Home & Kitchen,LED Desk Lamp,1,157.08,20,157.08,125.66,Net Banking,4.0
ORD102293,2023-12-09,CUST00946,18.0,Female,North,Electronics,Smartwatch,1,98.83,20,98.83,79.06,UPI,3.0
ORD102292,2023-12-09,CUST00470,36.0,Female,South,Electronics,Laptop Stand,1,246.78,5,246.78,234.44,Credit Card,5.0
ORD102297,2023-12-09,CUST00693,42.0,Female,,Electronics,USB-C Cable,1,89.07,0,89.07,89.07,UPI,4.0
ORD102308,2023-12-10,CUST00918,28.0,Male,West,Electronics,Bluetooth Speaker,2,193.92,0,387.84,387.84,Debit Card,4.0
ORD102309,2023-12-10,CUST01124,49.0,Male,South,Home & Kitchen,Blender,1,70.92,0,70.92,70.92,Cash on Delivery,3.0
ORD102310,2023-12-10,CUST00214,29.0,Female,North,Home & Kitchen,LED Desk Lamp,2,115.85,10,231.7,208.53,UPI,4.0
ORD102307,2023-12-10,CUST00365,20.0,Female,West,Electronics,Bluetooth Speaker,1,73.16,0,73.16,73.16,Credit Card,3.0
ORD102305,2023-12-10,CUST00685,33.0,Female,North,Electronics,USB-C Cable,1,111.58,0,111.58,111.58,Debit Card,5.0
ORD102304,2023-12-10,CUST00594,27.0,Male,South,Electronics,Wireless Earbuds,2,16.43,0,32.86,32.86,Credit Card,3.0
ORD102306,2023-12-10,CUST01016,43.0,Female,West,Beauty,Facial Serum,1,37.6,0,37.6,37.6,UPI,5.0
ORD102322,2023-12-11,CUST00817,55.0,Female,North,Apparel,Formal Shirt,1,34.92,10,34.92,31.43,Credit Card,3.0
ORD102321,2023-12-11,CUST00015,37.0,Female,North,Electronics,Laptop Stand,1,32.23,20,32.23,25.78,Debit Card,3.0
ORD102320,2023-12-11,CUST00324,43.0,Female,North,Apparel,Women's Jeans,1,36.91,0,36.91,36.91,UPI,3.0
ORD102319,2023-12-11,CUST00374,58.0,Female,West,Home & Kitchen,Non-stick Pan,1,140.88,5,140.88,133.84,Credit Card,2.0
ORD102318,2023-12-11,CUST00411,30.0,Other,Central,Books,Business Book,1,6.16,0,6.16,6.16,UPI,4.0
ORD102317,2023-12-11,CUST00492,41.0,Female,West,Apparel,Formal Shirt,1,21.66,0,21.66,21.66,Credit Card,5.0
ORD102315,2023-12-11,CUST00143,29.0,Female,South,Home & Kitchen,Coffee Maker,2,130.04,10,260.08,234.07,Debit Card,3.0
ORD102314,2023-12-11,CUST00818,18.0,Male,South,Sports & Outdoors,Cycling Helmet,1,180.35,0,180.35,180.35,Credit Card,4.0
ORD102313,2023-12-11,CUST00293,33.0,Male,East,Sports & Outdoors,Tennis Racket,2,37.14,0,74.28,74.28,Credit Card,4.0
ORD102312,2023-12-11,CUST00162,28.0,Male,North,Apparel,Wool Sweater,5,111.24,10,556.2,500.58,Credit Card,3.0
ORD102311,2023-12-11,CUST00688,31.0,Male,Central,Beauty,Lipstick Set,5,33.73,15,168.65,143.35,Credit Card,4.0
ORD102316,2023-12-11,CUST01153,,Female,North,Beauty,Perfume,1,58.26,0,58.26,58.26,Credit Card,4.0
ORD102330,2023-12-12,CUST01098,27.0,Female,North,Apparel,Yoga Pants,1,75.27,15,75.27,63.98,Debit Card,3.0
ORD102332,2023-12-12,CUST00270,36.0,Male,East,Beauty,Lipstick Set,1,67.46,0,67.46,67.46,Credit Card,2.0
ORD102331,2023-12-12,CUST00662,38.0,Male,West,Electronics,Smartphone Case,1,157.55,5,157.55,149.67,Credit Card,3.0
ORD102333,2023-12-12,CUST00694,18.0,Male,South,Electronics,Wireless Earbuds,1,190.46,0,190.46,190.46,Credit Card,4.0
ORD102329,2023-12-12,CUST00341,30.0,Female,Central,Apparel,Women's Jeans,1,10.64,0,10.64,10.64,Credit Card,3.0
ORD102325,2023-12-12,CUST00179,43.0,Male,Central,Electronics,Laptop Stand,1,126.02,0,126.02,126.02,Credit Card,2.0
ORD102327,2023-12-12,CUST00905,47.0,Female,South,Beauty,Shampoo,1,53.71,5,53.71,51.02,Debit Card,4.0
ORD102326,2023-12-12,CUST00727,18.0,Other,East,Apparel,Yoga Pants,2,39.67,10,79.34,71.41,Cash on Delivery,3.0
ORD102324,2023-12-12,CUST00093,33.0,Male,West,Apparel,Wool Sweater,1,62.35,0,62.35,62.35,Cash on Delivery,3.0
ORD102323,2023-12-12,CUST00854,52.0,Male,North,Electronics,Bluetooth Speaker,1,228.59,10,228.59,205.73,Debit Card,3.0
ORD102328,2023-12-12,CUST00491,22.0,Female,West,Sports & Outdoors,Yoga Mat,1,93.52,15,93.52,79.49,Credit Card,2.0
ORD102334,2023-12-13,CUST00669,55.0,Female,East,Electronics,Power Bank,2,223.84,0,447.68,447.68,Credit Card,3.0
ORD102335,2023-12-13,CUST00515,38.0,Male,North,Home & Kitchen,Cutlery Set,1,29.68,0,29.68,29.68,Credit Card,4.0
ORD102336,2023-12-13,CUST00173,29.0,Female,North,Home & Kitchen,Storage Bins,4,138.17,0,552.68,552.68,UPI,3.0
ORD102337,2023-12-13,CUST00334,35.0,Female,,Electronics,Webcam,2,70.52,0,141.04,141.04,UPI,4.0
ORD102345,2023-12-14,CUST01090,20.0,Female,North,Apparel,Men's T-Shirt,3,105.26,0,315.78,315.78,UPI,
ORD102349,2023-12-14,CUST00024,38.0,Other,South,Apparel,Baseball Cap,1,99.01,0,99.01,99.01,Credit Card,
ORD102347,2023-12-14,CUST00530,18.0,Female,East,Beauty,Hair Dryer,1,24.65,0,24.65,24.65,Credit Card,4.0
ORD102346,2023-12-14,CUST00517,38.0,Female,North,Home & Kitchen,Storage Bins,1,125.57,10,125.57,113.01,UPI,3.0
ORD102344,2023-12-14,CUST00352,18.0,Female,South,Electronics,Smartphone Case,1,154.93,10,154.93,139.44,UPI,3.0
ORD102348,2023-12-14,CUST00092,31.0,Male,West,Sports & Outdoors,Camping Tent,3,157.33,10,471.99,424.79,Debit Card,4.0
ORD102342,2023-12-14,CUST01162,29.0,Female,East,Apparel,Yoga Pants,1,31.89,0,31.89,31.89,UPI,5.0
ORD102341,2023-12-14,CUST00576,18.0,Male,North,Beauty,Sunscreen SPF50,4,41.72,0,166.88,166.88,Credit Card,2.0
ORD102340,2023-12-14,CUST01149,27.0,Female,Central,Books,Self-Help Guide,1,36.1,0,36.1,36.1,UPI,3.0
ORD102339,2023-12-14,CUST00058,48.0,Female,,Books,Cookbook,1,18.99,0,18.99,18.99,Credit Card,4.0
ORD102338,2023-12-14,CUST00011,54.0,Male,South,Sports & Outdoors,Water Bottle,1,107.91,0,107.91,107.91,Cash on Delivery,5.0
ORD102343,2023-12-14,CUST01052,18.0,Female,East,Home & Kitchen,LED Desk Lamp,1,104.36,0,104.36,104.36,Credit Card,5.0
ORD102363,2023-12-15,CUST00134,69.0,Female,Central,Sports & Outdoors,Yoga Mat,1,173.69,0,173.69,173.69,Credit Card,3.0
ORD102362,2023-12-15,CUST00581,18.0,Female,West,Beauty,Hair Dryer,4,36.62,0,146.48,146.48,Credit Card,4.0
ORD102360,2023-12-15,CUST00398,35.0,Female,West,Apparel,Women's Jeans,1,48.91,10,48.91,44.02,Credit Card,4.0
ORD102359,2023-12-15,CUST00464,,Other,South,Home & Kitchen,Blender,1,162.69,20,162.69,130.15,UPI,5.0
ORD102358,2023-12-15,CUST00581,18.0,Female,East,Electronics,Laptop Stand,2,27.54,0,55.08,55.08,UPI,1.0
ORD102357,2023-12-15,CUST00441,45.0,Female,East,Apparel,Wool Sweater,1,36.74,0,36.74,36.74,UPI,5.0
ORD102361,2023-12-15,CUST00078,29.0,Female,West,Beauty,Sunscreen SPF50,1,15.75,0,15.75,15.75,Credit Card,4.0
ORD102355,2023-12-15,CUST00163,28.0,Male,East,Home & Kitchen,LED Desk Lamp,2,48.41,0,96.82,96.82,Credit Card,4.0
ORD102354,2023-12-15,CUST00156,44.0,Male,East,Electronics,Smartwatch,1,89.25,15,89.25,75.86,Debit Card,3.0
ORD102353,2023-12-15,CUST01102,18.0,Female,North,Apparel,Women's Jeans,1,58.94,5,58.94,55.99,Debit Card,4.0
ORD102352,2023-12-15,CUST00851,26.0,Female,Central,Electronics,Power Bank,1,158.15,0,158.15,158.15,Debit Card,3.0
ORD102351,2023-12-15,CUST00357,50.0,Male,North,Home & Kitchen,Storage Bins,1,164.76,5,164.76,156.52,Credit Card,5.0
ORD102350,2023-12-15,CUST00797,18.0,Female,West,Books,Children's Storybook,1,12.7,0,12.7,12.7,Debit Card,4.0
ORD102356,2023-12-15,CUST00779,27.0,Female,East,Home & Kitchen,Blender,1,155.99,0,155.99,155.99,UPI,4.0
ORD102372,2023-12-16,CUST00957,,Female,South,Electronics,USB-C Cable,1,231.01,0,231.01,231.01,Credit Card,3.0
ORD102371,2023-12-16,CUST01134,29.0,Female,Central,Home & Kitchen,Air Fryer,1,166.11,0,166.11,166.11,UPI,3.0
ORD102370,2023-12-16,CUST00858,19.0,Female,Central,Apparel,Formal Shirt,1,51.93,10,51.93,46.74,Credit Card,2.0
ORD102369,2023-12-16,CUST00136,42.0,Female,East,Sports & Outdoors,Tennis Racket,2,107.38,5,214.76,204.02,Credit Card,3.0
ORD102368,2023-12-16,CUST00606,49.0,Male,West,Sports & Outdoors,Hiking Backpack,1,111.87,0,111.87,111.87,UPI,2.0
ORD102366,2023-12-16,CUST00907,43.0,Female,West,Home & Kitchen,Coffee Maker,1,159.83,0,159.83,159.83,UPI,3.0
ORD102365,2023-12-16,CUST00406,20.0,Male,East,Apparel,Formal Shirt,1,63.91,0,63.91,63.91,UPI,3.0
ORD102364,2023-12-16,CUST00290,32.0,Male,West,Electronics,Power Bank,1,170.8,0,170.8,170.8,Credit Card,3.0
ORD102367,2023-12-16,CUST00540,43.0,Male,Central,Books,Cookbook,2,36.62,5,73.24,69.58,Debit Card,4.0
ORD102387,2023-12-17,CUST00623,48.0,Male,North,Home & Kitchen,LED Desk Lamp,1,152.88,0,152.88,152.88,Credit Card,2.0
ORD102386,2023-12-17,CUST00513,31.0,Female,South,Electronics,Smartphone Case,1,207.81,0,207.81,207.81,Credit Card,3.0
ORD102385,2023-12-17,CUST00586,21.0,Other,North,Beauty,Perfume,1,16.37,15,16.37,13.91,Credit Card,3.0
ORD102384,2023-12-17,CUST00700,38.0,Male,East,Apparel,Wool Sweater,1,48.13,10,48.13,43.32,UPI,3.0
ORD102383,2023-12-17,CUST00372,18.0,Female,East,Apparel,Winter Jacket,1,32.83,20,32.83,26.26,Debit Card,5.0
ORD102382,2023-12-17,CUST00528,32.0,Male,West,Books,Comic Book,1,31.75,0,31.75,31.75,Net Banking,4.0
ORD102380,2023-12-17,CUST00848,44.0,Female,North,Beauty,Lipstick Set,1,70.7,0,70.7,70.7,Cash on Delivery,3.0
ORD102381,2023-12-17,CUST00318,33.0,Male,South,Home & Kitchen,Throw Pillow,1,135.62,0,135.62,135.62,Credit Card,4.0
ORD102378,2023-12-17,CUST00276,46.0,Female,North,Home & Kitchen,Throw Pillow,1,173.76,0,173.76,173.76,UPI,3.0
ORD102377,2023-12-17,CUST00893,28.0,Female,East,Electronics,Power Bank,1,138.93,10,138.93,125.04,Debit Card,5.0
ORD102376,2023-12-17,CUST00035,38.0,Male,East,Sports & Outdoors,Hiking Backpack,1,34.66,0,34.66,34.66,Cash on Delivery,5.0
ORD102375,2023-12-17,CUST01165,47.0,Female,Central,Electronics,Webcam,1,98.62,5,98.62,93.69,UPI,3.0
ORD102374,2023-12-17,CUST00713,18.0,Female,West,Sports & Outdoors,Hiking Backpack,2,34.12,10,68.24,61.42,UPI,
ORD102373,2023-12-17,CUST00884,29.0,Male,Central,Electronics,Laptop Stand,1,62.16,5,62.16,59.05,UPI,2.0
ORD102379,2023-12-17,CUST00014,27.0,Female,West,Beauty,Lipstick Set,2,23.87,0,47.74,47.74,UPI,4.0
ORD102397,2023-12-18,CUST00053,52.0,Male,North,Apparel,Baseball Cap,1,81.77,0,81.77,81.77,UPI,3.0
ORD102396,2023-12-18,CUST00930,49.0,Female,East,Home & Kitchen,Air Fryer,2,68.74,0,137.48,137.48,Credit Card,5.0
ORD102395,2023-12-18,CUST00501,72.0,Male,Central,Sports & Outdoors,Resistance Bands,2,154.03,0,308.06,308.06,Cash on Delivery,5.0
ORD102394,2023-12-18,CUST00037,24.0,Female,East,Electronics,Laptop Stand,3,221.32,0,663.96,663.96,Credit Card,3.0
ORD102393,2023-12-18,CUST00044,28.0,Female,North,Home & Kitchen,Blender,1,170.49,0,170.49,170.49,Credit Card,3.0
ORD102391,2023-12-18,CUST00078,29.0,Female,North,Apparel,Men's T-Shirt,1,26.24,0,26.24,26.24,Cash on Delivery,5.0
ORD102390,2023-12-18,CUST01194,40.0,Female,Central,Home & Kitchen,Blender,1,70.06,0,70.06,70.06,Debit Card,4.0
ORD102389,2023-12-18,CUST00038,47.0,Female,West,Beauty,Hair Dryer,1,13.81,0,13.81,13.81,Debit Card,
ORD102388,2023-12-18,CUST00628,32.0,Male,North,Sports & Outdoors,Cycling Helmet,1,12.32,10,12.32,11.09,Credit Card,3.0
ORD102392,2023-12-18,CUST00692,18.0,Male,East,Home & Kitchen,Coffee Maker,1,25.52,5,25.52,24.24,Credit Card,4.0
ORD102406,2023-12-19,CUST00351,34.0,Male,West,Home & Kitchen,Non-stick Pan,3,153.37,15,460.11,391.09,UPI,5.0
ORD102405,2023-12-19,CUST00654,24.0,Female,West,Electronics,Webcam,1,105.31,15,105.31,89.51,Debit Card,4.0
ORD102404,2023-12-19,CUST00586,21.0,Other,South,Electronics,USB-C Cable,1,182.06,0,182.06,182.06,Debit Card,3.0
ORD102403,2023-12-19,CUST00148,40.0,Female,North,Home & Kitchen,LED Desk Lamp,3,94.8,0,284.4,284.4,UPI,5.0
ORD102400,2023-12-19,CUST00242,47.0,Male,West,Home & Kitchen,Blender,1,105.98,0,105.98,105.98,Debit Card,2.0
ORD102401,2023-12-19,CUST00071,39.0,Male,North,Home & Kitchen,LED Desk Lamp,3,35.23,0,105.69,105.69,Debit Card,3.0
ORD102399,2023-12-19,CUST01067,18.0,Male,East,Electronics,Smartphone Case,2,170.26,0,340.52,340.52,UPI,5.0
ORD102398,2023-12-19,CUST00682,,Male,West,Electronics,Laptop Stand,1,110.58,5,110.58,105.05,UPI,3.0
ORD102402,2023-12-19,CUST01086,30.0,Female,South,Home & Kitchen,Cutlery Set,2,23.52,0,47.04,47.04,Credit Card,4.0
ORD102416,2023-12-20,CUST00253,44.0,Other,East,Beauty,Nail Polish,2,44.38,15,88.76,75.45,Credit Card,2.0
ORD102415,2023-12-20,CUST01061,29.0,Male,East,Sports & Outdoors,Camping Tent,1,192.3,10,192.3,173.07,Credit Card,4.0
ORD102414,2023-12-20,CUST00742,69.0,Male,West,Apparel,Wool Sweater,1,35.99,0,35.99,35.99,UPI,3.0
ORD102413,2023-12-20,CUST01057,35.0,Male,Central,Electronics,Webcam,1,138.73,0,138.73,138.73,Credit Card,4.0
ORD102412,2023-12-20,CUST00673,37.0,Female,Central,Home & Kitchen,Throw Pillow,2,144.9,0,289.8,289.8,Credit Card,4.0
ORD102411,2023-12-20,CUST00992,32.0,Male,East,Beauty,Sunscreen SPF50,5,34.95,15,174.75,148.54,Credit Card,3.0
ORD102409,2023-12-20,CUST01046,43.0,Female,Central,Sports & Outdoors,Cycling Helmet,2,172.87,10,345.74,311.17,Debit Card,4.0
ORD102408,2023-12-20,CUST00904,31.0,Female,Central,Electronics,Power Bank,1,142.81,0,142.81,142.81,UPI,4.0
ORD102407,2023-12-20,CUST01103,18.0,Male,South,Beauty,Nail Polish,1,88.95,5,88.95,84.5,UPI,5.0
ORD102410,2023-12-20,CUST00670,36.0,Male,West,Apparel,Women's Jeans,2,56.74,15,113.48,96.46,Credit Card,4.0
ORD102423,2023-12-21,CUST00164,28.0,Male,West,Home & Kitchen,Coffee Maker,1,16.2,10,16.2,14.58,Debit Card,3.0
ORD102422,2023-12-21,CUST00077,26.0,Female,West,Home & Kitchen,Throw Pillow,1,12.85,0,12.85,12.85,Net Banking,2.0
ORD102420,2023-12-21,CUST00184,40.0,Male,Central,Electronics,USB-C Cable,1,48.36,0,48.36,48.36,UPI,4.0
ORD102421,2023-12-21,CUST00438,19.0,Female,South,Sports & Outdoors,Yoga Mat,1,100.31,15,100.31,85.26,Debit Card,4.0
ORD102418,2023-12-21,CUST00026,28.0,Male,East,Home & Kitchen,Cutlery Set,1,37.03,0,37.03,37.03,UPI,5.0
ORD102417,2023-12-21,CUST00835,19.0,Female,South,Apparel,Yoga Pants,2,64.88,0,129.76,129.76,Cash on Delivery,4.0
ORD102419,2023-12-21,CUST01168,29.0,Female,East,Apparel,Winter Jacket,4,34.59,10,138.36,124.52,Credit Card,3.0
ORD102424,2023-12-22,CUST00394,43.0,Female,East,Home & Kitchen,LED Desk Lamp,1,131.69,20,131.69,105.35,Cash on Delivery,3.0
ORD102425,2023-12-22,CUST00293,33.0,Male,West,Apparel,Formal Shirt,1,12.59,0,12.59,12.59,Debit Card,4.0
ORD102426,2023-12-22,CUST00755,32.0,Male,East,Books,Cookbook,2,36.31,0,72.62,72.62,Credit Card,4.0
ORD102427,2023-12-22,CUST00183,25.0,Male,South,Home & Kitchen,LED Desk Lamp,3,146.78,0,440.34,440.34,Net Banking,5.0
ORD102428,2023-12-22,CUST00508,27.0,Female,West,Home & Kitchen,Coffee Maker,1,84.59,0,84.59,84.59,Credit Card,3.0
ORD102429,2023-12-22,CUST00634,43.0,Male,South,Electronics,Webcam,1,124.23,0,124.23,124.23,UPI,5.0
ORD102430,2023-12-22,CUST01156,27.0,Female,West,Home & Kitchen,LED Desk Lamp,2,42.44,0,84.88,84.88,UPI,3.0
ORD102431,2023-12-22,CUST00320,41.0,Male,Central,Books,Comic Book,1,6.18,0,6.18,6.18,UPI,3.0
ORD102432,2023-12-22,CUST00076,49.0,Female,West,Books,Biography,2,20.24,10,40.48,36.43,Debit Card,3.0
ORD102442,2023-12-23,CUST00392,30.0,Male,North,Apparel,Yoga Pants,1,19.19,0,19.19,19.19,Credit Card,3.0
ORD102441,2023-12-23,CUST00345,34.0,Male,East,Apparel,Wool Sweater,2,63.99,0,127.98,127.98,Cash on Delivery,3.0
ORD102440,2023-12-23,CUST00259,49.0,Female,West,Apparel,Baseball Cap,1,18.24,0,18.24,18.24,Cash on Delivery,4.0
ORD102439,2023-12-23,CUST00249,19.0,Male,South,Apparel,Men's T-Shirt,1,46.37,0,46.37,46.37,Cash on Delivery,3.0
ORD102438,2023-12-23,CUST00617,44.0,Female,South,Home & Kitchen,LED Desk Lamp,1,143.89,0,143.89,143.89,Credit Card,3.0
ORD102436,2023-12-23,CUST01055,30.0,Female,West,Sports & Outdoors,Cycling Helmet,2,157.71,20,315.42,252.34,Credit Card,3.0
ORD102435,2023-12-23,CUST00736,18.0,Male,West,Apparel,Yoga Pants,3,33.83,0,101.49,101.49,Credit Card,3.0
ORD102434,2023-12-23,CUST00446,25.0,Female,South,Home & Kitchen,Storage Bins,1,18.28,0,18.28,18.28,Debit Card,3.0
ORD102433,2023-12-23,CUST00260,40.0,Female,West,Electronics,Smartwatch,1,20.51,15,20.51,17.43,UPI,3.0
ORD102437,2023-12-23,CUST00659,33.0,Female,North,Electronics,Webcam,2,140.05,0,280.1,280.1,UPI,3.0
ORD102446,2023-12-24,CUST01097,32.0,Male,North,Home & Kitchen,Throw Pillow,2,105.12,20,210.24,168.19,Credit Card,4.0
ORD102443,2023-12-24,CUST00367,20.0,Female,Central,Electronics,Laptop Stand,1,220.89,5,220.89,209.85,Credit Card,4.0
ORD102444,2023-12-24,CUST00452,41.0,Male,North,Electronics,Smartphone Case,1,115.64,10,115.64,104.08,UPI,4.0
ORD102445,2023-12-24,CUST00515,38.0,Male,North,Home & Kitchen,Coffee Maker,1,65.62,0,65.62,65.62,Net Banking,3.0
ORD102447,2023-12-24,CUST00410,69.0,Other,Central,Apparel,Wool Sweater,1,13.83,15,13.83,11.76,Credit Card,4.0
ORD102448,2023-12-24,CUST01069,48.0,Male,South,Electronics,Wireless Earbuds,1,25.59,0,25.59,25.59,UPI,4.0
ORD102449,2023-12-24,CUST00112,26.0,Male,North,Sports & Outdoors,Hiking Backpack,3,37.07,15,111.21,94.53,UPI,4.0
ORD102450,2023-12-24,CUST00036,42.0,Male,West,Sports & Outdoors,Cycling Helmet,1,152.69,5,152.69,145.06,Debit Card,2.0
ORD102459,2023-12-25,CUST00964,26.0,Female,South,Apparel,Running Shoes,1,26.11,5,26.11,24.8,UPI,3.0
ORD102458,2023-12-25,CUST00510,18.0,Male,South,Home & Kitchen,Cutlery Set,1,159.51,0,159.51,159.51,Credit Card,5.0
ORD102461,2023-12-25,CUST00759,37.0,Male,South,Apparel,Men's T-Shirt,1,117.12,0,117.12,117.12,Credit Card,2.0
ORD102462,2023-12-25,CUST00132,61.0,Male,East,Beauty,Nail Polish,1,68.54,0,68.54,68.54,Credit Card,3.0
ORD102457,2023-12-25,CUST00740,25.0,Female,North,Apparel,Women's Jeans,1,88.88,0,88.88,88.88,UPI,3.0
ORD102460,2023-12-25,CUST00685,33.0,Female,North,Electronics,Power Bank,1,232.41,0,232.41,232.41,UPI,3.0
ORD102455,2023-12-25,CUST00578,18.0,Male,South,Beauty,Lipstick Set,2,49.83,0,99.66,99.66,Debit Card,3.0
ORD102454,2023-12-25,CUST00848,44.0,Female,Central,Sports & Outdoors,Yoga Mat,1,22.64,0,22.64,22.64,Debit Card,5.0
ORD102453,2023-12-25,CUST00892,29.0,Male,East,Beauty,Perfume,1,11.66,0,11.66,11.66,Credit Card,3.0
ORD102452,2023-12-25,CUST00834,33.0,Male,West,Apparel,Men's T-Shirt,1,103.22,0,103.22,103.22,Credit Card,4.0
ORD102451,2023-12-25,CUST00203,37.0,Male,West,Electronics,Webcam,1,49.87,0,49.87,49.87,UPI,4.0
ORD102456,2023-12-25,CUST01120,56.0,Female,North,Apparel,Running Shoes,1,79.85,5,79.85,75.86,Credit Card,2.0
ORD102479,2023-12-26,CUST00702,48.0,Female,North,Home & Kitchen,Storage Bins,3,97.81,0,293.43,293.43,UPI,4.0
ORD102477,2023-12-26,CUST00504,32.0,Male,West,Electronics,Power Bank,2,161.1,20,322.2,257.76,UPI,4.0
ORD102476,2023-12-26,CUST00628,32.0,Male,East,Home & Kitchen,Non-stick Pan,2,73.36,0,146.72,146.72,Credit Card,4.0
ORD102475,2023-12-26,CUST00237,44.0,Female,Central,Electronics,Wireless Earbuds,1,41.46,0,41.46,41.46,UPI,5.0
ORD102474,2023-12-26,CUST00058,48.0,Female,Central,Sports & Outdoors,Camping Tent,1,100.6,0,100.6,100.6,Debit Card,4.0
ORD102473,2023-12-26,CUST00856,34.0,Male,East,Apparel,Running Shoes,1,47.77,0,47.77,47.77,Credit Card,5.0
ORD102472,2023-12-26,CUST00793,27.0,Female,North,Apparel,Women's Jeans,1,78.84,10,78.84,70.96,Credit Card,3.0
ORD102471,2023-12-26,CUST00225,38.0,Male,West,Books,Fiction Novel,1,15.93,0,15.93,15.93,Debit Card,2.0
ORD102478,2023-12-26,CUST00020,55.0,Female,North,Home & Kitchen,Blender,1,160.79,0,160.79,160.79,Credit Card,3.0
ORD102469,2023-12-26,CUST00126,27.0,Female,Central,Home & Kitchen,Throw Pillow,1,127.05,0,127.05,127.05,UPI,4.0
ORD102468,2023-12-26,CUST00954,49.0,Female,West,Home & Kitchen,Blender,1,95.58,0,95.58,95.58,Cash on Delivery,5.0
ORD102467,2023-12-26,CUST01022,22.0,Male,South,Electronics,Laptop Stand,1,170.14,0,170.14,170.14,Cash on Delivery,4.0
ORD102466,2023-12-26,CUST01176,36.0,Female,South,Apparel,Formal Shirt,1,98.37,15,98.37,83.61,Credit Card,5.0
ORD102465,2023-12-26,CUST01187,26.0,Male,South,Home & Kitchen,Blender,1,20.25,20,20.25,16.2,Net Banking,5.0
ORD102464,2023-12-26,CUST00601,20.0,Male,East,Sports & Outdoors,Camping Tent,3,174.72,0,524.16,524.16,Debit Card,3.0
ORD102463,2023-12-26,CUST00834,33.0,Male,South,Beauty,Hair Dryer,1,81.73,0,81.73,81.73,Credit Card,4.0
ORD102470,2023-12-26,CUST00800,29.0,Female,East,Beauty,Nail Polish,2,82.19,0,164.38,164.38,Net Banking,4.0
ORD102488,2023-12-27,CUST00659,33.0,Female,South,Sports & Outdoors,Dumbbell Set,1,65.94,25,65.94,49.46,Cash on Delivery,3.0
ORD102487,2023-12-27,CUST00460,43.0,Male,North,Beauty,Hair Dryer,4,71.72,15,286.88,243.85,Net Banking,5.0
ORD102486,2023-12-27,CUST00360,34.0,Male,North,Electronics,Smartwatch,1,65.97,0,65.97,65.97,Credit Card,4.0
ORD102484,2023-12-27,CUST00132,61.0,Male,North,Beauty,Hair Dryer,1,56.73,5,56.73,53.89,Debit Card,4.0
ORD102485,2023-12-27,CUST00938,50.0,Other,East,Electronics,Bluetooth Speaker,1,21.82,0,21.82,21.82,Debit Card,3.0
ORD102482,2023-12-27,CUST00177,44.0,Male,East,Apparel,Yoga Pants,1,42.88,10,42.88,38.59,Debit Card,4.0
ORD102481,2023-12-27,CUST00243,,Female,North,Apparel,Wool Sweater,1,10.91,0,10.91,10.91,UPI,3.0
ORD102480,2023-12-27,CUST00480,,Female,North,Electronics,Power Bank,1,98.77,0,98.77,98.77,UPI,3.0
ORD102483,2023-12-27,CUST00641,18.0,Male,South,Home & Kitchen,Non-stick Pan,2,113.54,10,227.08,204.37,Debit Card,5.0
ORD102489,2023-12-28,CUST00464,46.0,Other,North,Apparel,Women's Jeans,1,14.37,0,14.37,14.37,Debit Card,4.0
ORD102490,2023-12-28,CUST01048,36.0,Female,North,Apparel,Baseball Cap,4,111.37,0,445.48,445.48,Debit Card,4.0
ORD102491,2023-12-28,CUST00178,25.0,Male,,Beauty,Perfume,2,31.29,0,62.58,62.58,Cash on Delivery,4.0
ORD102492,2023-12-28,CUST01161,24.0,Female,North,Home & Kitchen,Throw Pillow,1,155.3,15,155.3,132.0,UPI,4.0
ORD102493,2023-12-28,CUST00465,22.0,Female,East,Apparel,Women's Jeans,2,71.25,20,142.5,114.0,Cash on Delivery,3.0
ORD102494,2023-12-28,CUST01067,18.0,Male,West,Apparel,Yoga Pants,2,57.38,5,114.76,109.02,UPI,4.0
ORD102495,2023-12-28,CUST00817,55.0,Female,North,Electronics,Webcam,3,124.4,0,373.2,373.2,Debit Card,5.0
ORD102496,2023-12-28,CUST00267,51.0,Female,West,Home & Kitchen,Cutlery Set,3,52.73,0,158.19,158.19,UPI,2.0
ORD102497,2023-12-28,CUST00979,37.0,Male,Central,Sports & Outdoors,Dumbbell Set,1,143.85,5,143.85,136.66,Net Banking,3.0
ORD102507,2023-12-29,CUST01106,50.0,Female,Central,Electronics,Smartwatch,2,151.71,20,303.42,242.74,Cash on Delivery,3.0
ORD102508,2023-12-29,CUST00333,28.0,Male,Central,Apparel,Yoga Pants,1,36.78,25,36.78,27.58,Net Banking,3.0
ORD102506,2023-12-29,CUST01048,36.0,Female,South,Beauty,Lipstick Set,2,33.81,0,67.62,67.62,Credit Card,5.0
ORD102510,2023-12-29,CUST01123,36.0,Male,South,Home & Kitchen,Air Fryer,1,105.45,0,105.45,105.45,Credit Card,4.0
ORD102511,2023-12-29,CUST00533,36.0,Male,West,Electronics,Webcam,5,53.72,0,268.6,268.6,Debit Card,3.0
ORD102509,2023-12-29,CUST00311,45.0,Female,West,Electronics,Laptop Stand,1,25.28,10,25.28,22.75,UPI,5.0
ORD102505,2023-12-29,CUST00241,20.0,Male,West,Apparel,Baseball Cap,2,11.01,0,22.02,22.02,Cash on Delivery,4.0
ORD102499,2023-12-29,CUST00940,51.0,Female,North,Apparel,Wool Sweater,1,41.14,0,41.14,41.14,Credit Card,4.0
ORD102503,2023-12-29,CUST01078,38.0,Male,North,Electronics,Wireless Earbuds,1,209.33,0,209.33,209.33,Credit Card,4.0
ORD102498,2023-12-29,CUST00972,39.0,Female,South,Sports & Outdoors,Resistance Bands,1,145.79,25,145.79,109.34,Debit Card,2.0
ORD102500,2023-12-29,CUST00802,22.0,Male,South,Home & Kitchen,Cutlery Set,1,95.64,0,95.64,95.64,Credit Card,3.0
ORD102504,2023-12-29,CUST01001,33.0,Female,North,Books,Biography,1,18.37,0,18.37,18.37,Debit Card,4.0
ORD102501,2023-12-29,CUST00243,18.0,Female,West,Beauty,Sunscreen SPF50,2,42.44,0,84.88,84.88,Credit Card,2.0
ORD102502,2023-12-29,CUST00716,61.0,Female,West,Home & Kitchen,Throw Pillow,3,51.33,0,153.99,153.99,UPI,4.0
ORD102528,2023-12-30,CUST01011,44.0,Female,West,Electronics,Laptop Stand,1,20.41,0,20.41,20.41,UPI,4.0
ORD102527,2023-12-30,CUST00460,43.0,Male,North,Beauty,Shampoo,1,88.7,25,88.7,66.52,Credit Card,1.0
ORD102526,2023-12-30,CUST00804,26.0,Female,East,Electronics,Webcam,1,24.06,0,24.06,24.06,UPI,2.0
ORD102525,2023-12-30,CUST01007,28.0,Male,North,Home & Kitchen,Air Fryer,4,47.37,10,189.48,170.53,Credit Card,4.0
ORD102524,2023-12-30,CUST01093,46.0,Male,Central,Electronics,Laptop Stand,2,48.57,20,97.14,77.71,UPI,5.0
ORD102523,2023-12-30,CUST00604,39.0,Female,North,Sports & Outdoors,Yoga Mat,1,21.66,0,21.66,21.66,Debit Card,5.0
ORD102521,2023-12-30,CUST00170,47.0,Male,North,Electronics,Webcam,1,247.11,0,247.11,247.11,UPI,3.0
ORD102520,2023-12-30,CUST01195,27.0,Female,South,Apparel,Yoga Pants,1,51.5,0,51.5,51.5,UPI,3.0
ORD102522,2023-12-30,CUST00685,33.0,Female,West,Electronics,Laptop Stand,1,118.56,0,118.56,118.56,Credit Card,3.0
ORD102518,2023-12-30,CUST00729,52.0,Male,North,Home & Kitchen,Air Fryer,1,138.9,25,138.9,104.18,Debit Card,4.0
ORD102517,2023-12-30,CUST00909,23.0,Female,Central,Beauty,Perfume,1,59.81,0,59.81,59.81,UPI,4.0
ORD102516,2023-12-30,CUST00912,26.0,Male,West,Electronics,Power Bank,1,75.26,5,75.26,71.5,Debit Card,4.0
ORD102515,2023-12-30,CUST00395,30.0,Male,West,Beauty,Perfume,1,42.2,0,42.2,42.2,Net Banking,3.0
ORD102514,2023-12-30,CUST00213,18.0,Female,East,Sports & Outdoors,Tennis Racket,1,40.02,0,40.02,40.02,Credit Card,4.0
ORD102513,2023-12-30,CUST00138,18.0,Female,South,Home & Kitchen,Cutlery Set,2,69.33,15,138.66,117.86,UPI,5.0
ORD102512,2023-12-30,CUST00635,31.0,Male,South,Home & Kitchen,LED Desk Lamp,2,84.05,25,168.1,126.08,UPI,4.0
ORD102519,2023-12-30,CUST00441,45.0,Female,East,Beauty,Facial Serum,1,14.24,0,14.24,14.24,Credit Card,4.0
ORD102536,2023-12-31,CUST00003,18.0,Female,,Home & Kitchen,Air Fryer,1,108.05,10,108.05,97.25,Credit Card,3.0
ORD102540,2023-12-31,CUST01014,33.0,Male,East,Electronics,Bluetooth Speaker,1,94.31,5,94.31,89.59,Credit Card,4.0
ORD102539,2023-12-31,CUST00056,21.0,Female,,Home & Kitchen,Cutlery Set,1,147.32,0,147.32,147.32,Credit Card,3.0
ORD102538,2023-12-31,CUST00424,57.0,Female,South,Home & Kitchen,Coffee Maker,2,15.14,0,30.28,30.28,Credit Card,4.0
ORD102537,2023-12-31,CUST01178,26.0,Male,Central,Sports & Outdoors,Water Bottle,1,63.16,0,63.16,63.16,Credit Card,5.0
ORD102535,2023-12-31,CUST00119,40.0,Female,East,Books,Biography,1,16.8,10,16.8,15.12,Debit Card,4.0
ORD102530,2023-12-31,CUST00119,40.0,Female,East,Home & Kitchen,Cutlery Set,1,91.8,0,91.8,91.8,UPI,4.0
ORD102533,2023-12-31,CUST00164,28.0,Male,South,Home & Kitchen,Non-stick Pan,1,39.28,0,39.28,39.28,Credit Card,1.0
ORD102532,2023-12-31,CUST00842,26.0,Female,South,Apparel,Wool Sweater,1,66.42,10,66.42,59.78,UPI,4.0
ORD102531,2023-12-31,CUST01072,37.0,Female,North,Electronics,Smartwatch,1,85.4,0,85.4,85.4,Debit Card,4.0
ORD102529,2023-12-31,CUST00681,28.0,Male,West,Home & Kitchen,Air Fryer,4,58.73,0,234.92,234.92,Net Banking,4.0
ORD102534,2023-12-31,CUST00618,55.0,Male,Central,Home & Kitchen,Cutlery Set,1,92.23,0,92.23,92.23,Credit Card,2.0
ORD102541,2024-01-01,CUST00853,18.0,Female,Central,Electronics,Smartphone Case,3,149.98,15,449.94,382.45,Debit Card,4.0
ORD102542,2024-01-01,CUST00716,61.0,Female,North,Electronics,Wireless Earbuds,1,108.5,10,108.5,97.65,UPI,4.0
ORD102543,2024-01-01,CUST00852,18.0,Male,North,Beauty,Perfume,1,17.77,5,17.77,16.88,Credit Card,4.0
ORD102544,2024-01-01,CUST00078,29.0,Female,East,Home & Kitchen,Cutlery Set,1,121.36,0,121.36,121.36,Debit Card,3.0
ORD102545,2024-01-01,CUST00254,35.0,Female,Central,Apparel,Winter Jacket,5,48.52,0,242.6,242.6,Credit Card,4.0
ORD102546,2024-01-01,CUST00568,44.0,Female,East,Apparel,Baseball Cap,1,82.27,0,82.27,82.27,Net Banking,3.0
ORD102552,2024-01-02,CUST00734,31.0,Female,South,Apparel,Women's Jeans,1,96.6,20,96.6,77.28,UPI,3.0
ORD102554,2024-01-02,CUST01131,43.0,Female,East,Apparel,Formal Shirt,1,81.71,0,81.71,81.71,UPI,5.0
ORD102553,2024-01-02,CUST01091,41.0,Male,North,Sports & Outdoors,Hiking Backpack,1,124.07,0,124.07,124.07,Debit Card,3.0
ORD102551,2024-01-02,CUST00434,46.0,Male,South,Sports & Outdoors,Yoga Mat,1,127.02,0,127.02,127.02,UPI,3.0
ORD102547,2024-01-02,CUST01170,63.0,Male,West,Beauty,Shampoo,1,76.04,5,76.04,72.24,UPI,
ORD102549,2024-01-02,CUST00722,,Male,South,Electronics,Bluetooth Speaker,2,237.05,0,474.1,474.1,UPI,4.0
ORD102550,2024-01-02,CUST00893,28.0,Female,South,Apparel,Formal Shirt,1,10.89,0,10.89,10.89,UPI,3.0
ORD102548,2024-01-02,CUST00077,26.0,Female,South,Electronics,Wireless Earbuds,2,156.51,0,313.02,313.02,Cash on Delivery,4.0
ORD102555,2024-01-03,CUST00897,35.0,Male,South,Electronics,Wireless Earbuds,1,154.81,0,154.81,154.81,UPI,1.0
ORD102556,2024-01-03,CUST00319,29.0,Female,South,Home & Kitchen,Blender,1,87.95,0,87.95,87.95,Net Banking,5.0
ORD102557,2024-01-03,CUST00996,52.0,Male,South,Apparel,Men's T-Shirt,1,71.91,0,71.91,71.91,Credit Card,3.0
ORD102558,2024-01-03,CUST00307,38.0,Male,Central,Home & Kitchen,Throw Pillow,1,85.6,0,85.6,85.6,UPI,5.0
ORD102559,2024-01-04,CUST01042,18.0,Male,East,Electronics,Wireless Earbuds,3,83.45,0,250.35,250.35,Credit Card,4.0
ORD102561,2024-01-04,CUST01180,32.0,Female,South,Electronics,Laptop Stand,1,29.37,20,29.37,23.5,Debit Card,1.0
ORD102562,2024-01-04,CUST00896,36.0,Male,South,Books,Fiction Novel,1,6.74,25,6.74,5.06,Credit Card,4.0
ORD102563,2024-01-04,CUST00446,25.0,Female,West,Home & Kitchen,LED Desk Lamp,2,36.83,0,73.66,73.66,UPI,5.0
ORD102564,2024-01-04,CUST01028,32.0,Female,North,Apparel,Wool Sweater,1,16.47,0,16.47,16.47,Net Banking,3.0
ORD102565,2024-01-04,CUST00709,30.0,Female,West,Home & Kitchen,Coffee Maker,1,83.48,10,83.48,75.13,UPI,4.0
ORD102560,2024-01-04,CUST01070,34.0,Male,East,Sports & Outdoors,Tennis Racket,1,44.36,0,44.36,44.36,UPI,4.0
ORD102566,2024-01-05,CUST00460,43.0,Male,South,Apparel,Formal Shirt,1,46.77,0,46.77,46.77,UPI,3.0
ORD102570,2024-01-06,CUST00719,24.0,Male,East,Electronics,Smartphone Case,1,241.0,0,241.0,241.0,Cash on Delivery,4.0
ORD102569,2024-01-06,CUST01016,43.0,Female,Central,Electronics,Webcam,1,223.51,0,223.51,223.51,Cash on Delivery,4.0
ORD102568,2024-01-06,CUST00537,36.0,Male,West,Beauty,Sunscreen SPF50,1,30.75,0,30.75,30.75,Debit Card,4.0
ORD102567,2024-01-06,CUST00171,27.0,Other,East,Electronics,Smartwatch,1,191.25,0,191.25,191.25,Net Banking,4.0
ORD102571,2024-01-07,CUST00971,32.0,Female,North,Apparel,Running Shoes,2,40.25,0,80.5,80.5,Credit Card,1.0
ORD102572,2024-01-07,CUST00514,26.0,Male,North,Home & Kitchen,Cutlery Set,2,64.91,20,129.82,103.86,Debit Card,2.0
ORD102573,2024-01-07,CUST00132,61.0,Male,Central,Apparel,Winter Jacket,2,66.27,0,132.54,132.54,Credit Card,2.0
ORD102574,2024-01-07,CUST00462,57.0,Male,East,Beauty,Sunscreen SPF50,1,84.29,0,84.29,84.29,Net Banking,3.0
ORD102575,2024-01-07,CUST00872,35.0,Male,North,Beauty,Shampoo,1,47.6,0,47.6,47.6,Debit Card,
ORD102576,2024-01-08,CUST00565,22.0,Female,East,Electronics,USB-C Cable,1,86.52,0,86.52,86.52,Credit Card,3.0
ORD102577,2024-01-08,CUST00404,30.0,Male,South,Apparel,Formal Shirt,1,99.44,10,99.44,89.5,Cash on Delivery,3.0
ORD102578,2024-01-08,CUST01015,20.0,Female,South,Books,Fiction Novel,1,14.2,0,14.2,14.2,Debit Card,
ORD102579,2024-01-08,CUST00035,38.0,Male,North,Electronics,Smartphone Case,1,232.15,0,232.15,232.15,Cash on Delivery,3.0
ORD102580,2024-01-09,CUST01063,27.0,Male,South,Sports & Outdoors,Tennis Racket,4,100.06,0,400.24,400.24,UPI,4.0
ORD102581,2024-01-09,CUST01105,30.0,Female,West,Sports & Outdoors,Camping Tent,1,193.32,0,193.32,193.32,Cash on Delivery,3.0
ORD102588,2024-01-10,CUST00243,18.0,Female,Central,Home & Kitchen,Storage Bins,2,175.28,0,350.56,350.56,UPI,4.0
ORD102589,2024-01-10,CUST00985,18.0,Male,West,Electronics,Laptop Stand,1,187.53,10,187.53,168.78,Credit Card,4.0
ORD102586,2024-01-10,CUST00462,,Male,South,Home & Kitchen,Blender,4,51.3,15,205.2,174.42,Debit Card,4.0
ORD102587,2024-01-10,CUST00909,23.0,Female,East,Electronics,Smartphone Case,1,233.36,5,233.36,221.69,Credit Card,4.0
ORD102584,2024-01-10,CUST01186,38.0,Male,South,Electronics,Laptop Stand,1,155.37,0,155.37,155.37,Credit Card,4.0
ORD102585,2024-01-10,CUST00969,51.0,Female,West,Apparel,Yoga Pants,1,27.27,15,27.27,23.18,Debit Card,2.0
ORD102583,2024-01-10,CUST00584,18.0,Female,South,Electronics,Smartwatch,5,202.99,0,1014.95,1014.95,UPI,3.0
ORD102582,2024-01-10,CUST00638,40.0,Male,West,Beauty,Facial Serum,1,52.39,5,52.39,49.77,Debit Card,3.0
ORD102599,2024-01-11,CUST00743,48.0,Female,South,Books,Fiction Novel,1,39.98,15,39.98,33.98,Debit Card,3.0
ORD102598,2024-01-11,CUST00491,22.0,Female,South,Apparel,Winter Jacket,1,58.6,0,58.6,58.6,Credit Card,3.0
ORD102597,2024-01-11,CUST00555,18.0,Male,West,Electronics,Smartwatch,1,187.03,0,187.03,187.03,Net Banking,4.0
ORD102596,2024-01-11,CUST00702,48.0,Female,South,Sports & Outdoors,Dumbbell Set,2,30.85,20,61.7,49.36,Credit Card,4.0
ORD102595,2024-01-11,CUST00839,41.0,Female,West,Apparel,Yoga Pants,1,37.51,10,37.51,33.76,Debit Card,2.0
ORD102594,2024-01-11,CUST00248,40.0,Female,West,Home & Kitchen,Cutlery Set,3,47.18,0,141.54,141.54,Cash on Delivery,2.0
ORD102593,2024-01-11,CUST00160,31.0,Female,East,Home & Kitchen,Storage Bins,1,123.2,0,123.2,123.2,Debit Card,4.0
ORD102592,2024-01-11,CUST01177,23.0,Female,East,Beauty,Facial Serum,1,29.02,5,29.02,27.57,Debit Card,4.0
ORD102591,2024-01-11,CUST00388,50.0,Female,North,Beauty,Facial Serum,3,10.25,0,30.75,30.75,Credit Card,5.0
ORD102590,2024-01-11,CUST00899,48.0,Male,North,Apparel,Men's T-Shirt,4,35.24,0,140.96,140.96,Credit Card,4.0
ORD102607,2024-01-12,CUST00315,26.0,Male,West,Beauty,Hair Dryer,2,16.01,15,32.02,27.22,Credit Card,4.0
ORD102605,2024-01-12,CUST00641,18.0,Male,South,Beauty,Perfume,1,14.34,0,14.34,14.34,Credit Card,4.0
ORD102604,2024-01-12,CUST00725,43.0,Female,West,Beauty,Face Moisturizer,3,21.19,0,63.57,63.57,UPI,3.0
ORD102606,2024-01-12,CUST00426,40.0,Female,West,Apparel,Wool Sweater,1,100.82,10,100.82,90.74,UPI,3.0
ORD102602,2024-01-12,CUST00428,28.0,Male,South,Electronics,Wireless Earbuds,1,66.69,5,66.69,63.36,UPI,3.0
ORD102601,2024-01-12,CUST00148,40.0,Female,North,Apparel,Yoga Pants,2,24.63,5,49.26,46.8,Debit Card,3.0
ORD102603,2024-01-12,CUST00073,48.0,Male,West,Home & Kitchen,Storage Bins,1,77.33,5,77.33,73.46,Debit Card,4.0
ORD102600,2024-01-12,CUST00075,52.0,Female,South,Electronics,Laptop Stand,1,184.72,0,184.72,184.72,UPI,3.0
ORD102614,2024-01-13,CUST00217,19.0,Male,West,Books,Comic Book,1,28.48,0,28.48,28.48,Cash on Delivery,5.0
ORD102613,2024-01-13,CUST00317,29.0,Female,West,Apparel,Baseball Cap,1,74.21,20,74.21,59.37,Credit Card,3.0
ORD102612,2024-01-13,CUST00919,44.0,Female,West,Apparel,Wool Sweater,1,68.25,0,68.25,68.25,Credit Card,2.0
ORD102615,2024-01-13,CUST00813,34.0,Male,West,Electronics,Smartphone Case,2,106.45,0,212.9,212.9,Debit Card,5.0
ORD102610,2024-01-13,CUST00992,32.0,Male,South,Electronics,Power Bank,1,58.95,0,58.95,58.95,Debit Card,2.0
ORD102609,2024-01-13,CUST01024,51.0,Female,West,Apparel,Winter Jacket,3,42.28,10,126.84,114.16,Credit Card,5.0
ORD102608,2024-01-13,CUST01008,34.0,Male,North,Apparel,Women's Jeans,2,111.28,0,222.56,222.56,Credit Card,3.0
ORD102611,2024-01-13,CUST00100,36.0,Female,North,Beauty,Face Moisturizer,1,78.89,0,78.89,78.89,Debit Card,3.0
ORD102616,2024-01-14,CUST00462,57.0,Male,West,Electronics,Laptop Stand,1,248.73,25,248.73,186.55,Cash on Delivery,2.0
ORD102617,2024-01-14,CUST00464,46.0,Other,North,Sports & Outdoors,Resistance Bands,1,83.36,0,83.36,83.36,UPI,5.0
ORD102618,2024-01-14,CUST00569,30.0,Male,South,Books,Children's Storybook,1,17.43,0,17.43,17.43,Debit Card,3.0
ORD102619,2024-01-14,CUST00217,19.0,Male,East,Electronics,Power Bank,1,70.24,0,70.24,70.24,UPI,4.0
ORD102620,2024-01-14,CUST01018,18.0,Female,East,Sports & Outdoors,Resistance Bands,1,82.63,0,82.63,82.63,Net Banking,4.0
ORD102621,2024-01-14,CUST01118,37.0,Male,East,Electronics,Smartwatch,2,207.23,0,414.46,414.46,Credit Card,5.0
ORD102622,2024-01-14,CUST00161,21.0,Male,Central,Sports & Outdoors,Cycling Helmet,1,189.75,10,189.75,170.77,Debit Card,4.0
ORD102623,2024-01-14,CUST00763,48.0,Female,West,Apparel,Baseball Cap,1,62.72,0,62.72,62.72,Cash on Delivery,4.0
ORD102624,2024-01-14,CUST01121,27.0,Female,South,Beauty,Shampoo,1,79.36,0,79.36,79.36,UPI,5.0
ORD102630,2024-01-15,CUST00334,35.0,Female,West,Sports & Outdoors,Yoga Mat,2,37.44,0,74.88,74.88,UPI,4.0
ORD102631,2024-01-15,CUST00630,30.0,Male,South,Apparel,Men's T-Shirt,1,59.22,0,59.22,59.22,UPI,4.0
ORD102629,2024-01-15,CUST01014,33.0,Male,South,Beauty,Nail Polish,1,60.93,0,60.93,60.93,Debit Card,5.0
ORD102625,2024-01-15,CUST01084,25.0,Female,North,Apparel,Yoga Pants,1,23.66,15,23.66,20.11,UPI,4.0
ORD102627,2024-01-15,CUST00834,33.0,Male,West,Beauty,Face Moisturizer,1,50.39,5,50.39,47.87,Debit Card,3.0
ORD102628,2024-01-15,CUST01100,58.0,Female,North,Electronics,USB-C Cable,2,102.25,15,204.5,173.82,Debit Card,4.0
ORD102626,2024-01-15,CUST01117,38.0,Female,Central,Home & Kitchen,Non-stick Pan,1,32.99,0,32.99,32.99,Credit Card,3.0
ORD102632,2024-01-16,CUST00870,27.0,Male,West,Apparel,Wool Sweater,2,114.69,0,229.38,229.38,Credit Card,5.0
ORD102633,2024-01-16,CUST00170,47.0,Male,East,Home & Kitchen,Cutlery Set,1,130.46,20,130.46,104.37,Net Banking,4.0
ORD102634,2024-01-16,CUST00523,44.0,Female,South,Beauty,Perfume,1,28.21,10,28.21,25.39,UPI,2.0
ORD102635,2024-01-16,CUST00116,64.0,Female,North,Apparel,Women's Jeans,2,62.18,5,124.36,118.14,Debit Card,4.0
ORD102636,2024-01-16,CUST00670,36.0,Male,West,Beauty,Lipstick Set,1,20.07,0,20.07,20.07,Credit Card,3.0
ORD102637,2024-01-16,CUST00719,24.0,Male,East,Apparel,Yoga Pants,1,100.01,15,100.01,85.01,Net Banking,5.0
ORD102639,2024-01-17,CUST01092,19.0,Female,North,Beauty,Facial Serum,1,50.32,5,50.32,47.8,Credit Card,5.0
ORD102645,2024-01-17,CUST00408,30.0,Other,East,Home & Kitchen,Coffee Maker,2,14.83,0,29.66,29.66,Credit Card,4.0
ORD102644,2024-01-17,CUST00770,38.0,Female,South,Apparel,Wool Sweater,1,93.59,0,93.59,93.59,Credit Card,5.0
ORD102643,2024-01-17,CUST01189,40.0,Male,West,Sports & Outdoors,Water Bottle,1,192.65,5,192.65,183.02,UPI,3.0
ORD102638,2024-01-17,CUST01093,46.0,Male,Central,Home & Kitchen,Coffee Maker,1,105.36,0,105.36,105.36,UPI,4.0
ORD102641,2024-01-17,CUST00237,44.0,Female,South,Electronics,Webcam,1,132.44,0,132.44,132.44,Net Banking,4.0
ORD102640,2024-01-17,CUST00045,20.0,Male,North,Sports & Outdoors,Dumbbell Set,1,89.63,10,89.63,80.67,UPI,4.0
ORD102642,2024-01-17,CUST01138,60.0,Female,South,Beauty,Hair Dryer,2,42.84,20,85.68,68.54,Cash on Delivery,2.0
ORD102648,2024-01-18,CUST01118,37.0,Male,Central,Apparel,Women's Jeans,1,60.96,10,60.96,54.86,Cash on Delivery,
ORD102649,2024-01-18,CUST00175,39.0,Male,West,Sports & Outdoors,Tennis Racket,3,171.12,0,513.36,513.36,UPI,2.0
ORD102647,2024-01-18,CUST00697,,Female,East,Home & Kitchen,Air Fryer,1,60.87,20,60.87,48.7,UPI,3.0
ORD102646,2024-01-18,CUST00878,35.0,Other,South,Apparel,Wool Sweater,1,103.07,15,103.07,87.61,UPI,3.0
ORD102650,2024-01-19,CUST00273,32.0,Female,East,Apparel,Formal Shirt,1,36.63,15,36.63,31.14,Credit Card,5.0
ORD102651,2024-01-19,CUST01169,21.0,Female,North,Apparel,Baseball Cap,2,31.61,0,63.22,63.22,Net Banking,4.0
ORD102652,2024-01-19,CUST00790,19.0,Male,West,Electronics,USB-C Cable,1,122.96,0,122.96,122.96,Credit Card,5.0
ORD102653,2024-01-19,CUST00872,35.0,Male,Central,Electronics,Webcam,1,58.34,0,58.34,58.34,UPI,3.0
ORD102654,2024-01-19,CUST00608,36.0,Male,South,Electronics,Power Bank,3,170.25,0,510.75,510.75,Net Banking,3.0
ORD102657,2024-01-20,CUST00189,23.0,Female,East,Apparel,Winter Jacket,2,34.23,0,68.46,68.46,Credit Card,5.0
ORD102655,2024-01-20,CUST00460,43.0,Male,West,Electronics,Smartphone Case,1,70.13,0,70.13,70.13,Debit Card,4.0
ORD102656,2024-01-20,CUST00609,48.0,Female,West,Books,Mystery Thriller,2,10.02,0,20.04,20.04,Debit Card,1.0
ORD102658,2024-01-20,CUST00429,47.0,Female,North,Electronics,USB-C Cable,2,221.39,0,442.78,442.78,Credit Card,2.0
ORD102659,2024-01-20,CUST00445,54.0,Female,Central,Electronics,Wireless Earbuds,1,238.19,0,238.19,238.19,Credit Card,3.0
ORD102660,2024-01-20,CUST00968,25.0,Female,West,Beauty,Face Moisturizer,1,23.37,10,23.37,21.03,Credit Card,3.0
ORD102661,2024-01-20,CUST01040,40.0,Male,East,Books,Comic Book,1,6.62,0,6.62,6.62,Cash on Delivery,3.0
ORD102662,2024-01-20,CUST00871,31.0,Female,East,Books,Children's Storybook,1,21.5,0,21.5,21.5,Debit Card,3.0
ORD102667,2024-01-21,CUST01008,34.0,Male,East,Apparel,Yoga Pants,2,81.41,5,162.82,154.68,Credit Card,4.0
ORD102668,2024-01-21,CUST00639,39.0,Female,West,Apparel,Wool Sweater,1,62.34,0,62.34,62.34,UPI,3.0
ORD102666,2024-01-21,CUST00552,45.0,Female,West,Sports & Outdoors,Tennis Racket,1,181.94,0,181.94,181.94,Credit Card,3.0
ORD102664,2024-01-21,CUST00190,39.0,Male,East,Apparel,Wool Sweater,1,51.17,0,51.17,51.17,Credit Card,4.0
ORD102663,2024-01-21,CUST00170,47.0,Male,Central,Electronics,Wireless Earbuds,2,64.87,0,129.74,129.74,Debit Card,4.0
ORD102665,2024-01-21,CUST00552,45.0,Female,North,Home & Kitchen,Throw Pillow,1,41.73,0,41.73,41.73,Debit Card,3.0
ORD102675,2024-01-22,CUST00724,32.0,Female,Central,Apparel,Baseball Cap,1,21.95,0,21.95,21.95,Credit Card,3.0
ORD102669,2024-01-22,CUST01148,51.0,Male,North,Electronics,Smartphone Case,1,94.57,0,94.57,94.57,Debit Card,4.0
ORD102670,2024-01-22,CUST00151,33.0,Male,West,Electronics,Bluetooth Speaker,1,216.16,5,216.16,205.35,UPI,3.0
ORD102671,2024-01-22,CUST01137,40.0,Female,Central,Apparel,Wool Sweater,1,20.58,0,20.58,20.58,Credit Card,3.0
ORD102672,2024-01-22,CUST01177,23.0,Female,North,Apparel,Wool Sweater,2,105.17,15,210.34,178.79,Credit Card,3.0
ORD102673,2024-01-22,CUST00119,40.0,Female,South,Electronics,Power Bank,1,215.96,0,215.96,215.96,Cash on Delivery,2.0
ORD102674,2024-01-22,CUST00475,34.0,Other,Central,Apparel,Women's Jeans,1,99.93,15,99.93,84.94,Credit Card,4.0
ORD102676,2024-01-22,CUST00126,27.0,Female,South,Apparel,Men's T-Shirt,1,82.47,10,82.47,74.22,Credit Card,3.0
ORD102680,2024-01-23,CUST00071,,Male,West,Electronics,Bluetooth Speaker,1,32.24,0,32.24,32.24,Cash on Delivery,4.0
ORD102679,2024-01-23,CUST00660,32.0,Female,South,Home & Kitchen,Cutlery Set,1,129.3,0,129.3,129.3,Credit Card,5.0
ORD102681,2024-01-23,CUST00278,28.0,Female,North,Electronics,Power Bank,3,104.94,25,314.82,236.12,Credit Card,4.0
ORD102677,2024-01-23,CUST00637,37.0,Male,South,Apparel,Women's Jeans,3,29.85,0,89.55,89.55,Net Banking,5.0
ORD102678,2024-01-23,CUST00922,35.0,Female,South,Books,Cookbook,1,13.53,0,13.53,13.53,UPI,5.0
ORD102687,2024-01-24,CUST00082,47.0,Male,East,Apparel,Formal Shirt,1,30.92,0,30.92,30.92,UPI,4.0
ORD102686,2024-01-24,CUST00211,36.0,Male,East,Electronics,Bluetooth Speaker,1,20.06,20,20.06,16.05,UPI,3.0
ORD102685,2024-01-24,CUST00866,49.0,Female,Central,Beauty,Nail Polish,1,63.94,20,63.94,51.15,UPI,5.0
ORD102682,2024-01-24,CUST00665,38.0,Female,South,Books,Business Book,1,31.77,0,31.77,31.77,UPI,4.0
ORD102683,2024-01-24,CUST00301,26.0,Male,East,Apparel,Yoga Pants,1,110.13,0,110.13,110.13,UPI,3.0
ORD102684,2024-01-24,CUST00749,21.0,Female,South,Apparel,Wool Sweater,1,34.55,0,34.55,34.55,Debit Card,4.0
ORD102688,2024-01-25,CUST00326,30.0,Male,South,Electronics,USB-C Cable,2,175.41,25,350.82,263.12,Cash on Delivery,3.0
ORD102689,2024-01-25,CUST00853,18.0,Female,South,Apparel,Running Shoes,2,18.53,20,37.06,29.65,Credit Card,3.0
ORD102690,2024-01-25,CUST01011,44.0,Female,North,Apparel,Men's T-Shirt,2,74.63,0,149.26,149.26,UPI,4.0
ORD102691,2024-01-25,CUST00231,38.0,Female,West,Books,Business Book,1,20.11,0,20.11,20.11,UPI,4.0
ORD102692,2024-01-25,CUST01076,28.0,Male,North,Electronics,Wireless Earbuds,1,26.84,0,26.84,26.84,Credit Card,3.0
ORD102693,2024-01-25,CUST01134,29.0,Female,East,Electronics,Webcam,3,133.39,0,400.17,400.17,UPI,3.0
ORD102694,2024-01-25,CUST01164,33.0,Female,North,Sports & Outdoors,Water Bottle,1,92.72,15,92.72,78.81,UPI,4.0
ORD102695,2024-01-26,CUST00103,44.0,Female,South,Electronics,Smartphone Case,4,167.18,20,668.72,534.98,Debit Card,5.0
ORD102696,2024-01-26,CUST00068,30.0,Male,West,Sports & Outdoors,Camping Tent,1,71.5,0,71.5,71.5,Net Banking,2.0
ORD102702,2024-01-27,CUST00035,38.0,Male,Central,Books,Biography,2,11.0,0,22.0,22.0,Debit Card,3.0
ORD102701,2024-01-27,CUST00017,28.0,Male,Central,Books,Children's Storybook,4,27.2,5,108.8,103.36,Credit Card,5.0
ORD102700,2024-01-27,CUST00535,18.0,Other,South,Beauty,Face Moisturizer,1,13.4,0,13.4,13.4,Net Banking,4.0
ORD102698,2024-01-27,CUST00539,52.0,Female,Central,Home & Kitchen,Throw Pillow,1,98.88,0,98.88,98.88,Credit Card,5.0
ORD102697,2024-01-27,CUST00888,45.0,Male,Central,Home & Kitchen,Cutlery Set,1,92.74,0,92.74,92.74,Credit Card,2.0
ORD102699,2024-01-27,CUST00064,31.0,Male,West,Beauty,Perfume,2,37.31,15,74.62,63.43,Credit Card,1.0
ORD102703,2024-01-28,CUST01094,46.0,Male,West,Apparel,Running Shoes,1,87.53,0,87.53,87.53,Credit Card,4.0
ORD102704,2024-01-28,CUST00484,31.0,Female,East,Beauty,Lipstick Set,3,42.83,15,128.49,109.22,UPI,5.0
ORD102705,2024-01-28,CUST00413,45.0,Female,Central,Beauty,Hair Dryer,3,80.17,15,240.51,204.43,Debit Card,4.0
ORD102706,2024-01-29,CUST00455,48.0,Male,Central,Electronics,Bluetooth Speaker,1,118.58,0,118.58,118.58,Credit Card,3.0
ORD102707,2024-01-29,CUST00560,35.0,Male,Central,Beauty,Nail Polish,3,27.31,15,81.93,69.64,Net Banking,3.0
ORD102708,2024-01-29,CUST00660,32.0,Female,Central,Electronics,Smartphone Case,1,166.34,0,166.34,166.34,Credit Card,4.0
ORD102709,2024-01-29,CUST00458,37.0,Male,Central,Books,Comic Book,1,39.3,0,39.3,39.3,UPI,5.0
ORD102710,2024-01-29,CUST01090,20.0,Female,South,Books,Biography,1,36.99,0,36.99,36.99,Credit Card,4.0
ORD102711,2024-01-29,CUST00604,39.0,Female,South,Beauty,Facial Serum,1,49.73,15,49.73,42.27,Cash on Delivery,3.0
ORD102712,2024-01-29,CUST00363,41.0,Male,North,Books,Mystery Thriller,2,14.06,0,28.12,28.12,Cash on Delivery,4.0
ORD102713,2024-01-29,CUST00514,26.0,Male,South,Beauty,Nail Polish,2,84.9,5,169.8,161.31,Credit Card,3.0
ORD102717,2024-01-30,CUST01080,43.0,Female,South,Home & Kitchen,Non-stick Pan,1,173.12,0,173.12,173.12,Debit Card,4.0
ORD102716,2024-01-30,CUST00619,29.0,Female,South,Apparel,Running Shoes,2,66.68,5,133.36,126.69,Credit Card,3.0
ORD102715,2024-01-30,CUST01107,22.0,Female,West,Apparel,Wool Sweater,1,55.65,0,55.65,55.65,Credit Card,3.0
ORD102714,2024-01-30,CUST00514,26.0,Male,East,Home & Kitchen,Throw Pillow,1,110.38,0,110.38,110.38,Cash on Delivery,4.0
ORD102718,2024-01-31,CUST00169,51.0,Female,North,Home & Kitchen,Coffee Maker,1,83.89,15,83.89,71.31,Debit Card,4.0
ORD102719,2024-01-31,CUST00955,37.0,Female,South,Electronics,Webcam,1,232.15,0,232.15,232.15,Credit Card,3.0
ORD102720,2024-01-31,CUST00056,21.0,Female,North,Electronics,Smartwatch,2,231.91,0,463.82,463.82,Cash on Delivery,3.0
ORD102721,2024-02-01,CUST01178,26.0,Male,South,Apparel,Yoga Pants,3,22.34,0,67.02,67.02,UPI,5.0
ORD102722,2024-02-01,CUST00419,25.0,Female,East,Beauty,Face Moisturizer,1,15.18,0,15.18,15.18,UPI,4.0
ORD102723,2024-02-01,CUST00790,19.0,Male,,Apparel,Winter Jacket,1,24.27,15,24.27,20.63,Credit Card,4.0
ORD102724,2024-02-01,CUST00693,42.0,Female,East,Electronics,Webcam,3,176.42,5,529.26,502.8,Cash on Delivery,4.0
ORD102725,2024-02-02,CUST00219,24.0,Female,East,Electronics,Power Bank,1,187.71,0,187.71,187.71,Credit Card,3.0
ORD102726,2024-02-02,CUST00035,38.0,Male,East,Sports & Outdoors,Yoga Mat,1,61.53,0,61.53,61.53,UPI,5.0
ORD102727,2024-02-02,CUST00367,20.0,Female,North,Electronics,USB-C Cable,1,199.28,0,199.28,199.28,UPI,3.0
ORD102728,2024-02-02,CUST00604,39.0,Female,Central,Home & Kitchen,Air Fryer,3,98.3,25,294.9,221.18,UPI,3.0
ORD102732,2024-02-03,CUST01110,40.0,Male,West,Sports & Outdoors,Hiking Backpack,1,181.96,15,181.96,154.67,Credit Card,4.0
ORD102731,2024-02-03,CUST00947,45.0,Male,Central,Apparel,Men's T-Shirt,1,75.12,0,75.12,75.12,Debit Card,5.0
ORD102733,2024-02-03,CUST00891,50.0,Female,Central,Apparel,Women's Jeans,1,98.8,0,98.8,98.8,UPI,3.0
ORD102729,2024-02-03,CUST00406,20.0,Male,North,Home & Kitchen,Non-stick Pan,1,91.34,0,91.34,91.34,Net Banking,3.0
ORD102730,2024-02-03,CUST00938,50.0,Other,East,Sports & Outdoors,Resistance Bands,1,181.97,0,181.97,181.97,Credit Card,3.0
ORD102734,2024-02-03,CUST00294,19.0,Male,Central,Sports & Outdoors,Yoga Mat,1,197.32,15,197.32,167.72,UPI,5.0
ORD102742,2024-02-04,CUST00112,26.0,Male,North,Home & Kitchen,LED Desk Lamp,1,75.97,0,75.97,75.97,Cash on Delivery,5.0
ORD102740,2024-02-04,CUST00923,43.0,Female,South,Sports & Outdoors,Hiking Backpack,1,186.36,15,186.36,158.41,UPI,3.0
ORD102743,2024-02-04,CUST01059,23.0,Female,South,Home & Kitchen,Non-stick Pan,1,153.51,0,153.51,153.51,UPI,3.0
ORD102739,2024-02-04,CUST00275,44.0,Male,East,Beauty,Face Moisturizer,1,87.3,0,87.3,87.3,UPI,5.0
ORD102741,2024-02-04,CUST00234,38.0,Male,North,Electronics,Power Bank,2,105.61,0,211.22,211.22,UPI,3.0
ORD102737,2024-02-04,CUST00107,18.0,Female,North,Apparel,Men's T-Shirt,2,46.08,0,92.16,92.16,Credit Card,3.0
ORD102738,2024-02-04,CUST00217,,Male,South,Beauty,Hair Dryer,1,64.83,0,64.83,64.83,UPI,4.0
ORD102736,2024-02-04,CUST00379,29.0,Male,West,Home & Kitchen,Air Fryer,1,121.03,0,121.03,121.03,Debit Card,4.0
ORD102735,2024-02-04,CUST00397,21.0,Male,North,Home & Kitchen,Cutlery Set,2,100.31,0,200.62,200.62,Credit Card,4.0
ORD102744,2024-02-05,CUST00349,52.0,Female,West,Beauty,Facial Serum,3,38.41,0,115.23,115.23,Debit Card,2.0
ORD102745,2024-02-05,CUST01043,18.0,Male,West,Beauty,Lipstick Set,1,15.47,0,15.47,15.47,Debit Card,3.0
ORD102746,2024-02-05,CUST00824,46.0,Female,West,Home & Kitchen,Coffee Maker,1,134.85,0,134.85,134.85,Debit Card,5.0
ORD102747,2024-02-05,CUST00437,45.0,Female,North,Apparel,Women's Jeans,1,66.01,0,66.01,66.01,UPI,4.0
ORD102748,2024-02-05,CUST00704,18.0,Male,West,Books,Fiction Novel,1,33.12,0,33.12,33.12,UPI,5.0
ORD102753,2024-02-06,CUST00190,39.0,Male,South,Beauty,Lipstick Set,1,35.41,0,35.41,35.41,Cash on Delivery,2.0
ORD102752,2024-02-06,CUST00677,22.0,Female,West,Sports & Outdoors,Water Bottle,2,67.72,0,135.44,135.44,Cash on Delivery,3.0
ORD102750,2024-02-06,CUST00219,24.0,Female,West,Apparel,Winter Jacket,1,56.93,0,56.93,56.93,Credit Card,3.0
ORD102749,2024-02-06,CUST00196,21.0,Male,Central,Beauty,Face Moisturizer,3,55.61,10,166.83,150.15,UPI,2.0
ORD102751,2024-02-06,CUST01178,26.0,Male,South,Apparel,Wool Sweater,1,96.23,0,96.23,96.23,UPI,3.0
ORD102754,2024-02-07,CUST00578,18.0,Male,North,Electronics,Laptop Stand,1,157.64,0,157.64,157.64,Cash on Delivery,3.0
ORD102755,2024-02-07,CUST01197,42.0,Other,South,Home & Kitchen,Cutlery Set,4,175.52,0,702.08,702.08,UPI,3.0
ORD102756,2024-02-07,CUST00784,34.0,Female,Central,Apparel,Formal Shirt,1,68.23,0,68.23,68.23,Credit Card,4.0
ORD102757,2024-02-07,CUST01139,18.0,Male,South,Electronics,Bluetooth Speaker,1,152.08,0,152.08,152.08,Credit Card,4.0
ORD102758,2024-02-07,CUST01163,47.0,Female,West,Home & Kitchen,Air Fryer,1,13.66,10,13.66,12.29,Cash on Delivery,5.0
ORD102759,2024-02-07,CUST00652,32.0,Male,North,Electronics,Smartwatch,1,120.85,0,120.85,120.85,UPI,4.0
ORD102764,2024-02-08,CUST01047,39.0,Female,Central,Sports & Outdoors,Tennis Racket,1,178.53,20,178.53,142.82,Credit Card,3.0
ORD102763,2024-02-08,CUST00341,30.0,Female,West,Home & Kitchen,Storage Bins,2,34.61,0,69.22,69.22,Cash on Delivery,3.0
ORD102760,2024-02-08,CUST00163,28.0,Male,West,Electronics,Webcam,1,149.52,0,149.52,149.52,Credit Card,3.0
ORD102761,2024-02-08,CUST00237,44.0,Female,Central,Electronics,Webcam,2,114.56,25,229.12,171.84,Debit Card,2.0
ORD102762,2024-02-08,CUST01177,23.0,Female,South,Home & Kitchen,Blender,1,44.98,0,44.98,44.98,Credit Card,2.0
ORD102772,2024-02-09,CUST01076,28.0,Male,Central,Electronics,Bluetooth Speaker,1,21.61,0,21.61,21.61,Credit Card,5.0
ORD102770,2024-02-09,CUST00390,39.0,Female,North,Apparel,Running Shoes,5,40.79,0,203.95,203.95,Debit Card,4.0
ORD102769,2024-02-09,CUST00458,37.0,Male,East,Home & Kitchen,Coffee Maker,2,171.13,5,342.26,325.15,Cash on Delivery,3.0
ORD102771,2024-02-09,CUST00411,30.0,Other,East,Books,Mystery Thriller,1,10.31,0,10.31,10.31,Cash on Delivery,2.0
ORD102767,2024-02-09,CUST00556,60.0,Male,East,Apparel,Women's Jeans,2,52.93,0,105.86,105.86,UPI,4.0
ORD102766,2024-02-09,CUST00372,18.0,Female,East,Electronics,Wireless Earbuds,1,214.12,0,214.12,214.12,Cash on Delivery,4.0
ORD102765,2024-02-09,CUST00937,18.0,Female,South,Beauty,Nail Polish,2,34.87,0,69.74,69.74,Net Banking,4.0
ORD102768,2024-02-09,CUST00242,47.0,Male,South,Electronics,Laptop Stand,1,66.11,0,66.11,66.11,UPI,4.0
ORD102773,2024-02-10,CUST00684,47.0,Female,West,Beauty,Face Moisturizer,1,55.76,25,55.76,41.82,Credit Card,3.0
ORD102774,2024-02-10,CUST00767,51.0,Male,South,Electronics,Smartphone Case,1,39.41,0,39.41,39.41,UPI,2.0
ORD102775,2024-02-10,CUST00756,60.0,Male,West,Home & Kitchen,Air Fryer,2,28.66,0,57.32,57.32,Cash on Delivery,4.0
ORD102782,2024-02-11,CUST00561,34.0,Female,East,Apparel,Wool Sweater,1,75.39,0,75.39,75.39,UPI,4.0
ORD102784,2024-02-11,CUST01156,27.0,Female,East,Apparel,Baseball Cap,1,19.21,20,19.21,15.37,Credit Card,4.0
ORD102785,2024-02-11,CUST00216,31.0,Male,West,Beauty,Facial Serum,1,34.48,0,34.48,34.48,Debit Card,4.0
ORD102783,2024-02-11,CUST01083,35.0,Male,East,Apparel,Yoga Pants,4,90.37,15,361.48,307.26,Debit Card,3.0
ORD102781,2024-02-11,CUST00082,47.0,Male,East,Sports & Outdoors,Resistance Bands,1,120.97,20,120.97,96.78,UPI,3.0
ORD102777,2024-02-11,CUST00491,22.0,Female,East,Electronics,Smartphone Case,1,19.51,0,19.51,19.51,Credit Card,5.0
ORD102779,2024-02-11,CUST01002,34.0,Male,South,Home & Kitchen,Storage Bins,2,25.04,10,50.08,45.07,Debit Card,3.0
ORD102776,2024-02-11,CUST00832,18.0,Male,East,Books,Comic Book,1,27.48,0,27.48,27.48,UPI,2.0
ORD102780,2024-02-11,CUST00580,18.0,Female,North,Home & Kitchen,Throw Pillow,1,72.91,10,72.91,65.62,Cash on Delivery,4.0
ORD102778,2024-02-11,CUST00152,25.0,Male,South,Electronics,Webcam,1,130.6,0,130.6,130.6,Cash on Delivery,4.0
ORD102786,2024-02-12,CUST00471,21.0,Male,South,Electronics,Smartwatch,1,120.04,10,120.04,108.04,Credit Card,2.0
ORD102787,2024-02-12,CUST00399,33.0,Male,West,Beauty,Lipstick Set,1,45.77,0,45.77,45.77,Debit Card,
ORD102788,2024-02-12,CUST00913,,Female,East,Electronics,Bluetooth Speaker,1,208.32,0,208.32,208.32,UPI,3.0
ORD102789,2024-02-13,CUST00253,44.0,Other,North,Electronics,Laptop Stand,1,56.43,0,56.43,56.43,Credit Card,3.0
ORD102791,2024-02-13,CUST00563,51.0,Female,West,Electronics,Wireless Earbuds,4,168.79,0,675.16,675.16,Credit Card,3.0
ORD102792,2024-02-13,CUST01072,37.0,Female,West,Beauty,Shampoo,3,13.17,0,39.51,39.51,Cash on Delivery,2.0
ORD102793,2024-02-13,CUST00855,18.0,Female,Central,Beauty,Face Moisturizer,1,34.35,0,34.35,34.35,Cash on Delivery,4.0
ORD102794,2024-02-13,CUST00563,51.0,Female,East,Books,Cookbook,4,10.04,0,40.16,40.16,UPI,4.0
ORD102790,2024-02-13,CUST00296,38.0,Male,West,Home & Kitchen,Non-stick Pan,1,59.65,0,59.65,59.65,UPI,3.0
ORD102797,2024-02-14,CUST00080,22.0,Male,West,Sports & Outdoors,Yoga Mat,2,12.92,0,25.84,25.84,Debit Card,3.0
ORD102795,2024-02-14,CUST01071,19.0,Male,Central,Books,Comic Book,1,25.87,0,25.87,25.87,Credit Card,3.0
ORD102796,2024-02-14,CUST00254,35.0,Female,South,Apparel,Wool Sweater,2,50.62,5,101.24,96.18,Credit Card,4.0
ORD102799,2024-02-15,CUST00775,34.0,Female,South,Books,Children's Storybook,2,16.87,0,33.74,33.74,Debit Card,4.0
ORD102798,2024-02-15,CUST00644,46.0,Male,South,Electronics,Wireless Earbuds,1,216.59,0,216.59,216.59,Cash on Delivery,5.0
ORD102800,2024-02-16,CUST00800,29.0,Female,West,Beauty,Facial Serum,1,45.45,0,45.45,45.45,Credit Card,5.0
ORD102801,2024-02-16,CUST01010,40.0,Male,North,Electronics,Power Bank,5,160.74,0,803.7,803.7,Cash on Delivery,4.0
ORD102802,2024-02-16,CUST00842,26.0,Female,East,Home & Kitchen,Throw Pillow,1,63.48,15,63.48,53.96,Credit Card,4.0
ORD102803,2024-02-16,CUST00546,18.0,Female,Central,Sports & Outdoors,Resistance Bands,1,140.84,0,140.84,140.84,Credit Card,5.0
ORD102804,2024-02-16,CUST00409,25.0,Female,Central,Apparel,Women's Jeans,2,10.69,0,21.38,21.38,UPI,4.0
ORD102805,2024-02-16,CUST00546,18.0,Female,South,Books,Biography,1,22.66,0,22.66,22.66,Credit Card,3.0
ORD102806,2024-02-17,CUST00723,52.0,Female,North,Books,Biography,1,39.66,0,39.66,39.66,Credit Card,4.0
ORD102807,2024-02-17,CUST01069,48.0,Male,South,Sports & Outdoors,Dumbbell Set,1,134.53,20,134.53,107.62,Cash on Delivery,3.0
ORD102808,2024-02-17,CUST00126,27.0,Female,North,Sports & Outdoors,Tennis Racket,1,199.26,0,199.26,199.26,Debit Card,4.0
ORD102809,2024-02-17,CUST01122,18.0,Female,South,Books,Children's Storybook,1,24.39,0,24.39,24.39,Debit Card,3.0
ORD102810,2024-02-18,CUST01037,48.0,Other,West,Books,Children's Storybook,2,15.63,10,31.26,28.13,Debit Card,2.0
ORD102811,2024-02-18,CUST00811,57.0,Male,South,Sports & Outdoors,Cycling Helmet,2,194.66,0,389.32,389.32,Credit Card,3.0
ORD102812,2024-02-18,CUST00193,25.0,Male,South,Electronics,Smartwatch,3,246.36,10,739.08,665.17,Credit Card,3.0
ORD102813,2024-02-18,CUST00190,39.0,Male,West,Sports & Outdoors,Tennis Racket,1,184.84,15,184.84,157.11,Debit Card,5.0
ORD102814,2024-02-18,CUST00340,37.0,Female,East,Home & Kitchen,Storage Bins,2,70.61,0,141.22,141.22,UPI,3.0
ORD102820,2024-02-19,CUST00803,20.0,Female,North,Electronics,Webcam,1,171.48,5,171.48,162.91,UPI,3.0
ORD102819,2024-02-19,CUST00144,53.0,Male,South,Electronics,USB-C Cable,1,35.32,0,35.32,35.32,Debit Card,5.0
ORD102821,2024-02-19,CUST01145,48.0,Female,West,Electronics,Smartwatch,1,175.9,10,175.9,158.31,UPI,3.0
ORD102818,2024-02-19,CUST00528,32.0,Male,East,Home & Kitchen,Cutlery Set,1,19.45,0,19.45,19.45,Debit Card,3.0
ORD102816,2024-02-19,CUST00366,20.0,Female,North,Home & Kitchen,Air Fryer,1,23.77,0,23.77,23.77,UPI,4.0
ORD102817,2024-02-19,CUST00234,38.0,Male,,Home & Kitchen,LED Desk Lamp,2,84.71,15,169.42,144.01,Debit Card,4.0
ORD102815,2024-02-19,CUST00020,55.0,Female,South,Books,Fiction Novel,1,7.86,15,7.86,6.68,Credit Card,
ORD102822,2024-02-20,CUST00868,18.0,Male,South,Beauty,Sunscreen SPF50,1,81.32,5,81.32,77.25,Credit Card,3.0
ORD102823,2024-02-20,CUST00799,31.0,Male,West,Sports & Outdoors,Resistance Bands,1,60.4,15,60.4,51.34,UPI,5.0
ORD102824,2024-02-20,CUST00148,40.0,Female,East,Beauty,Sunscreen SPF50,1,23.65,15,23.65,20.1,Credit Card,3.0
ORD102825,2024-02-21,CUST00390,39.0,Female,South,Apparel,Wool Sweater,1,111.68,0,111.68,111.68,UPI,5.0
ORD102826,2024-02-21,CUST00974,44.0,Female,North,Home & Kitchen,Throw Pillow,1,63.3,10,63.3,56.97,Credit Card,2.0
ORD102827,2024-02-22,CUST00763,48.0,Female,South,Electronics,Laptop Stand,1,222.07,0,222.07,222.07,UPI,3.0
ORD102834,2024-02-23,CUST00581,18.0,Female,West,Apparel,Formal Shirt,2,103.28,20,206.56,165.25,Credit Card,3.0
ORD102833,2024-02-23,CUST00818,18.0,Male,East,Apparel,Wool Sweater,1,74.64,10,74.64,67.18,UPI,4.0
ORD102832,2024-02-23,CUST00797,18.0,Female,East,Apparel,Baseball Cap,1,83.71,10,83.71,75.34,Credit Card,3.0
ORD102828,2024-02-23,CUST00319,29.0,Female,Central,Home & Kitchen,Blender,1,35.27,0,35.27,35.27,Debit Card,4.0
ORD102830,2024-02-23,CUST00052,32.0,Male,North,Electronics,Webcam,2,172.47,0,344.94,344.94,UPI,2.0
ORD102829,2024-02-23,CUST00245,38.0,Female,North,Sports & Outdoors,Camping Tent,2,58.09,0,116.18,116.18,Debit Card,4.0
ORD102831,2024-02-23,CUST01005,52.0,Male,North,Electronics,Smartphone Case,1,15.53,0,15.53,15.53,Cash on Delivery,4.0
ORD102839,2024-02-24,CUST00473,59.0,Male,West,Beauty,Facial Serum,1,42.94,10,42.94,38.65,UPI,4.0
ORD102838,2024-02-24,CUST00428,28.0,Male,West,Home & Kitchen,LED Desk Lamp,2,154.33,0,308.66,308.66,Credit Card,4.0
ORD102837,2024-02-24,CUST01083,35.0,Male,East,Beauty,Shampoo,1,19.39,0,19.39,19.39,UPI,4.0
ORD102836,2024-02-24,CUST01110,40.0,Male,Central,Books,Children's Storybook,1,19.73,10,19.73,17.76,UPI,4.0
ORD102835,2024-02-24,CUST00166,34.0,Other,,Books,Mystery Thriller,2,11.86,0,23.72,23.72,UPI,2.0
ORD102840,2024-02-25,CUST00076,49.0,Female,North,Apparel,Baseball Cap,4,98.64,0,394.56,394.56,Credit Card,4.0
ORD102841,2024-02-25,CUST00687,,Male,South,Home & Kitchen,Throw Pillow,1,170.86,10,170.86,153.77,Cash on Delivery,3.0
ORD102842,2024-02-25,CUST00122,60.0,Female,Central,Electronics,USB-C Cable,1,40.25,0,40.25,40.25,UPI,5.0
ORD102847,2024-02-26,CUST00596,18.0,Other,North,Home & Kitchen,Blender,1,179.29,0,179.29,179.29,Debit Card,4.0
ORD102845,2024-02-26,CUST00813,34.0,Male,West,Beauty,Face Moisturizer,1,76.98,20,76.98,61.58,Credit Card,3.0
ORD102846,2024-02-26,CUST01077,44.0,Male,Central,Books,Biography,2,29.15,10,58.3,52.47,Credit Card,3.0
ORD102843,2024-02-26,CUST00561,34.0,Female,South,Home & Kitchen,Coffee Maker,1,179.98,15,179.98,152.98,Credit Card,
ORD102844,2024-02-26,CUST00434,46.0,Male,North,Home & Kitchen,Storage Bins,2,112.4,0,224.8,224.8,Debit Card,3.0
ORD102848,2024-02-27,CUST00263,40.0,Male,South,Apparel,Formal Shirt,1,42.37,0,42.37,42.37,Credit Card,4.0
ORD102849,2024-02-27,CUST00880,30.0,Other,West,Apparel,Men's T-Shirt,1,95.62,0,95.62,95.62,Cash on Delivery,4.0
ORD102850,2024-02-27,CUST00862,29.0,Male,South,Apparel,Formal Shirt,1,118.84,0,118.84,118.84,Debit Card,4.0
ORD102851,2024-02-27,CUST00978,42.0,Male,North,Beauty,Shampoo,1,70.39,0,70.39,70.39,Debit Card,2.0
ORD102852,2024-02-27,CUST00958,19.0,Female,South,Beauty,Face Moisturizer,2,51.0,0,102.0,102.0,UPI,3.0
ORD102853,2024-02-27,CUST00487,48.0,Other,North,Electronics,Bluetooth Speaker,5,181.53,0,907.65,907.65,Net Banking,3.0
ORD102854,2024-02-28,CUST00175,39.0,Male,East,Home & Kitchen,Coffee Maker,2,41.45,10,82.9,74.61,Debit Card,3.0
ORD102855,2024-02-28,CUST00257,36.0,Male,North,Home & Kitchen,Air Fryer,1,111.8,0,111.8,111.8,UPI,3.0
ORD102857,2024-02-29,CUST00211,36.0,Male,Central,Electronics,Power Bank,2,130.57,15,261.14,221.97,Net Banking,2.0
ORD102856,2024-02-29,CUST00837,23.0,Female,East,Sports & Outdoors,Hiking Backpack,1,145.99,10,145.99,131.39,Net Banking,3.0
ORD102858,2024-03-01,CUST00777,34.0,Male,West,Electronics,Smartwatch,1,211.44,0,211.44,211.44,Cash on Delivery,3.0
ORD102859,2024-03-01,CUST00981,32.0,Male,West,Books,Biography,2,34.99,5,69.98,66.48,UPI,3.0
ORD102860,2024-03-01,CUST00546,18.0,Female,West,Apparel,Running Shoes,2,38.46,5,76.92,73.07,Credit Card,4.0
ORD102861,2024-03-02,CUST00271,58.0,Male,North,Home & Kitchen,Non-stick Pan,2,64.27,0,128.54,128.54,Debit Card,4.0
ORD102862,2024-03-02,CUST00937,18.0,Female,South,Apparel,Baseball Cap,4,11.36,0,45.44,45.44,Debit Card,4.0
ORD102863,2024-03-02,CUST00507,35.0,Female,South,Apparel,Baseball Cap,1,67.85,5,67.85,64.46,UPI,3.0
ORD102864,2024-03-02,CUST00979,37.0,Male,East,Home & Kitchen,Throw Pillow,1,36.51,0,36.51,36.51,Debit Card,5.0
ORD102872,2024-03-03,CUST01047,39.0,Female,Central,Home & Kitchen,Storage Bins,1,127.17,15,127.17,108.09,UPI,5.0
ORD102871,2024-03-03,CUST01156,,Female,Central,Home & Kitchen,Storage Bins,1,81.38,10,81.38,73.24,Debit Card,3.0
ORD102870,2024-03-03,CUST00595,18.0,Other,West,Electronics,Wireless Earbuds,1,224.35,0,224.35,224.35,Debit Card,4.0
ORD102869,2024-03-03,CUST00265,41.0,Female,Central,Books,Biography,2,33.1,0,66.2,66.2,Credit Card,2.0
ORD102865,2024-03-03,CUST00570,20.0,Female,West,Electronics,Power Bank,1,38.92,5,38.92,36.97,Cash on Delivery,4.0
ORD102867,2024-03-03,CUST00758,19.0,Female,Central,Home & Kitchen,Non-stick Pan,1,154.14,0,154.14,154.14,UPI,4.0
ORD102866,2024-03-03,CUST00024,38.0,Other,Central,Books,Mystery Thriller,1,23.75,0,23.75,23.75,Debit Card,
ORD102868,2024-03-03,CUST00566,42.0,Other,Central,Electronics,Webcam,1,80.55,0,80.55,80.55,Cash on Delivery,3.0
ORD102877,2024-03-04,CUST01029,45.0,Male,,Beauty,Shampoo,1,27.66,0,27.66,27.66,UPI,4.0
ORD102876,2024-03-04,CUST01034,24.0,Female,,Apparel,Baseball Cap,1,100.83,0,100.83,100.83,Debit Card,5.0
ORD102874,2024-03-04,CUST00530,18.0,Female,South,Apparel,Running Shoes,2,85.66,0,171.32,171.32,Credit Card,5.0
ORD102873,2024-03-04,CUST00777,34.0,Male,North,Electronics,USB-C Cable,1,193.09,0,193.09,193.09,Credit Card,5.0
ORD102875,2024-03-04,CUST01135,31.0,Female,West,Apparel,Women's Jeans,1,95.5,0,95.5,95.5,Cash on Delivery,5.0
ORD102878,2024-03-05,CUST00513,31.0,Female,South,Electronics,Smartwatch,5,62.67,20,313.35,250.68,Net Banking,3.0
ORD102879,2024-03-05,CUST01104,18.0,Female,Central,Electronics,Smartwatch,1,101.12,0,101.12,101.12,Net Banking,2.0
ORD102884,2024-03-06,CUST01197,,Other,Central,Home & Kitchen,Coffee Maker,1,74.22,0,74.22,74.22,Credit Card,4.0
ORD102880,2024-03-06,CUST01130,35.0,Female,Central,Apparel,Winter Jacket,1,61.94,0,61.94,61.94,Net Banking,3.0
ORD102881,2024-03-06,CUST00877,39.0,Female,West,Electronics,USB-C Cable,1,145.63,0,145.63,145.63,Credit Card,5.0
ORD102882,2024-03-06,CUST00060,25.0,Female,West,Apparel,Wool Sweater,4,26.66,0,106.64,106.64,UPI,4.0
ORD102883,2024-03-06,CUST00279,50.0,Male,South,Apparel,Wool Sweater,1,97.09,0,97.09,97.09,Debit Card,4.0
ORD102890,2024-03-07,CUST00735,34.0,Female,South,Sports & Outdoors,Hiking Backpack,1,10.1,0,10.1,10.1,UPI,4.0
ORD102889,2024-03-07,CUST00378,28.0,Other,South,Electronics,USB-C Cable,1,30.55,0,30.55,30.55,Debit Card,2.0
ORD102888,2024-03-07,CUST00174,37.0,Male,East,Apparel,Women's Jeans,2,102.71,5,205.42,195.15,Cash on Delivery,4.0
ORD102891,2024-03-07,CUST01084,25.0,Female,Central,Electronics,Wireless Earbuds,3,155.62,0,466.86,466.86,UPI,2.0
ORD102886,2024-03-07,CUST00408,30.0,Other,North,Electronics,Bluetooth Speaker,1,17.35,15,17.35,14.75,UPI,4.0
ORD102885,2024-03-07,CUST01045,22.0,Female,Central,Sports & Outdoors,Water Bottle,1,178.13,0,178.13,178.13,Credit Card,4.0
ORD102887,2024-03-07,CUST01142,33.0,Female,,Apparel,Winter Jacket,1,52.0,10,52.0,46.8,Credit Card,4.0
ORD102893,2024-03-08,CUST00365,20.0,Female,West,Electronics,Smartwatch,1,96.53,15,96.53,82.05,Credit Card,3.0
ORD102894,2024-03-08,CUST00268,44.0,Male,South,Electronics,Webcam,3,136.04,0,408.12,408.12,Credit Card,2.0
ORD102892,2024-03-08,CUST00058,48.0,Female,North,Beauty,Face Moisturizer,1,53.76,0,53.76,53.76,Debit Card,2.0
ORD102897,2024-03-09,CUST00419,25.0,Female,Central,Electronics,Smartwatch,1,245.43,15,245.43,208.62,UPI,4.0
ORD102895,2024-03-09,CUST00388,50.0,Female,North,Apparel,Baseball Cap,2,95.39,0,190.78,190.78,UPI,5.0
ORD102896,2024-03-09,CUST00077,26.0,Female,South,Electronics,Power Bank,3,49.31,0,147.93,147.93,Debit Card,4.0
ORD102898,2024-03-10,CUST00118,39.0,Female,West,Home & Kitchen,Throw Pillow,1,133.17,5,133.17,126.51,Net Banking,3.0
ORD102899,2024-03-10,CUST00972,39.0,Female,North,Home & Kitchen,Non-stick Pan,1,67.36,0,67.36,67.36,UPI,4.0
ORD102900,2024-03-10,CUST00218,31.0,Male,East,Sports & Outdoors,Tennis Racket,2,27.33,20,54.66,43.73,Credit Card,3.0
ORD102901,2024-03-10,CUST00121,27.0,Male,South,Home & Kitchen,LED Desk Lamp,2,161.47,10,322.94,290.65,Debit Card,4.0
ORD102902,2024-03-10,CUST00476,18.0,Female,Central,Beauty,Facial Serum,2,89.9,10,179.8,161.82,Debit Card,4.0
ORD102903,2024-03-10,CUST00053,52.0,Male,West,Sports & Outdoors,Camping Tent,1,23.4,0,23.4,23.4,UPI,3.0
ORD102904,2024-03-10,CUST00099,25.0,Male,West,Beauty,Hair Dryer,1,12.18,0,12.18,12.18,Net Banking,3.0
ORD102906,2024-03-11,CUST00238,35.0,Female,North,Electronics,Bluetooth Speaker,1,92.5,0,92.5,92.5,UPI,4.0
ORD102905,2024-03-11,CUST01110,40.0,Male,South,Beauty,Lipstick Set,1,66.18,0,66.18,66.18,UPI,2.0
ORD102907,2024-03-12,CUST00955,37.0,Female,Central,Electronics,Laptop Stand,1,80.41,0,80.41,80.41,UPI,2.0
ORD102908,2024-03-12,CUST00344,18.0,Male,South,Home & Kitchen,LED Desk Lamp,1,39.32,10,39.32,35.39,Cash on Delivery,3.0
ORD102909,2024-03-12,CUST00157,35.0,Male,Central,Apparel,Men's T-Shirt,1,63.05,0,63.05,63.05,Debit Card,4.0
ORD102910,2024-03-12,CUST00171,27.0,Other,West,Home & Kitchen,LED Desk Lamp,1,166.49,0,166.49,166.49,Debit Card,3.0
ORD102911,2024-03-12,CUST00593,55.0,Female,Central,Electronics,Wireless Earbuds,1,62.02,15,62.02,52.72,Credit Card,5.0
ORD102912,2024-03-12,CUST00802,22.0,Male,East,Electronics,Smartwatch,1,168.99,0,168.99,168.99,UPI,3.0
ORD102913,2024-03-12,CUST00285,21.0,Female,East,Beauty,Facial Serum,1,60.93,0,60.93,60.93,UPI,3.0
ORD102918,2024-03-13,CUST00854,52.0,Male,,Electronics,Smartwatch,1,111.85,10,111.85,100.67,Net Banking,5.0
ORD102919,2024-03-13,CUST00369,27.0,Female,East,Electronics,Smartwatch,2,66.46,0,132.92,132.92,Credit Card,5.0
ORD102917,2024-03-13,CUST00890,18.0,Male,East,Home & Kitchen,Blender,3,42.58,0,127.74,127.74,UPI,3.0
ORD102915,2024-03-13,CUST00736,18.0,Male,South,Apparel,Men's T-Shirt,2,105.55,5,211.1,200.54,Credit Card,4.0
ORD102914,2024-03-13,CUST00264,50.0,Female,North,Books,Self-Help Guide,1,21.41,0,21.41,21.41,UPI,4.0
ORD102916,2024-03-13,CUST00516,32.0,Female,South,Beauty,Facial Serum,5,83.29,0,416.45,416.45,Debit Card,4.0
ORD102920,2024-03-14,CUST00358,18.0,Female,East,Beauty,Nail Polish,2,79.79,0,159.58,159.58,Credit Card,2.0
ORD102921,2024-03-14,CUST00953,21.0,Female,West,Electronics,Smartwatch,1,239.07,0,239.07,239.07,Credit Card,5.0
ORD102922,2024-03-14,CUST00804,26.0,Female,North,Home & Kitchen,LED Desk Lamp,1,166.6,0,166.6,166.6,Credit Card,3.0
ORD102923,2024-03-14,CUST01107,22.0,Female,South,Home & Kitchen,Air Fryer,1,33.8,0,33.8,33.8,UPI,4.0
ORD102924,2024-03-14,CUST00284,21.0,Female,West,Home & Kitchen,Blender,4,130.47,0,521.88,521.88,UPI,3.0
ORD102925,2024-03-14,CUST00700,38.0,Male,Central,Beauty,Lipstick Set,1,19.14,15,19.14,16.27,Debit Card,3.0
ORD102926,2024-03-14,CUST00190,39.0,Male,Central,Electronics,Bluetooth Speaker,1,219.74,10,219.74,197.77,UPI,5.0
ORD102927,2024-03-14,CUST00605,28.0,Male,South,Home & Kitchen,LED Desk Lamp,4,96.1,0,384.4,384.4,Credit Card,2.0
ORD102928,2024-03-15,CUST01033,48.0,Male,South,Home & Kitchen,LED Desk Lamp,1,131.15,0,131.15,131.15,UPI,3.0
ORD102929,2024-03-15,CUST00064,31.0,Male,South,Electronics,Smartwatch,1,123.1,0,123.1,123.1,Cash on Delivery,4.0
ORD102935,2024-03-16,CUST00980,57.0,Male,South,Books,Self-Help Guide,1,16.21,5,16.21,15.4,Debit Card,5.0
ORD102937,2024-03-16,CUST00647,24.0,Other,North,Books,Comic Book,1,8.84,0,8.84,8.84,Cash on Delivery,3.0
ORD102936,2024-03-16,CUST00787,22.0,Female,Central,Home & Kitchen,Blender,5,87.2,0,436.0,436.0,Debit Card,3.0
ORD102934,2024-03-16,CUST00260,40.0,Female,East,Apparel,Winter Jacket,1,91.59,0,91.59,91.59,Debit Card,4.0
ORD102933,2024-03-16,CUST00313,31.0,Female,West,Beauty,Nail Polish,1,18.93,25,18.93,14.2,UPI,3.0
ORD102932,2024-03-16,CUST00358,18.0,Female,East,Sports & Outdoors,Cycling Helmet,1,113.51,0,113.51,113.51,Credit Card,3.0
ORD102931,2024-03-16,CUST00446,25.0,Female,South,Books,Business Book,2,12.08,20,24.16,19.33,Debit Card,4.0
ORD102930,2024-03-16,CUST00351,34.0,Male,South,Beauty,Nail Polish,1,68.38,0,68.38,68.38,Net Banking,4.0
ORD102938,2024-03-17,CUST00613,33.0,Male,East,Beauty,Shampoo,1,10.03,0,10.03,10.03,UPI,4.0
ORD102939,2024-03-17,CUST00334,35.0,Female,South,Apparel,Baseball Cap,1,118.01,15,118.01,100.31,Credit Card,4.0
ORD102940,2024-03-17,CUST01076,28.0,Male,,Electronics,USB-C Cable,3,244.0,10,732.0,658.8,Cash on Delivery,5.0
ORD102941,2024-03-17,CUST00906,29.0,Female,South,Electronics,USB-C Cable,1,217.08,0,217.08,217.08,UPI,3.0
ORD102942,2024-03-17,CUST01047,39.0,Female,South,Beauty,Nail Polish,2,57.89,0,115.78,115.78,Debit Card,5.0
ORD102945,2024-03-18,CUST00813,34.0,Male,South,Apparel,Yoga Pants,2,34.28,0,68.56,68.56,Debit Card,4.0
ORD102944,2024-03-18,CUST00585,35.0,Female,North,Home & Kitchen,Coffee Maker,1,167.52,0,167.52,167.52,UPI,3.0
ORD102943,2024-03-18,CUST00260,40.0,Female,North,Beauty,Shampoo,1,67.97,0,67.97,67.97,Credit Card,5.0
ORD102946,2024-03-19,CUST00952,45.0,Male,North,Books,Business Book,1,24.36,10,24.36,21.92,Debit Card,4.0
ORD102947,2024-03-19,CUST00976,34.0,Male,West,Home & Kitchen,Non-stick Pan,1,171.48,0,171.48,171.48,Credit Card,5.0
ORD102948,2024-03-19,CUST00113,44.0,Male,Central,Apparel,Yoga Pants,1,93.25,0,93.25,93.25,UPI,5.0
ORD102949,2024-03-19,CUST00044,28.0,Female,Central,Electronics,Smartphone Case,1,204.42,0,204.42,204.42,Net Banking,5.0
ORD102950,2024-03-19,CUST00912,26.0,Male,East,Apparel,Formal Shirt,1,116.07,0,116.07,116.07,UPI,4.0
ORD102959,2024-03-20,CUST00704,18.0,Male,East,Apparel,Wool Sweater,1,65.3,10,65.3,58.77,UPI,3.0
ORD102958,2024-03-20,CUST00171,27.0,Other,South,Home & Kitchen,LED Desk Lamp,2,149.75,0,299.5,299.5,Debit Card,3.0
ORD102957,2024-03-20,CUST00308,32.0,Male,South,Apparel,Women's Jeans,1,75.25,0,75.25,75.25,Debit Card,3.0
ORD102956,2024-03-20,CUST00891,50.0,Female,Central,Home & Kitchen,Cutlery Set,1,136.18,0,136.18,136.18,UPI,2.0
ORD102952,2024-03-20,CUST01044,21.0,Male,South,Electronics,Wireless Earbuds,2,201.64,0,403.28,403.28,Debit Card,5.0
ORD102954,2024-03-20,CUST00519,44.0,Male,Central,Home & Kitchen,LED Desk Lamp,1,29.64,0,29.64,29.64,UPI,4.0
ORD102953,2024-03-20,CUST00669,55.0,Female,North,Home & Kitchen,Blender,1,16.73,5,16.73,15.89,Debit Card,5.0
ORD102951,2024-03-20,CUST00868,18.0,Male,South,Apparel,Men's T-Shirt,3,61.74,5,185.22,175.96,Credit Card,3.0
ORD102955,2024-03-20,CUST00676,33.0,Male,East,Books,Fiction Novel,1,31.92,0,31.92,31.92,UPI,5.0
ORD102960,2024-03-21,CUST00391,20.0,Female,South,Apparel,Baseball Cap,1,19.74,15,19.74,16.78,Cash on Delivery,3.0
ORD102961,2024-03-21,CUST00625,36.0,Male,East,Apparel,Women's Jeans,1,46.63,0,46.63,46.63,Debit Card,3.0
ORD102962,2024-03-21,CUST00511,48.0,Male,East,Electronics,Smartwatch,3,208.48,0,625.44,625.44,UPI,4.0
ORD102963,2024-03-21,CUST00506,27.0,Female,North,Electronics,USB-C Cable,1,112.59,0,112.59,112.59,Net Banking,2.0
ORD102964,2024-03-21,CUST01174,29.0,Male,South,Electronics,Wireless Earbuds,1,126.89,0,126.89,126.89,Debit Card,5.0
ORD102968,2024-03-22,CUST00385,34.0,Female,South,Home & Kitchen,Coffee Maker,1,166.27,0,166.27,166.27,Cash on Delivery,3.0
ORD102965,2024-03-22,CUST00685,33.0,Female,East,Electronics,USB-C Cable,1,229.71,0,229.71,229.71,Cash on Delivery,4.0
ORD102966,2024-03-22,CUST00732,40.0,Male,North,Beauty,Hair Dryer,1,78.13,0,78.13,78.13,Net Banking,5.0
ORD102967,2024-03-22,CUST00324,43.0,Female,Central,Beauty,Facial Serum,1,89.75,0,89.75,89.75,Credit Card,4.0
ORD102969,2024-03-22,CUST00757,52.0,Male,Central,Apparel,Winter Jacket,2,44.72,10,89.44,80.5,Cash on Delivery,4.0
ORD102973,2024-03-23,CUST00739,26.0,Male,South,Beauty,Perfume,1,85.43,0,85.43,85.43,UPI,4.0
ORD102971,2024-03-23,CUST00313,31.0,Female,East,Apparel,Formal Shirt,1,101.02,10,101.02,90.92,Credit Card,3.0
ORD102970,2024-03-23,CUST00556,60.0,Male,South,Electronics,Smartwatch,1,244.66,20,244.66,195.73,Credit Card,4.0
ORD102972,2024-03-23,CUST00204,35.0,Female,East,Sports & Outdoors,Camping Tent,1,126.75,0,126.75,126.75,UPI,4.0
ORD102974,2024-03-24,CUST00117,38.0,Male,North,Apparel,Women's Jeans,2,86.18,0,172.36,172.36,UPI,4.0
ORD102975,2024-03-24,CUST01161,24.0,Female,North,Apparel,Baseball Cap,1,14.38,0,14.38,14.38,Debit Card,
ORD102976,2024-03-24,CUST01088,35.0,Female,North,Electronics,Laptop Stand,2,121.5,15,243.0,206.55,UPI,3.0
ORD102977,2024-03-24,CUST00081,32.0,Female,West,Books,Self-Help Guide,1,28.95,0,28.95,28.95,Net Banking,3.0
ORD102978,2024-03-24,CUST00006,49.0,Female,Central,Beauty,Shampoo,1,50.34,0,50.34,50.34,Credit Card,2.0
ORD102979,2024-03-24,CUST00854,52.0,Male,South,Home & Kitchen,Blender,1,116.94,0,116.94,116.94,UPI,5.0
ORD102989,2024-03-25,CUST00009,35.0,Female,Central,Home & Kitchen,Blender,2,120.81,0,241.62,241.62,Debit Card,5.0
ORD102988,2024-03-25,CUST00203,37.0,Male,South,Sports & Outdoors,Camping Tent,1,143.33,25,143.33,107.5,Cash on Delivery,4.0
ORD102987,2024-03-25,CUST00074,18.0,Male,West,Electronics,USB-C Cable,3,182.41,20,547.23,437.78,Credit Card,4.0
ORD102986,2024-03-25,CUST00619,29.0,Female,East,Sports & Outdoors,Resistance Bands,2,124.68,0,249.36,249.36,Net Banking,4.0
ORD102985,2024-03-25,CUST00161,21.0,Male,Central,Books,Biography,1,10.15,0,10.15,10.15,Credit Card,3.0
ORD102982,2024-03-25,CUST00791,27.0,Female,South,Books,Fiction Novel,2,29.56,0,59.12,59.12,Credit Card,3.0
ORD102983,2024-03-25,CUST01139,,Male,South,Sports & Outdoors,Dumbbell Set,2,142.85,10,285.7,257.13,Debit Card,2.0
ORD102981,2024-03-25,CUST00730,28.0,Female,West,Home & Kitchen,Air Fryer,1,161.33,0,161.33,161.33,UPI,5.0
ORD102980,2024-03-25,CUST00316,33.0,Male,North,Sports & Outdoors,Tennis Racket,1,197.28,5,197.28,187.42,Debit Card,4.0
ORD102984,2024-03-25,CUST00433,33.0,Female,South,Sports & Outdoors,Water Bottle,3,65.66,15,196.98,167.43,Credit Card,3.0
ORD102993,2024-03-26,CUST01119,31.0,Male,Central,Home & Kitchen,Cutlery Set,1,176.17,0,176.17,176.17,UPI,3.0
ORD102992,2024-03-26,CUST00574,46.0,Male,South,Home & Kitchen,Blender,2,164.02,0,328.04,328.04,Credit Card,2.0
ORD102990,2024-03-26,CUST00760,43.0,Male,West,Books,Mystery Thriller,2,20.31,0,40.62,40.62,Debit Card,5.0
ORD102991,2024-03-26,CUST00474,,Male,West,Sports & Outdoors,Yoga Mat,1,100.88,0,100.88,100.88,Debit Card,2.0
ORD102994,2024-03-27,CUST00799,31.0,Male,South,Electronics,Laptop Stand,2,158.4,0,316.8,316.8,Credit Card,3.0
ORD102995,2024-03-27,CUST00245,38.0,Female,East,Apparel,Women's Jeans,1,76.22,0,76.22,76.22,Credit Card,3.0
ORD102996,2024-03-27,CUST00203,37.0,Male,South,Apparel,Women's Jeans,1,80.48,0,80.48,80.48,UPI,4.0
ORD102997,2024-03-28,CUST01137,40.0,Female,South,Home & Kitchen,Cutlery Set,2,60.6,0,121.2,121.2,UPI,4.0
ORD102998,2024-03-29,CUST00603,51.0,Male,East,Apparel,Men's T-Shirt,1,35.06,0,35.06,35.06,Credit Card,4.0
ORD102999,2024-03-29,CUST00653,42.0,Female,West,Apparel,Running Shoes,1,64.79,20,64.79,51.83,Credit Card,1.0
ORD103000,2024-03-29,CUST00045,20.0,Male,North,Electronics,Wireless Earbuds,4,52.57,25,210.28,157.71,Credit Card,3.0
ORD103001,2024-03-29,CUST01101,37.0,Female,East,Electronics,Wireless Earbuds,1,105.74,0,105.74,105.74,Cash on Delivery,3.0
ORD103004,2024-03-30,CUST00453,44.0,Male,West,Sports & Outdoors,Hiking Backpack,2,172.63,0,345.26,345.26,Credit Card,3.0
ORD103002,2024-03-30,CUST00528,32.0,Male,Central,Electronics,Power Bank,1,64.63,0,64.63,64.63,Credit Card,5.0
ORD103003,2024-03-30,CUST00851,26.0,Female,West,Books,Children's Storybook,1,10.63,10,10.63,9.57,Credit Card,3.0
ORD103005,2024-03-30,CUST00507,35.0,Female,East,Electronics,Bluetooth Speaker,2,206.86,0,413.72,413.72,UPI,4.0
ORD103010,2024-03-31,CUST00183,25.0,Male,South,Home & Kitchen,Air Fryer,1,119.73,15,119.73,101.77,UPI,2.0
ORD103011,2024-03-31,CUST00409,25.0,Female,West,Sports & Outdoors,Tennis Racket,1,29.4,0,29.4,29.4,UPI,4.0
ORD103009,2024-03-31,CUST00432,18.0,Male,East,Beauty,Facial Serum,2,22.96,5,45.92,43.62,Cash on Delivery,4.0
ORD103007,2024-03-31,CUST00645,37.0,Male,South,Beauty,Lipstick Set,1,52.06,25,52.06,39.04,Credit Card,4.0
ORD103006,2024-03-31,CUST00716,61.0,Female,West,Home & Kitchen,Coffee Maker,1,32.49,0,32.49,32.49,UPI,3.0
ORD103008,2024-03-31,CUST00714,34.0,Female,North,Electronics,Smartwatch,2,244.04,0,488.08,488.08,Net Banking,4.0
ORD103012,2024-04-01,CUST00405,39.0,Other,West,Beauty,Lipstick Set,2,35.31,0,70.62,70.62,Cash on Delivery,3.0
ORD103013,2024-04-01,CUST00435,18.0,Female,East,Electronics,Power Bank,1,128.78,0,128.78,128.78,Debit Card,4.0
ORD103014,2024-04-01,CUST00054,19.0,Female,North,Electronics,Smartwatch,1,171.46,15,171.46,145.74,Credit Card,4.0
ORD103015,2024-04-01,CUST00711,23.0,Female,North,Electronics,Smartwatch,3,111.78,0,335.34,335.34,Net Banking,5.0
ORD103016,2024-04-01,CUST00286,32.0,Male,North,Home & Kitchen,Throw Pillow,2,160.72,0,321.44,321.44,Credit Card,3.0
ORD103017,2024-04-01,CUST00202,32.0,Male,North,Apparel,Yoga Pants,1,55.7,0,55.7,55.7,Credit Card,4.0
ORD103018,2024-04-01,CUST00291,72.0,Male,East,Sports & Outdoors,Cycling Helmet,1,161.54,0,161.54,161.54,Cash on Delivery,3.0
ORD103019,2024-04-01,CUST00164,28.0,Male,North,Home & Kitchen,Blender,1,101.88,0,101.88,101.88,UPI,2.0
ORD103026,2024-04-02,CUST00887,18.0,Male,South,Apparel,Women's Jeans,1,32.79,25,32.79,24.59,Credit Card,3.0
ORD103024,2024-04-02,CUST00378,28.0,Other,West,Beauty,Lipstick Set,2,10.54,5,21.08,20.03,UPI,5.0
ORD103023,2024-04-02,CUST01163,47.0,Female,North,Beauty,Sunscreen SPF50,1,80.97,0,80.97,80.97,Cash on Delivery,4.0
ORD103025,2024-04-02,CUST01034,24.0,Female,East,Electronics,Bluetooth Speaker,1,17.6,0,17.6,17.6,Debit Card,4.0
ORD103021,2024-04-02,CUST01045,22.0,Female,,Beauty,Sunscreen SPF50,2,59.33,5,118.66,112.73,Credit Card,
ORD103020,2024-04-02,CUST00532,36.0,Male,South,Electronics,Laptop Stand,2,47.91,0,95.82,95.82,Debit Card,4.0
ORD103022,2024-04-02,CUST00752,37.0,Male,East,Sports & Outdoors,Hiking Backpack,1,138.77,25,138.77,104.08,Debit Card,4.0
ORD103027,2024-04-03,CUST00547,34.0,Male,South,Apparel,Women's Jeans,1,68.65,0,68.65,68.65,Credit Card,5.0
ORD103028,2024-04-03,CUST00017,28.0,Male,West,Apparel,Formal Shirt,1,44.81,0,44.81,44.81,Cash on Delivery,5.0
ORD103029,2024-04-03,CUST00701,39.0,Male,West,Sports & Outdoors,Tennis Racket,1,101.2,0,101.2,101.2,UPI,4.0
ORD103035,2024-04-04,CUST00288,47.0,Female,South,Electronics,Power Bank,2,167.94,0,335.88,335.88,Debit Card,5.0
ORD103034,2024-04-04,CUST00255,26.0,Male,South,Electronics,Webcam,2,212.61,0,425.22,425.22,UPI,5.0
ORD103033,2024-04-04,CUST00225,38.0,Male,North,Apparel,Winter Jacket,1,72.42,15,72.42,61.56,Credit Card,3.0
ORD103032,2024-04-04,CUST00905,47.0,Female,West,Apparel,Yoga Pants,1,59.77,15,59.77,50.8,Cash on Delivery,3.0
ORD103030,2024-04-04,CUST00798,27.0,Male,West,Beauty,Hair Dryer,1,57.79,5,57.79,54.9,Net Banking,4.0
ORD103031,2024-04-04,CUST00579,18.0,Female,West,Apparel,Yoga Pants,3,78.18,0,234.54,234.54,UPI,3.0
ORD103036,2024-04-05,CUST00469,21.0,Male,South,Electronics,Webcam,2,49.39,0,98.78,98.78,Debit Card,4.0
ORD103037,2024-04-05,CUST00192,28.0,Female,Central,Electronics,Power Bank,1,224.26,20,224.26,179.41,Credit Card,3.0
ORD103038,2024-04-05,CUST00112,26.0,Male,Central,Sports & Outdoors,Dumbbell Set,1,110.3,0,110.3,110.3,Cash on Delivery,4.0
ORD103039,2024-04-06,CUST00727,18.0,Other,West,Electronics,USB-C Cable,1,17.6,0,17.6,17.6,Debit Card,1.0
ORD103040,2024-04-06,CUST00438,19.0,Female,Central,Electronics,Smartphone Case,1,135.78,10,135.78,122.2,UPI,4.0
ORD103050,2024-04-07,CUST00566,42.0,Other,North,Home & Kitchen,Blender,2,168.38,0,336.76,336.76,Debit Card,4.0
ORD103051,2024-04-07,CUST01117,38.0,Female,West,Apparel,Winter Jacket,1,58.32,0,58.32,58.32,UPI,4.0
ORD103046,2024-04-07,CUST01106,50.0,Female,North,Sports & Outdoors,Dumbbell Set,3,129.57,20,388.71,310.97,Cash on Delivery,3.0
ORD103053,2024-04-07,CUST00394,43.0,Female,South,Apparel,Men's T-Shirt,1,46.47,0,46.47,46.47,Debit Card,5.0
ORD103054,2024-04-07,CUST00247,39.0,Male,North,Electronics,Wireless Earbuds,1,62.04,0,62.04,62.04,Cash on Delivery,4.0
ORD103052,2024-04-07,CUST00867,37.0,Male,Central,Books,Children's Storybook,2,8.51,0,17.02,17.02,Credit Card,3.0
ORD103049,2024-04-07,CUST00401,34.0,Male,Central,Beauty,Perfume,2,31.39,0,62.78,62.78,UPI,4.0
ORD103045,2024-04-07,CUST00208,24.0,Female,South,Apparel,Yoga Pants,1,65.38,10,65.38,58.84,UPI,3.0
ORD103047,2024-04-07,CUST00021,30.0,Male,Central,Electronics,Laptop Stand,1,207.83,10,207.83,187.05,Credit Card,5.0
ORD103044,2024-04-07,CUST00214,29.0,Female,South,Apparel,Winter Jacket,1,40.41,5,40.41,38.39,Cash on Delivery,2.0
ORD103043,2024-04-07,CUST00225,38.0,Male,North,Apparel,Yoga Pants,1,72.16,0,72.16,72.16,Debit Card,2.0
ORD103042,2024-04-07,CUST00470,36.0,Female,Central,Electronics,Smartphone Case,1,40.34,15,40.34,34.29,Cash on Delivery,4.0
ORD103041,2024-04-07,CUST00079,39.0,Male,East,Apparel,Baseball Cap,1,46.25,0,46.25,46.25,Credit Card,3.0
ORD103048,2024-04-07,CUST00489,41.0,Male,North,Electronics,Power Bank,2,226.83,0,453.66,453.66,Debit Card,4.0
ORD103055,2024-04-08,CUST00250,51.0,Male,West,Books,Cookbook,2,12.71,0,25.42,25.42,Debit Card,4.0
ORD103056,2024-04-08,CUST00256,33.0,Female,South,Electronics,USB-C Cable,1,230.81,0,230.81,230.81,Cash on Delivery,4.0
ORD103057,2024-04-08,CUST00589,32.0,Male,East,Books,Mystery Thriller,1,19.31,0,19.31,19.31,UPI,4.0
ORD103058,2024-04-08,CUST01185,25.0,Female,North,Electronics,Smartphone Case,1,220.05,0,220.05,220.05,UPI,3.0
ORD103059,2024-04-08,CUST01157,26.0,Male,South,Electronics,Webcam,1,131.12,0,131.12,131.12,Net Banking,4.0
ORD103060,2024-04-08,CUST00249,19.0,Male,North,Sports & Outdoors,Resistance Bands,1,193.71,10,193.71,174.34,Debit Card,4.0
ORD103061,2024-04-08,CUST00359,53.0,Female,West,Apparel,Wool Sweater,3,29.55,0,88.65,88.65,Debit Card,2.0
ORD103069,2024-04-09,CUST00703,35.0,Female,Central,Home & Kitchen,Coffee Maker,1,107.6,25,107.6,80.7,Cash on Delivery,4.0
ORD103068,2024-04-09,CUST00489,41.0,Male,East,Home & Kitchen,Blender,2,67.36,0,134.72,134.72,UPI,4.0
ORD103067,2024-04-09,CUST00946,18.0,Female,North,Apparel,Running Shoes,1,27.92,0,27.92,27.92,Cash on Delivery,3.0
ORD103066,2024-04-09,CUST00121,27.0,Male,South,Apparel,Women's Jeans,1,94.41,0,94.41,94.41,Cash on Delivery,4.0
ORD103064,2024-04-09,CUST00611,45.0,Female,South,Sports & Outdoors,Hiking Backpack,1,191.25,0,191.25,191.25,Credit Card,4.0
ORD103063,2024-04-09,CUST01064,18.0,Other,West,Sports & Outdoors,Yoga Mat,1,189.09,0,189.09,189.09,Credit Card,3.0
ORD103062,2024-04-09,CUST00270,36.0,Male,South,Books,Comic Book,1,27.36,0,27.36,27.36,Credit Card,3.0
ORD103065,2024-04-09,CUST00141,53.0,Male,South,Sports & Outdoors,Yoga Mat,2,174.17,0,348.34,348.34,Credit Card,3.0
ORD103081,2024-04-10,CUST00943,19.0,Male,South,Electronics,Power Bank,1,170.55,0,170.55,170.55,UPI,3.0
ORD103080,2024-04-10,CUST01166,37.0,Female,South,Sports & Outdoors,Hiking Backpack,2,132.41,0,264.82,264.82,Credit Card,4.0
ORD103079,2024-04-10,CUST00888,45.0,Male,Central,Apparel,Yoga Pants,2,109.56,15,219.12,186.25,Debit Card,3.0
ORD103078,2024-04-10,CUST01166,37.0,Female,,Electronics,Laptop Stand,2,224.58,10,449.16,404.24,UPI,4.0
ORD103077,2024-04-10,CUST00955,37.0,Female,Central,Electronics,Smartwatch,2,39.11,0,78.22,78.22,UPI,4.0
ORD103076,2024-04-10,CUST00936,42.0,Female,North,Home & Kitchen,Storage Bins,1,171.71,0,171.71,171.71,UPI,5.0
ORD103075,2024-04-10,CUST01097,32.0,Male,West,Home & Kitchen,Blender,2,98.91,15,197.82,168.15,Credit Card,3.0
ORD103073,2024-04-10,CUST00087,38.0,Female,West,Beauty,Hair Dryer,1,55.15,15,55.15,46.88,Cash on Delivery,4.0
ORD103072,2024-04-10,CUST00213,18.0,Female,Central,Electronics,Webcam,2,71.1,15,142.2,120.87,Credit Card,2.0
ORD103071,2024-04-10,CUST00252,62.0,Male,North,Electronics,Smartphone Case,1,229.59,0,229.59,229.59,Credit Card,4.0
ORD103070,2024-04-10,CUST01012,41.0,Female,West,Home & Kitchen,Storage Bins,1,15.33,5,15.33,14.56,Credit Card,4.0
ORD103074,2024-04-10,CUST00135,23.0,Female,West,Electronics,Smartphone Case,1,229.57,0,229.57,229.57,Credit Card,3.0
ORD103088,2024-04-11,CUST01013,37.0,Female,East,Apparel,Baseball Cap,1,63.66,5,63.66,60.48,Credit Card,2.0
ORD103087,2024-04-11,CUST00553,34.0,Female,Central,Sports & Outdoors,Hiking Backpack,1,26.42,0,26.42,26.42,Cash on Delivery,2.0
ORD103086,2024-04-11,CUST00764,33.0,Male,Central,Electronics,Webcam,1,110.76,5,110.76,105.22,UPI,5.0
ORD103083,2024-04-11,CUST00198,31.0,Male,South,Beauty,Sunscreen SPF50,1,46.26,15,46.26,39.32,UPI,5.0
ORD103084,2024-04-11,CUST00641,18.0,Male,South,Apparel,Formal Shirt,1,90.35,0,90.35,90.35,Cash on Delivery,4.0
ORD103082,2024-04-11,CUST00282,26.0,Male,South,Books,Biography,2,20.53,0,41.06,41.06,Debit Card,3.0
ORD103085,2024-04-11,CUST00080,22.0,Male,Central,Electronics,Bluetooth Speaker,2,149.7,20,299.4,239.52,Debit Card,3.0
ORD103089,2024-04-12,CUST01065,46.0,Female,North,Beauty,Hair Dryer,4,18.87,0,75.48,75.48,Debit Card,2.0
ORD103090,2024-04-12,CUST01045,22.0,Female,South,Books,Comic Book,2,24.14,0,48.28,48.28,UPI,3.0
ORD103091,2024-04-12,CUST01096,38.0,Female,East,Electronics,Smartwatch,1,44.15,0,44.15,44.15,Cash on Delivery,3.0
ORD103092,2024-04-12,CUST00071,39.0,Male,East,Home & Kitchen,Cutlery Set,2,135.7,0,271.4,271.4,Net Banking,2.0
ORD103093,2024-04-12,CUST00594,27.0,Male,West,Electronics,Power Bank,1,103.39,15,103.39,87.88,Credit Card,2.0
ORD103094,2024-04-13,CUST00993,32.0,Female,East,Electronics,Wireless Earbuds,1,105.71,10,105.71,95.14,Credit Card,4.0
ORD103095,2024-04-13,CUST00840,45.0,Female,North,Electronics,Power Bank,1,178.29,5,178.29,169.38,Net Banking,4.0
ORD103096,2024-04-13,CUST00824,46.0,Female,West,Sports & Outdoors,Camping Tent,2,150.45,0,300.9,300.9,UPI,3.0
ORD103097,2024-04-13,CUST00302,44.0,Female,East,Apparel,Men's T-Shirt,1,97.31,15,97.31,82.71,Credit Card,2.0
ORD103098,2024-04-13,CUST00938,50.0,Other,West,Electronics,Power Bank,4,30.07,0,120.28,120.28,Credit Card,5.0
ORD103099,2024-04-13,CUST00230,48.0,Female,East,Apparel,Women's Jeans,1,81.74,0,81.74,81.74,UPI,5.0
ORD103102,2024-04-14,CUST00719,24.0,Male,West,Books,Self-Help Guide,3,6.54,25,19.62,14.72,Cash on Delivery,3.0
ORD103101,2024-04-14,CUST00987,30.0,Male,North,Electronics,Laptop Stand,1,77.17,0,77.17,77.17,UPI,2.0
ORD103100,2024-04-14,CUST00747,24.0,Other,South,Beauty,Nail Polish,1,42.54,10,42.54,38.29,Credit Card,3.0
ORD103103,2024-04-15,CUST01104,18.0,Female,North,Sports & Outdoors,Water Bottle,2,144.55,0,289.1,289.1,Credit Card,3.0
ORD103104,2024-04-15,CUST00865,23.0,Male,South,Beauty,Nail Polish,1,35.25,0,35.25,35.25,Credit Card,4.0
ORD103105,2024-04-15,CUST00053,52.0,Male,North,Electronics,Smartphone Case,2,224.34,0,448.68,448.68,Cash on Delivery,5.0
ORD103106,2024-04-15,CUST00655,32.0,Female,Central,Beauty,Perfume,1,66.67,0,66.67,66.67,Debit Card,4.0
ORD103107,2024-04-15,CUST00489,41.0,Male,South,Electronics,USB-C Cable,1,69.63,0,69.63,69.63,Credit Card,3.0
ORD103108,2024-04-15,CUST00712,18.0,Female,South,Home & Kitchen,Blender,2,114.0,25,228.0,171.0,UPI,5.0
ORD103109,2024-04-15,CUST01027,37.0,Female,North,Home & Kitchen,Storage Bins,2,153.49,0,306.98,306.98,UPI,3.0
ORD103110,2024-04-15,CUST00418,62.0,Female,South,Apparel,Men's T-Shirt,1,23.01,15,23.01,19.56,Credit Card,3.0
ORD103116,2024-04-16,CUST00032,18.0,Male,North,Electronics,Power Bank,2,189.14,0,378.28,378.28,Debit Card,4.0
ORD103111,2024-04-16,CUST00670,36.0,Male,East,Apparel,Wool Sweater,1,14.69,10,14.69,13.22,Debit Card,4.0
ORD103112,2024-04-16,CUST00200,39.0,Female,North,Electronics,Wireless Earbuds,2,44.85,0,89.7,89.7,Debit Card,4.0
ORD103113,2024-04-16,CUST00113,44.0,Male,North,Electronics,Power Bank,1,208.9,0,208.9,208.9,Credit Card,2.0
ORD103114,2024-04-16,CUST00459,18.0,Male,West,Beauty,Perfume,1,82.6,0,82.6,82.6,Debit Card,3.0
ORD103115,2024-04-16,CUST00982,18.0,Male,West,Electronics,Power Bank,1,69.08,0,69.08,69.08,UPI,4.0
ORD103118,2024-04-17,CUST00130,38.0,Male,West,Electronics,Bluetooth Speaker,5,214.81,5,1074.05,1020.35,Debit Card,4.0
ORD103119,2024-04-17,CUST00121,27.0,Male,East,Electronics,Webcam,2,114.67,15,229.34,194.94,UPI,3.0
ORD103117,2024-04-17,CUST00969,51.0,Female,Central,Apparel,Wool Sweater,1,71.54,0,71.54,71.54,Cash on Delivery,3.0
ORD103120,2024-04-17,CUST00807,53.0,Male,East,Beauty,Facial Serum,1,69.38,10,69.38,62.44,UPI,2.0
ORD103132,2024-04-18,CUST00379,29.0,Male,East,Electronics,Smartwatch,1,15.34,0,15.34,15.34,Debit Card,3.0
ORD103133,2024-04-18,CUST00519,44.0,Male,Central,Beauty,Perfume,1,40.64,10,40.64,36.58,Cash on Delivery,3.0
ORD103131,2024-04-18,CUST00396,46.0,Other,West,Apparel,Winter Jacket,2,17.23,0,34.46,34.46,Debit Card,4.0
ORD103135,2024-04-18,CUST00061,18.0,Male,Central,Apparel,Women's Jeans,1,104.23,0,104.23,104.23,UPI,3.0
ORD103130,2024-04-18,CUST00104,30.0,Male,South,Apparel,Winter Jacket,3,73.29,0,219.87,219.87,Net Banking,3.0
ORD103134,2024-04-18,CUST00336,34.0,Male,South,Apparel,Running Shoes,1,70.54,0,70.54,70.54,Debit Card,5.0
ORD103128,2024-04-18,CUST00194,26.0,Female,West,Sports & Outdoors,Dumbbell Set,1,97.15,0,97.15,97.15,Cash on Delivery,3.0
ORD103129,2024-04-18,CUST00176,40.0,Female,Central,Home & Kitchen,LED Desk Lamp,1,40.18,0,40.18,40.18,Credit Card,4.0
ORD103127,2024-04-18,CUST01150,31.0,Female,West,Beauty,Hair Dryer,1,55.13,0,55.13,55.13,Cash on Delivery,4.0
ORD103126,2024-04-18,CUST01075,45.0,Female,East,Home & Kitchen,Coffee Maker,2,172.82,0,345.64,345.64,Credit Card,5.0
ORD103125,2024-04-18,CUST00529,18.0,Female,East,Home & Kitchen,Air Fryer,4,159.71,5,638.84,606.9,UPI,4.0
ORD103124,2024-04-18,CUST00868,18.0,Male,West,Apparel,Running Shoes,1,55.24,0,55.24,55.24,Net Banking,3.0
ORD103123,2024-04-18,CUST00191,28.0,Male,South,Sports & Outdoors,Camping Tent,1,25.88,0,25.88,25.88,UPI,4.0
ORD103122,2024-04-18,CUST01058,20.0,Female,South,Electronics,Wireless Earbuds,3,248.1,0,744.3,744.3,UPI,3.0
ORD103121,2024-04-18,CUST00673,37.0,Female,East,Electronics,Bluetooth Speaker,1,21.41,0,21.41,21.41,Credit Card,4.0
ORD103136,2024-04-19,CUST01046,43.0,Female,North,Sports & Outdoors,Yoga Mat,5,68.96,0,344.8,344.8,UPI,3.0
ORD103137,2024-04-19,CUST00807,53.0,Male,Central,Home & Kitchen,LED Desk Lamp,1,38.33,0,38.33,38.33,Credit Card,3.0
ORD103138,2024-04-19,CUST00341,30.0,Female,West,Sports & Outdoors,Yoga Mat,1,191.46,0,191.46,191.46,Cash on Delivery,4.0
ORD103141,2024-04-20,CUST01026,53.0,Male,South,Apparel,Wool Sweater,1,48.37,0,48.37,48.37,Credit Card,4.0
ORD103139,2024-04-20,CUST00182,32.0,Female,South,Books,Self-Help Guide,1,24.48,15,24.48,20.81,Credit Card,4.0
ORD103140,2024-04-20,CUST01181,35.0,Female,Central,Apparel,Winter Jacket,2,21.92,0,43.84,43.84,Credit Card,3.0
ORD103142,2024-04-21,CUST01014,33.0,Male,East,Apparel,Running Shoes,1,17.85,0,17.85,17.85,Debit Card,4.0
ORD103143,2024-04-21,CUST00964,26.0,Female,South,Beauty,Nail Polish,1,60.01,0,60.01,60.01,UPI,5.0
ORD103144,2024-04-21,CUST01137,40.0,Female,Central,Apparel,Baseball Cap,1,79.48,0,79.48,79.48,Credit Card,3.0
ORD103145,2024-04-21,CUST01134,29.0,Female,South,Apparel,Running Shoes,3,59.09,5,177.27,168.41,Debit Card,5.0
ORD103146,2024-04-21,CUST00395,30.0,Male,South,Electronics,Wireless Earbuds,1,89.13,0,89.13,89.13,UPI,5.0
ORD103147,2024-04-21,CUST00800,29.0,Female,East,Electronics,Laptop Stand,1,214.81,0,214.81,214.81,Credit Card,4.0
ORD103153,2024-04-22,CUST01002,34.0,Male,North,Electronics,Wireless Earbuds,1,65.96,5,65.96,62.66,Debit Card,4.0
ORD103154,2024-04-22,CUST00349,52.0,Female,North,Sports & Outdoors,Camping Tent,1,138.49,0,138.49,138.49,Credit Card,4.0
ORD103152,2024-04-22,CUST00477,,Female,South,Home & Kitchen,Throw Pillow,1,65.54,0,65.54,65.54,Credit Card,2.0
ORD103148,2024-04-22,CUST00457,18.0,Female,North,Apparel,Yoga Pants,2,33.43,0,66.86,66.86,Debit Card,5.0
ORD103150,2024-04-22,CUST00992,32.0,Male,South,Electronics,Smartphone Case,2,111.72,0,223.44,223.44,Cash on Delivery,1.0
ORD103149,2024-04-22,CUST00056,21.0,Female,South,Beauty,Hair Dryer,1,47.55,15,47.55,40.42,Credit Card,4.0
ORD103151,2024-04-22,CUST00027,54.0,Male,South,Electronics,Smartwatch,2,99.98,15,199.96,169.97,Debit Card,3.0
ORD103155,2024-04-23,CUST01058,20.0,Female,North,Electronics,USB-C Cable,1,79.59,0,79.59,79.59,UPI,5.0
ORD103156,2024-04-23,CUST01053,35.0,Male,Central,Electronics,USB-C Cable,1,76.36,0,76.36,76.36,Debit Card,4.0
ORD103157,2024-04-23,CUST00288,47.0,Female,East,Electronics,Wireless Earbuds,1,200.11,0,200.11,200.11,Debit Card,3.0
ORD103158,2024-04-23,CUST00630,30.0,Male,West,Electronics,Power Bank,1,53.56,0,53.56,53.56,Cash on Delivery,3.0
ORD103162,2024-04-24,CUST00267,51.0,Female,North,Home & Kitchen,Blender,1,119.57,15,119.57,101.63,Cash on Delivery,4.0
ORD103161,2024-04-24,CUST01018,18.0,Female,Central,Electronics,Laptop Stand,1,172.23,0,172.23,172.23,Debit Card,3.0
ORD103160,2024-04-24,CUST00200,39.0,Female,North,Sports & Outdoors,Hiking Backpack,2,170.12,0,340.24,340.24,Cash on Delivery,3.0
ORD103159,2024-04-24,CUST01120,56.0,Female,South,Electronics,Wireless Earbuds,3,32.22,10,96.66,86.99,Credit Card,3.0
ORD103171,2024-04-25,CUST00169,51.0,Female,South,Electronics,Laptop Stand,2,127.6,0,255.2,255.2,UPI,2.0
ORD103175,2024-04-25,CUST00203,37.0,Male,West,Books,Comic Book,2,38.72,0,77.44,77.44,Debit Card,4.0
ORD103174,2024-04-25,CUST00337,42.0,Female,North,Sports & Outdoors,Hiking Backpack,1,14.37,0,14.37,14.37,Credit Card,4.0
ORD103173,2024-04-25,CUST00454,30.0,Male,East,Electronics,Power Bank,1,177.15,0,177.15,177.15,Credit Card,3.0
ORD103172,2024-04-25,CUST00221,18.0,Male,West,Electronics,Smartwatch,2,233.54,5,467.08,443.73,Debit Card,3.0
ORD103170,2024-04-25,CUST00800,29.0,Female,South,Home & Kitchen,LED Desk Lamp,1,135.75,0,135.75,135.75,UPI,4.0
ORD103166,2024-04-25,CUST00328,28.0,Male,East,Books,Children's Storybook,2,37.95,0,75.9,75.9,UPI,4.0
ORD103168,2024-04-25,CUST00162,28.0,Male,Central,Electronics,Power Bank,1,38.71,0,38.71,38.71,Credit Card,4.0
ORD103167,2024-04-25,CUST01087,42.0,Female,North,Electronics,Webcam,1,165.67,0,165.67,165.67,Credit Card,
ORD103165,2024-04-25,CUST00016,18.0,Male,South,Sports & Outdoors,Dumbbell Set,1,76.89,15,76.89,65.36,Debit Card,5.0
ORD103164,2024-04-25,CUST00440,41.0,Female,East,Beauty,Facial Serum,1,82.74,10,82.74,74.47,Cash on Delivery,3.0
ORD103163,2024-04-25,CUST00405,39.0,Other,South,Electronics,Smartphone Case,1,126.44,5,126.44,120.12,UPI,3.0
ORD103169,2024-04-25,CUST00092,31.0,Male,Central,Apparel,Baseball Cap,1,74.14,0,74.14,74.14,Net Banking,4.0
ORD103176,2024-04-26,CUST00956,36.0,Female,West,Home & Kitchen,Storage Bins,1,138.97,10,138.97,125.07,Credit Card,4.0
ORD103177,2024-04-26,CUST00955,37.0,Female,North,Home & Kitchen,Cutlery Set,1,148.94,20,148.94,119.15,UPI,4.0
ORD103178,2024-04-26,CUST01109,,Male,South,Beauty,Sunscreen SPF50,2,41.0,25,82.0,61.5,UPI,3.0
ORD103179,2024-04-26,CUST00874,56.0,Male,East,Electronics,USB-C Cable,1,25.54,0,25.54,25.54,Credit Card,3.0
ORD103180,2024-04-26,CUST00639,39.0,Female,Central,Apparel,Running Shoes,1,25.41,15,25.41,21.6,UPI,5.0
ORD103189,2024-04-27,CUST00591,51.0,Female,North,Electronics,Bluetooth Speaker,1,201.42,0,201.42,201.42,Cash on Delivery,3.0
ORD103188,2024-04-27,CUST00617,44.0,Female,East,Electronics,USB-C Cable,1,232.46,0,232.46,232.46,UPI,4.0
ORD103186,2024-04-27,CUST01069,48.0,Male,North,Home & Kitchen,Air Fryer,1,67.13,0,67.13,67.13,Credit Card,3.0
ORD103185,2024-04-27,CUST00726,48.0,Female,South,Apparel,Running Shoes,1,87.62,0,87.62,87.62,Debit Card,3.0
ORD103187,2024-04-27,CUST00006,49.0,Female,East,Electronics,Laptop Stand,3,79.7,10,239.1,215.19,Net Banking,3.0
ORD103183,2024-04-27,CUST00374,58.0,Female,East,Apparel,Men's T-Shirt,1,10.99,10,10.99,9.89,Cash on Delivery,3.0
ORD103182,2024-04-27,CUST00047,18.0,Male,Central,Home & Kitchen,Throw Pillow,1,24.12,0,24.12,24.12,Net Banking,2.0
ORD103181,2024-04-27,CUST00772,25.0,Male,West,Beauty,Lipstick Set,1,50.19,10,50.19,45.17,UPI,3.0
ORD103184,2024-04-27,CUST00722,27.0,Male,West,Sports & Outdoors,Resistance Bands,1,11.41,0,11.41,11.41,Debit Card,4.0
ORD103196,2024-04-28,CUST01162,29.0,Female,Central,Apparel,Running Shoes,1,41.81,20,41.81,33.45,UPI,2.0
ORD103194,2024-04-28,CUST00285,21.0,Female,West,Electronics,Bluetooth Speaker,1,82.92,5,82.92,78.77,Credit Card,3.0
ORD103193,2024-04-28,CUST00376,47.0,Female,West,Electronics,Bluetooth Speaker,1,238.24,0,238.24,238.24,Debit Card,4.0
ORD103195,2024-04-28,CUST00440,41.0,Female,East,Electronics,Smartwatch,2,164.2,0,328.4,328.4,Debit Card,3.0
ORD103191,2024-04-28,CUST00001,53.0,Female,South,Apparel,Men's T-Shirt,1,71.71,25,71.71,53.78,UPI,3.0
ORD103190,2024-04-28,CUST00319,29.0,Female,West,Home & Kitchen,Air Fryer,2,16.35,5,32.7,31.06,Net Banking,5.0
ORD103192,2024-04-28,CUST00846,18.0,Male,Central,Sports & Outdoors,Water Bottle,1,96.71,0,96.71,96.71,Credit Card,4.0
ORD103197,2024-04-29,CUST00682,32.0,Male,West,Beauty,Nail Polish,1,60.65,5,60.65,57.62,Credit Card,4.0
ORD103198,2024-04-29,CUST01074,48.0,Male,Central,Books,Mystery Thriller,1,20.47,0,20.47,20.47,Credit Card,4.0
ORD103199,2024-04-29,CUST00594,27.0,Male,North,Sports & Outdoors,Cycling Helmet,1,46.94,10,46.94,42.25,UPI,2.0
ORD103200,2024-04-29,CUST01179,24.0,Female,North,Beauty,Face Moisturizer,1,31.37,0,31.37,31.37,UPI,5.0
ORD103201,2024-04-29,CUST00779,27.0,Female,East,Beauty,Hair Dryer,1,69.78,0,69.78,69.78,Credit Card,5.0
ORD103202,2024-04-29,CUST00833,48.0,Male,Central,Apparel,Baseball Cap,1,60.15,0,60.15,60.15,Debit Card,5.0
ORD103206,2024-04-30,CUST00542,30.0,Other,South,Beauty,Shampoo,1,49.74,0,49.74,49.74,Credit Card,5.0
ORD103205,2024-04-30,CUST00132,61.0,Male,South,Apparel,Baseball Cap,1,60.65,0,60.65,60.65,Debit Card,4.0
ORD103203,2024-04-30,CUST00827,35.0,Female,North,Home & Kitchen,Blender,1,56.13,0,56.13,56.13,Debit Card,3.0
ORD103204,2024-04-30,CUST00535,18.0,Other,North,Home & Kitchen,Non-stick Pan,1,95.38,15,95.38,81.07,Cash on Delivery,4.0
ORD103207,2024-05-01,CUST00013,47.0,Female,West,Electronics,Wireless Earbuds,5,217.14,0,1085.7,1085.7,UPI,3.0
ORD103208,2024-05-01,CUST00840,45.0,Female,North,Electronics,Laptop Stand,2,29.9,0,59.8,59.8,Credit Card,3.0
ORD103209,2024-05-01,CUST00836,24.0,Male,Central,Electronics,Smartphone Case,1,191.92,0,191.92,191.92,Credit Card,3.0
ORD103210,2024-05-01,CUST00077,26.0,Female,North,Electronics,Power Bank,1,79.97,0,79.97,79.97,UPI,3.0
ORD103211,2024-05-01,CUST00659,33.0,Female,Central,Home & Kitchen,Blender,2,15.67,0,31.34,31.34,Debit Card,4.0
ORD103212,2024-05-01,CUST00065,21.0,Female,North,Apparel,Wool Sweater,1,110.54,10,110.54,99.49,Net Banking,4.0
ORD103213,2024-05-01,CUST00657,28.0,Female,Central,Electronics,Smartphone Case,1,72.92,0,72.92,72.92,Debit Card,3.0
ORD103214,2024-05-01,CUST01044,21.0,Male,South,Apparel,Wool Sweater,1,60.67,0,60.67,60.67,Cash on Delivery,4.0
ORD103215,2024-05-02,CUST00880,30.0,Other,South,Electronics,Smartphone Case,1,77.74,15,77.74,66.08,UPI,4.0
ORD103216,2024-05-02,CUST00578,18.0,Male,Central,Apparel,Men's T-Shirt,1,83.87,0,83.87,83.87,Debit Card,5.0
ORD103217,2024-05-02,CUST00139,40.0,Male,Central,Beauty,Hair Dryer,2,40.56,0,81.12,81.12,Cash on Delivery,2.0
ORD103218,2024-05-02,CUST00437,45.0,Female,West,Beauty,Nail Polish,2,45.41,15,90.82,77.2,Credit Card,3.0
ORD103219,2024-05-02,CUST00058,48.0,Female,Central,Apparel,Women's Jeans,2,75.74,0,151.48,151.48,Debit Card,2.0
ORD103221,2024-05-03,CUST01107,22.0,Female,Central,Home & Kitchen,LED Desk Lamp,2,123.58,0,247.16,247.16,Cash on Delivery,4.0
ORD103222,2024-05-03,CUST01166,37.0,Female,Central,Apparel,Running Shoes,1,34.44,5,34.44,32.72,UPI,3.0
ORD103220,2024-05-03,CUST00646,41.0,Male,North,Electronics,USB-C Cable,1,148.66,5,148.66,141.23,Cash on Delivery,5.0
ORD103228,2024-05-04,CUST00752,37.0,Male,South,Electronics,Bluetooth Speaker,1,136.84,0,136.84,136.84,Cash on Delivery,4.0
ORD103227,2024-05-04,CUST00171,27.0,Other,North,Beauty,Hair Dryer,2,54.47,0,108.94,108.94,Debit Card,4.0
ORD103226,2024-05-04,CUST00691,18.0,Female,South,Home & Kitchen,Air Fryer,4,143.25,0,573.0,573.0,Debit Card,3.0
ORD103224,2024-05-04,CUST00696,28.0,Female,East,Sports & Outdoors,Tennis Racket,4,126.21,10,504.84,454.36,Cash on Delivery,4.0
ORD103223,2024-05-04,CUST00655,32.0,Female,Central,Sports & Outdoors,Camping Tent,1,20.16,0,20.16,20.16,UPI,5.0
ORD103225,2024-05-04,CUST00182,32.0,Female,West,Electronics,USB-C Cable,1,96.65,0,96.65,96.65,Credit Card,4.0
ORD103229,2024-05-05,CUST00964,26.0,Female,North,Electronics,Webcam,2,236.48,5,472.96,449.31,Credit Card,4.0
ORD103230,2024-05-05,CUST00996,52.0,Male,South,Apparel,Baseball Cap,1,60.45,0,60.45,60.45,Credit Card,3.0
ORD103231,2024-05-05,CUST00805,27.0,Female,West,Beauty,Face Moisturizer,1,69.28,5,69.28,65.82,Credit Card,3.0
ORD103232,2024-05-05,CUST00640,18.0,Female,West,Home & Kitchen,Air Fryer,1,165.33,0,165.33,165.33,Credit Card,3.0
ORD103233,2024-05-05,CUST00192,28.0,Female,South,Beauty,Sunscreen SPF50,2,56.6,0,113.2,113.2,Credit Card,3.0
ORD103234,2024-05-05,CUST00770,38.0,Female,West,Home & Kitchen,Non-stick Pan,1,70.87,0,70.87,70.87,Credit Card,4.0
ORD103235,2024-05-05,CUST00005,34.0,Male,East,Apparel,Women's Jeans,2,30.07,0,60.14,60.14,Credit Card,3.0
ORD103236,2024-05-05,CUST00628,32.0,Male,West,Sports & Outdoors,Dumbbell Set,1,179.65,0,179.65,179.65,Debit Card,2.0
ORD103244,2024-05-06,CUST00954,49.0,Female,West,Electronics,USB-C Cable,1,209.41,10,209.41,188.47,Cash on Delivery,3.0
ORD103245,2024-05-06,CUST01097,32.0,Male,North,Electronics,Wireless Earbuds,1,103.27,10,103.27,92.94,Debit Card,5.0
ORD103241,2024-05-06,CUST00219,24.0,Female,West,Beauty,Lipstick Set,1,12.36,25,12.36,9.27,UPI,2.0
ORD103247,2024-05-06,CUST01164,33.0,Female,East,Sports & Outdoors,Hiking Backpack,2,108.82,0,217.64,217.64,UPI,5.0
ORD103246,2024-05-06,CUST01174,29.0,Male,North,Electronics,Wireless Earbuds,2,233.05,20,466.1,372.88,Cash on Delivery,4.0
ORD103243,2024-05-06,CUST00963,37.0,Male,Central,Electronics,Bluetooth Speaker,1,210.57,0,210.57,210.57,Net Banking,3.0
ORD103239,2024-05-06,CUST00981,32.0,Male,North,Electronics,Webcam,1,160.25,10,160.25,144.23,Credit Card,4.0
ORD103240,2024-05-06,CUST01033,48.0,Male,Central,Electronics,Smartphone Case,1,223.74,0,223.74,223.74,UPI,3.0
ORD103242,2024-05-06,CUST00433,33.0,Female,Central,Apparel,Winter Jacket,2,16.6,0,33.2,33.2,UPI,4.0
ORD103238,2024-05-06,CUST00211,36.0,Male,East,Apparel,Yoga Pants,1,93.44,0,93.44,93.44,Debit Card,4.0
ORD103237,2024-05-06,CUST00924,50.0,Male,South,Electronics,Bluetooth Speaker,1,186.37,15,186.37,158.41,Debit Card,4.0
ORD103248,2024-05-07,CUST00114,46.0,Female,North,Electronics,Laptop Stand,5,94.61,0,473.05,473.05,Credit Card,5.0
ORD103249,2024-05-07,CUST00890,18.0,Male,East,Sports & Outdoors,Yoga Mat,1,46.89,10,46.89,42.2,UPI,3.0
ORD103250,2024-05-07,CUST00052,32.0,Male,South,Beauty,Facial Serum,1,80.36,5,80.36,76.34,UPI,3.0
ORD103251,2024-05-07,CUST00689,24.0,Female,West,Home & Kitchen,Storage Bins,1,63.05,0,63.05,63.05,Cash on Delivery,4.0
ORD103257,2024-05-08,CUST00977,36.0,Female,Central,Apparel,Yoga Pants,1,50.91,5,50.91,48.36,Credit Card,3.0
ORD103256,2024-05-08,CUST00404,30.0,Male,South,Electronics,Smartwatch,1,108.05,0,108.05,108.05,UPI,5.0
ORD103255,2024-05-08,CUST00270,36.0,Male,South,Sports & Outdoors,Cycling Helmet,3,156.32,15,468.96,398.62,Debit Card,2.0
ORD103258,2024-05-08,CUST00790,19.0,Male,South,Electronics,Smartphone Case,2,109.91,0,219.82,219.82,Net Banking,3.0
ORD103253,2024-05-08,CUST00264,50.0,Female,South,Apparel,Formal Shirt,1,112.44,0,112.44,112.44,Cash on Delivery,3.0
ORD103252,2024-05-08,CUST00808,18.0,Other,East,Electronics,Power Bank,1,140.47,0,140.47,140.47,Credit Card,4.0
ORD103254,2024-05-08,CUST00236,44.0,Male,Central,Apparel,Women's Jeans,1,109.9,0,109.9,109.9,Debit Card,3.0
ORD103265,2024-05-09,CUST01148,51.0,Male,North,Home & Kitchen,Throw Pillow,1,56.5,0,56.5,56.5,Debit Card,3.0
ORD103263,2024-05-09,CUST00714,34.0,Female,East,Apparel,Women's Jeans,1,62.78,0,62.78,62.78,Credit Card,3.0
ORD103262,2024-05-09,CUST00131,66.0,Male,South,Apparel,Women's Jeans,2,37.91,15,75.82,64.45,Debit Card,3.0
ORD103264,2024-05-09,CUST00749,21.0,Female,South,Electronics,Bluetooth Speaker,1,71.3,0,71.3,71.3,UPI,3.0
ORD103260,2024-05-09,CUST00584,18.0,Female,East,Home & Kitchen,Throw Pillow,4,88.52,0,354.08,354.08,Debit Card,4.0
ORD103259,2024-05-09,CUST00537,36.0,Male,South,Beauty,Face Moisturizer,1,30.38,0,30.38,30.38,UPI,4.0
ORD103261,2024-05-09,CUST00989,,Female,Central,Home & Kitchen,LED Desk Lamp,2,70.99,0,141.98,141.98,Net Banking,2.0
ORD103272,2024-05-10,CUST00426,40.0,Female,South,Home & Kitchen,Non-stick Pan,3,19.94,20,59.82,47.86,UPI,4.0
ORD103266,2024-05-10,CUST01177,23.0,Female,North,Apparel,Yoga Pants,1,72.84,15,72.84,61.91,Credit Card,2.0
ORD103267,2024-05-10,CUST00040,26.0,Male,South,Sports & Outdoors,Dumbbell Set,4,182.96,0,731.84,731.84,UPI,3.0
ORD103268,2024-05-10,CUST00260,40.0,Female,West,Home & Kitchen,Throw Pillow,1,177.38,0,177.38,177.38,Net Banking,3.0
ORD103269,2024-05-10,CUST01015,20.0,Female,Central,Apparel,Winter Jacket,1,119.79,0,119.79,119.79,Credit Card,3.0
ORD103270,2024-05-10,CUST00157,35.0,Male,East,Electronics,Smartwatch,1,155.43,10,155.43,139.89,Credit Card,2.0
ORD103271,2024-05-10,CUST00173,29.0,Female,East,Home & Kitchen,LED Desk Lamp,2,166.26,15,332.52,282.64,Credit Card,4.0
ORD103275,2024-05-11,CUST00726,48.0,Female,West,Beauty,Face Moisturizer,1,81.81,0,81.81,81.81,Credit Card,2.0
ORD103276,2024-05-11,CUST00221,18.0,Male,West,Apparel,Wool Sweater,1,93.51,0,93.51,93.51,Debit Card,3.0
ORD103273,2024-05-11,CUST00737,39.0,Female,North,Electronics,Webcam,1,55.08,0,55.08,55.08,Cash on Delivery,5.0
ORD103274,2024-05-11,CUST00849,18.0,Female,North,Sports & Outdoors,Hiking Backpack,1,89.15,0,89.15,89.15,Debit Card,4.0
ORD103277,2024-05-11,CUST00147,40.0,Female,North,Electronics,Bluetooth Speaker,1,224.35,0,224.35,224.35,Credit Card,4.0
ORD103285,2024-05-12,CUST00054,19.0,Female,East,Home & Kitchen,Air Fryer,1,144.02,15,144.02,122.42,UPI,3.0
ORD103284,2024-05-12,CUST00557,43.0,Female,Central,Beauty,Face Moisturizer,2,69.47,15,138.94,118.1,Debit Card,5.0
ORD103286,2024-05-12,CUST01192,21.0,Female,East,Electronics,Wireless Earbuds,2,103.14,0,206.28,206.28,Debit Card,3.0
ORD103282,2024-05-12,CUST00063,57.0,Female,North,Apparel,Winter Jacket,1,64.24,10,64.24,57.82,Debit Card,4.0
ORD103283,2024-05-12,CUST01155,42.0,Female,North,Home & Kitchen,Storage Bins,1,150.24,0,150.24,150.24,UPI,2.0
ORD103281,2024-05-12,CUST00200,39.0,Female,West,Sports & Outdoors,Resistance Bands,2,160.09,5,320.18,304.17,Debit Card,3.0
ORD103280,2024-05-12,CUST00815,47.0,Female,West,Beauty,Sunscreen SPF50,1,87.07,10,87.07,78.36,Debit Card,3.0
ORD103279,2024-05-12,CUST01036,36.0,Female,East,Electronics,Laptop Stand,1,216.64,20,216.64,173.31,Debit Card,2.0
ORD103278,2024-05-12,CUST00850,42.0,Male,North,Beauty,Face Moisturizer,2,82.54,15,165.08,140.32,Cash on Delivery,2.0
ORD103295,2024-05-13,CUST01070,34.0,Male,South,Apparel,Formal Shirt,1,57.73,0,57.73,57.73,Cash on Delivery,5.0
ORD103294,2024-05-13,CUST00771,18.0,Female,West,Apparel,Yoga Pants,1,79.52,0,79.52,79.52,Net Banking,3.0
ORD103293,2024-05-13,CUST00148,40.0,Female,Central,Electronics,Webcam,1,243.27,10,243.27,218.94,Credit Card,3.0
ORD103292,2024-05-13,CUST00420,53.0,Male,North,Electronics,Power Bank,1,105.72,5,105.72,100.43,UPI,4.0
ORD103291,2024-05-13,CUST00855,18.0,Female,West,Home & Kitchen,Throw Pillow,1,85.28,0,85.28,85.28,Debit Card,3.0
ORD103290,2024-05-13,CUST00694,18.0,Male,South,Electronics,Smartwatch,3,37.54,0,112.62,112.62,Net Banking,4.0
ORD103289,2024-05-13,CUST00335,47.0,Male,West,Apparel,Winter Jacket,1,70.8,0,70.8,70.8,Cash on Delivery,5.0
ORD103288,2024-05-13,CUST00926,28.0,Male,South,Home & Kitchen,Cutlery Set,2,33.6,0,67.2,67.2,UPI,4.0
ORD103287,2024-05-13,CUST00658,35.0,Female,East,Electronics,Power Bank,1,239.73,0,239.73,239.73,UPI,2.0
ORD103296,2024-05-14,CUST00415,39.0,Male,South,Electronics,Bluetooth Speaker,1,151.68,0,151.68,151.68,Debit Card,2.0
ORD103297,2024-05-14,CUST00376,47.0,Female,Central,Electronics,Smartphone Case,3,228.24,25,684.72,513.54,UPI,4.0
ORD103298,2024-05-14,CUST00844,27.0,Male,Central,Books,Fiction Novel,1,25.08,0,25.08,25.08,UPI,4.0
ORD103303,2024-05-15,CUST00991,61.0,Female,West,Electronics,Webcam,2,211.84,5,423.68,402.5,UPI,5.0
ORD103301,2024-05-15,CUST00240,38.0,Male,North,Electronics,Bluetooth Speaker,1,86.47,15,86.47,73.5,Credit Card,4.0
ORD103302,2024-05-15,CUST00297,20.0,Male,Central,Apparel,Formal Shirt,1,37.92,5,37.92,36.02,Debit Card,4.0
ORD103299,2024-05-15,CUST00630,30.0,Male,Central,Beauty,Face Moisturizer,3,39.93,0,119.79,119.79,Credit Card,2.0
ORD103300,2024-05-15,CUST00156,44.0,Male,East,Apparel,Women's Jeans,2,44.37,15,88.74,75.43,UPI,3.0
ORD103310,2024-05-16,CUST00076,49.0,Female,North,Beauty,Face Moisturizer,2,64.52,0,129.04,129.04,Cash on Delivery,5.0
ORD103304,2024-05-16,CUST00851,26.0,Female,North,Electronics,Power Bank,1,38.72,15,38.72,32.91,UPI,4.0
ORD103305,2024-05-16,CUST00403,51.0,Male,Central,Electronics,USB-C Cable,1,60.56,0,60.56,60.56,Credit Card,4.0
ORD103306,2024-05-16,CUST00990,39.0,Female,East,Electronics,Webcam,1,79.63,0,79.63,79.63,UPI,3.0
ORD103307,2024-05-16,CUST01080,43.0,Female,East,Sports & Outdoors,Yoga Mat,1,59.16,5,59.16,56.2,Debit Card,4.0
ORD103308,2024-05-16,CUST00247,39.0,Male,East,Sports & Outdoors,Camping Tent,1,149.15,0,149.15,149.15,Credit Card,3.0
ORD103309,2024-05-16,CUST00224,31.0,Male,North,Home & Kitchen,Storage Bins,1,102.53,0,102.53,102.53,UPI,5.0
ORD103316,2024-05-17,CUST00841,55.0,Male,East,Sports & Outdoors,Camping Tent,4,20.11,0,80.44,80.44,UPI,2.0
ORD103315,2024-05-17,CUST01176,36.0,Female,North,Apparel,Women's Jeans,2,110.77,10,221.54,199.39,Debit Card,3.0
ORD103314,2024-05-17,CUST00171,27.0,Other,South,Electronics,Webcam,1,80.62,10,80.62,72.56,Credit Card,3.0
ORD103311,2024-05-17,CUST01199,48.0,Female,,Apparel,Wool Sweater,2,25.37,0,50.74,50.74,Credit Card,5.0
ORD103312,2024-05-17,CUST00849,18.0,Female,East,Electronics,Smartphone Case,1,48.66,0,48.66,48.66,Debit Card,5.0
ORD103317,2024-05-17,CUST00969,51.0,Female,East,Apparel,Men's T-Shirt,1,64.85,0,64.85,64.85,UPI,4.0
ORD103313,2024-05-17,CUST00275,44.0,Male,South,Beauty,Lipstick Set,1,89.93,0,89.93,89.93,Credit Card,4.0
ORD103318,2024-05-17,CUST00036,42.0,Male,Central,Apparel,Women's Jeans,1,79.73,20,79.73,63.78,Debit Card,
ORD103323,2024-05-18,CUST01195,27.0,Female,North,Apparel,Baseball Cap,2,24.11,0,48.22,48.22,Credit Card,4.0
ORD103324,2024-05-18,CUST00077,26.0,Female,Central,Electronics,Smartwatch,3,77.2,20,231.6,185.28,UPI,4.0
ORD103322,2024-05-18,CUST00299,38.0,Male,Central,Beauty,Sunscreen SPF50,1,83.9,0,83.9,83.9,Credit Card,4.0
ORD103321,2024-05-18,CUST01000,30.0,Male,Central,Beauty,Shampoo,1,19.14,0,19.14,19.14,UPI,3.0
ORD103320,2024-05-18,CUST00317,29.0,Female,South,Apparel,Running Shoes,1,74.33,0,74.33,74.33,Credit Card,3.0
ORD103319,2024-05-18,CUST01172,42.0,Male,South,Electronics,Bluetooth Speaker,1,57.64,15,57.64,48.99,Cash on Delivery,3.0
ORD103325,2024-05-19,CUST00490,28.0,Female,South,Beauty,Face Moisturizer,2,23.64,0,47.28,47.28,Credit Card,3.0
ORD103326,2024-05-19,CUST00101,30.0,Female,Central,Beauty,Nail Polish,1,33.9,0,33.9,33.9,Credit Card,4.0
ORD103327,2024-05-19,CUST00075,52.0,Female,South,Sports & Outdoors,Cycling Helmet,1,88.65,10,88.65,79.79,Credit Card,2.0
ORD103328,2024-05-19,CUST00116,64.0,Female,South,Home & Kitchen,Cutlery Set,1,163.01,0,163.01,163.01,Credit Card,4.0
ORD103329,2024-05-19,CUST00059,38.0,Male,East,Beauty,Face Moisturizer,1,38.41,0,38.41,38.41,Cash on Delivery,3.0
ORD103330,2024-05-19,CUST01021,18.0,Male,East,Electronics,Smartwatch,1,165.29,0,165.29,165.29,Net Banking,3.0
ORD103338,2024-05-20,CUST00425,31.0,Male,North,Electronics,Laptop Stand,2,46.99,0,93.98,93.98,UPI,4.0
ORD103337,2024-05-20,CUST00608,36.0,Male,South,Home & Kitchen,Throw Pillow,1,46.47,0,46.47,46.47,Debit Card,5.0
ORD103336,2024-05-20,CUST00649,35.0,Male,South,Home & Kitchen,Non-stick Pan,1,164.36,0,164.36,164.36,UPI,5.0
ORD103335,2024-05-20,CUST00700,38.0,Male,Central,Home & Kitchen,Non-stick Pan,1,141.01,0,141.01,141.01,Cash on Delivery,3.0
ORD103331,2024-05-20,CUST00630,30.0,Male,Central,Electronics,Webcam,2,72.23,0,144.46,144.46,UPI,3.0
ORD103333,2024-05-20,CUST01020,45.0,Female,Central,Apparel,Winter Jacket,2,45.21,0,90.42,90.42,UPI,4.0
ORD103332,2024-05-20,CUST00899,48.0,Male,East,Sports & Outdoors,Tennis Racket,1,181.03,0,181.03,181.03,Credit Card,3.0
ORD103339,2024-05-20,CUST00693,42.0,Female,South,Beauty,Sunscreen SPF50,1,57.17,0,57.17,57.17,Credit Card,4.0
ORD103334,2024-05-20,CUST00418,62.0,Female,East,Books,Cookbook,2,31.0,20,62.0,49.6,Debit Card,4.0
ORD103342,2024-05-21,CUST00214,29.0,Female,East,Beauty,Sunscreen SPF50,3,77.79,0,233.37,233.37,UPI,4.0
ORD103341,2024-05-21,CUST01079,51.0,Female,North,Books,Business Book,1,9.79,15,9.79,8.32,UPI,3.0
ORD103340,2024-05-21,CUST00066,21.0,Female,West,Home & Kitchen,Air Fryer,1,12.93,20,12.93,10.34,Debit Card,2.0
ORD103343,2024-05-22,CUST00249,19.0,Male,Central,Beauty,Perfume,2,56.57,5,113.14,107.48,UPI,
ORD103344,2024-05-22,CUST00200,39.0,Female,South,Home & Kitchen,Storage Bins,1,104.48,0,104.48,104.48,Debit Card,4.0
ORD103345,2024-05-22,CUST00871,31.0,Female,North,Books,Fiction Novel,5,15.73,0,78.65,78.65,Debit Card,3.0
ORD103346,2024-05-22,CUST00796,22.0,Female,East,Apparel,Men's T-Shirt,2,28.06,0,56.12,56.12,Credit Card,2.0
ORD103347,2024-05-22,CUST00173,29.0,Female,North,Beauty,Shampoo,1,61.8,0,61.8,61.8,UPI,2.0
ORD103348,2024-05-22,CUST00208,24.0,Female,South,Apparel,Women's Jeans,1,25.13,0,25.13,25.13,Credit Card,3.0
ORD103356,2024-05-23,CUST01115,27.0,Female,West,Electronics,Smartphone Case,1,102.35,20,102.35,81.88,UPI,2.0
ORD103355,2024-05-23,CUST00090,25.0,Female,West,Beauty,Hair Dryer,1,11.46,5,11.46,10.89,Credit Card,3.0
ORD103354,2024-05-23,CUST00441,45.0,Female,North,Beauty,Perfume,2,35.21,5,70.42,66.9,Credit Card,3.0
ORD103353,2024-05-23,CUST00631,18.0,Female,South,Sports & Outdoors,Dumbbell Set,1,179.9,10,179.9,161.91,Credit Card,2.0
ORD103350,2024-05-23,CUST01170,63.0,Male,West,Books,Biography,2,7.44,0,14.88,14.88,Cash on Delivery,3.0
ORD103351,2024-05-23,CUST00269,39.0,Male,North,Electronics,Laptop Stand,1,77.68,0,77.68,77.68,Credit Card,5.0
ORD103349,2024-05-23,CUST00973,59.0,Female,South,Home & Kitchen,Throw Pillow,2,118.07,5,236.14,224.33,UPI,3.0
ORD103352,2024-05-23,CUST00011,54.0,Male,North,Home & Kitchen,Throw Pillow,2,75.96,0,151.92,151.92,Debit Card,4.0
ORD103361,2024-05-24,CUST00899,48.0,Male,North,Electronics,USB-C Cable,1,52.05,0,52.05,52.05,Debit Card,4.0
ORD103362,2024-05-24,CUST01164,33.0,Female,East,Sports & Outdoors,Dumbbell Set,1,146.85,5,146.85,139.51,Credit Card,4.0
ORD103360,2024-05-24,CUST01139,18.0,Male,East,Apparel,Baseball Cap,1,99.39,0,99.39,99.39,UPI,5.0
ORD103358,2024-05-24,CUST00084,26.0,Female,North,Electronics,Smartwatch,1,231.44,0,231.44,231.44,UPI,4.0
ORD103357,2024-05-24,CUST00703,35.0,Female,South,Electronics,USB-C Cable,2,180.74,0,361.48,361.48,Debit Card,4.0
ORD103359,2024-05-24,CUST00725,43.0,Female,East,Beauty,Face Moisturizer,1,77.71,0,77.71,77.71,Cash on Delivery,3.0
ORD103370,2024-05-25,CUST00784,34.0,Female,West,Home & Kitchen,Cutlery Set,1,102.06,0,102.06,102.06,Credit Card,3.0
ORD103363,2024-05-25,CUST00006,49.0,Female,Central,Electronics,Power Bank,1,91.95,0,91.95,91.95,UPI,4.0
ORD103364,2024-05-25,CUST00578,18.0,Male,West,Apparel,Running Shoes,1,114.28,5,114.28,108.57,Credit Card,3.0
ORD103365,2024-05-25,CUST00006,49.0,Female,West,Apparel,Winter Jacket,3,50.31,15,150.93,128.29,UPI,3.0
ORD103366,2024-05-25,CUST01081,41.0,Female,Central,Apparel,Running Shoes,1,101.81,0,101.81,101.81,Credit Card,3.0
ORD103367,2024-05-25,CUST01079,51.0,Female,South,Electronics,USB-C Cable,1,126.29,15,126.29,107.35,Cash on Delivery,2.0
ORD103368,2024-05-25,CUST00259,49.0,Female,West,Sports & Outdoors,Cycling Helmet,1,112.23,0,112.23,112.23,Credit Card,3.0
ORD103369,2024-05-25,CUST00648,34.0,Female,West,Beauty,Sunscreen SPF50,1,14.61,0,14.61,14.61,UPI,3.0
ORD103371,2024-05-25,CUST00728,40.0,Male,West,Electronics,Smartwatch,3,103.84,0,311.52,311.52,Cash on Delivery,4.0
ORD103372,2024-05-25,CUST01003,20.0,Female,Central,Apparel,Women's Jeans,2,83.65,5,167.3,158.94,Debit Card,3.0
ORD103373,2024-05-25,CUST00606,49.0,Male,West,Beauty,Hair Dryer,1,67.47,10,67.47,60.72,Debit Card,2.0
ORD103376,2024-05-26,CUST00345,34.0,Male,South,Electronics,Smartwatch,1,80.75,0,80.75,80.75,UPI,4.0
ORD103377,2024-05-26,CUST00064,31.0,Male,West,Beauty,Facial Serum,1,63.64,0,63.64,63.64,UPI,4.0
ORD103374,2024-05-26,CUST00393,35.0,Male,South,Electronics,Smartphone Case,2,98.35,0,196.7,196.7,Debit Card,3.0
ORD103375,2024-05-26,CUST00845,35.0,Female,South,Electronics,Bluetooth Speaker,1,133.43,10,133.43,120.09,Credit Card,5.0
ORD103383,2024-05-27,CUST00261,56.0,Male,North,Apparel,Winter Jacket,2,99.41,15,198.82,169.0,Debit Card,4.0
ORD103382,2024-05-27,CUST01122,18.0,Female,South,Books,Business Book,1,30.74,0,30.74,30.74,Credit Card,4.0
ORD103381,2024-05-27,CUST00443,27.0,Female,East,Sports & Outdoors,Tennis Racket,1,137.13,15,137.13,116.56,Debit Card,3.0
ORD103379,2024-05-27,CUST00284,21.0,Female,West,Electronics,Smartwatch,5,199.32,0,996.6,996.6,Debit Card,5.0
ORD103378,2024-05-27,CUST00315,26.0,Male,Central,Electronics,Webcam,1,230.19,0,230.19,230.19,UPI,5.0
ORD103380,2024-05-27,CUST00398,35.0,Female,South,Electronics,Webcam,1,95.79,0,95.79,95.79,Credit Card,5.0
ORD103384,2024-05-28,CUST00930,49.0,Female,North,Sports & Outdoors,Cycling Helmet,1,187.46,0,187.46,187.46,Credit Card,3.0
ORD103385,2024-05-28,CUST00931,61.0,Female,South,Beauty,Shampoo,1,29.47,25,29.47,22.1,UPI,5.0
ORD103386,2024-05-28,CUST01027,37.0,Female,North,Apparel,Formal Shirt,1,18.72,0,18.72,18.72,Debit Card,3.0
ORD103387,2024-05-28,CUST00148,40.0,Female,West,Apparel,Running Shoes,1,116.27,0,116.27,116.27,Cash on Delivery,2.0
ORD103393,2024-05-29,CUST00700,38.0,Male,South,Sports & Outdoors,Cycling Helmet,1,106.7,0,106.7,106.7,Cash on Delivery,4.0
ORD103388,2024-05-29,CUST00956,36.0,Female,North,Apparel,Winter Jacket,1,12.74,0,12.74,12.74,Cash on Delivery,4.0
ORD103389,2024-05-29,CUST00264,50.0,Female,East,Apparel,Winter Jacket,5,114.39,10,571.95,514.75,UPI,3.0
ORD103390,2024-05-29,CUST00760,43.0,Male,East,Books,Children's Storybook,3,11.65,0,34.95,34.95,Credit Card,3.0
ORD103391,2024-05-29,CUST00649,35.0,Male,North,Apparel,Men's T-Shirt,2,71.78,15,143.56,122.03,Credit Card,4.0
ORD103392,2024-05-29,CUST00470,36.0,Female,West,Electronics,USB-C Cable,2,62.87,0,125.74,125.74,UPI,4.0
ORD103400,2024-05-30,CUST00519,44.0,Male,Central,Electronics,Power Bank,1,162.63,0,162.63,162.63,UPI,5.0
ORD103397,2024-05-30,CUST00789,41.0,Other,,Home & Kitchen,LED Desk Lamp,1,103.53,0,103.53,103.53,UPI,3.0
ORD103402,2024-05-30,CUST00602,27.0,Other,Central,Electronics,Smartwatch,1,205.15,10,205.15,184.63,UPI,2.0
ORD103401,2024-05-30,CUST00820,28.0,Male,,Electronics,Wireless Earbuds,3,226.21,0,678.63,678.63,Cash on Delivery,3.0
ORD103399,2024-05-30,CUST00356,29.0,Female,South,Beauty,Shampoo,2,43.71,0,87.42,87.42,UPI,4.0
ORD103396,2024-05-30,CUST00022,25.0,Male,West,Home & Kitchen,Coffee Maker,2,17.29,15,34.58,29.39,UPI,4.0
ORD103395,2024-05-30,CUST01091,41.0,Male,North,Apparel,Baseball Cap,1,71.06,0,71.06,71.06,Credit Card,3.0
ORD103394,2024-05-30,CUST00767,51.0,Male,North,Home & Kitchen,Cutlery Set,1,107.78,0,107.78,107.78,Debit Card,3.0
ORD103398,2024-05-30,CUST00640,18.0,Female,South,Books,Cookbook,5,27.74,5,138.7,131.76,Credit Card,3.0
ORD103403,2024-05-31,CUST00379,29.0,Male,Central,Home & Kitchen,Throw Pillow,1,63.42,0,63.42,63.42,UPI,4.0
ORD103404,2024-05-31,CUST00099,25.0,Male,North,Apparel,Running Shoes,2,37.06,10,74.12,66.71,Net Banking,3.0
ORD103405,2024-05-31,CUST00246,31.0,Male,East,Electronics,Bluetooth Speaker,2,21.69,20,43.38,34.7,UPI,5.0
ORD103406,2024-05-31,CUST00573,41.0,Female,North,Home & Kitchen,Air Fryer,3,30.16,20,90.48,72.38,Cash on Delivery,2.0
ORD103407,2024-05-31,CUST00286,32.0,Male,South,Electronics,Wireless Earbuds,1,39.49,5,39.49,37.52,Credit Card,4.0
ORD103408,2024-06-01,CUST00339,42.0,Female,South,Electronics,Webcam,1,72.86,0,72.86,72.86,Debit Card,4.0
ORD103409,2024-06-01,CUST00777,34.0,Male,East,Books,Children's Storybook,1,19.26,10,19.26,17.33,Credit Card,4.0
ORD103410,2024-06-01,CUST00428,28.0,Male,South,Apparel,Formal Shirt,4,75.09,0,300.36,300.36,UPI,5.0
ORD103411,2024-06-01,CUST00246,31.0,Male,South,Electronics,USB-C Cable,1,241.61,15,241.61,205.37,Credit Card,4.0
ORD103415,2024-06-02,CUST00450,44.0,Male,South,Beauty,Nail Polish,1,62.84,0,62.84,62.84,Debit Card,4.0
ORD103414,2024-06-02,CUST00037,24.0,Female,Central,Home & Kitchen,Storage Bins,1,90.87,10,90.87,81.78,UPI,3.0
ORD103413,2024-06-02,CUST00588,52.0,Female,Central,Home & Kitchen,Storage Bins,1,114.47,0,114.47,114.47,Credit Card,2.0
ORD103412,2024-06-02,CUST00515,38.0,Male,West,Electronics,Bluetooth Speaker,1,165.41,0,165.41,165.41,Credit Card,5.0
ORD103416,2024-06-03,CUST00906,29.0,Female,East,Electronics,Smartphone Case,1,83.59,0,83.59,83.59,Debit Card,3.0
ORD103417,2024-06-03,CUST00089,34.0,Female,South,Home & Kitchen,LED Desk Lamp,1,33.87,0,33.87,33.87,UPI,4.0
ORD103418,2024-06-03,CUST00944,51.0,Male,Central,Electronics,USB-C Cable,1,32.05,20,32.05,25.64,Debit Card,3.0
ORD103419,2024-06-03,CUST00922,35.0,Female,East,Apparel,Winter Jacket,1,31.84,0,31.84,31.84,Debit Card,
ORD103420,2024-06-03,CUST00396,46.0,Other,East,Apparel,Women's Jeans,1,61.74,0,61.74,61.74,UPI,4.0
ORD103421,2024-06-03,CUST00883,48.0,Male,East,Electronics,Smartwatch,3,201.92,0,605.76,605.76,Credit Card,3.0
ORD103422,2024-06-03,CUST00952,45.0,Male,South,Beauty,Face Moisturizer,1,47.15,0,47.15,47.15,UPI,4.0
ORD103423,2024-06-03,CUST00909,23.0,Female,Central,Sports & Outdoors,Water Bottle,1,156.95,0,156.95,156.95,UPI,3.0
ORD103424,2024-06-03,CUST00905,47.0,Female,East,Home & Kitchen,Coffee Maker,1,145.95,0,145.95,145.95,Debit Card,4.0
ORD103425,2024-06-03,CUST01015,20.0,Female,West,Home & Kitchen,Blender,1,142.53,10,142.53,128.28,UPI,4.0
ORD103429,2024-06-04,CUST01112,42.0,Male,North,Beauty,Perfume,2,58.38,0,116.76,116.76,Credit Card,3.0
ORD103428,2024-06-04,CUST00612,45.0,Female,West,Electronics,Bluetooth Speaker,2,84.29,20,168.58,134.86,UPI,4.0
ORD103430,2024-06-04,CUST00837,23.0,Female,Central,Electronics,Power Bank,1,40.24,15,40.24,34.2,UPI,3.0
ORD103426,2024-06-04,CUST00421,40.0,Female,South,Electronics,Smartphone Case,1,114.72,0,114.72,114.72,Net Banking,5.0
ORD103427,2024-06-04,CUST01063,27.0,Male,South,Electronics,Bluetooth Speaker,1,236.36,0,236.36,236.36,Debit Card,3.0
ORD103431,2024-06-04,CUST00304,21.0,Female,Central,Electronics,Power Bank,1,186.75,0,186.75,186.75,Debit Card,5.0
ORD103436,2024-06-05,CUST00339,42.0,Female,Central,Electronics,Power Bank,1,197.8,0,197.8,197.8,Credit Card,
ORD103435,2024-06-05,CUST00933,24.0,Male,South,Apparel,Winter Jacket,1,72.96,0,72.96,72.96,Credit Card,4.0
ORD103437,2024-06-05,CUST00314,35.0,Male,North,Books,Fiction Novel,1,34.37,0,34.37,34.37,Credit Card,4.0
ORD103433,2024-06-05,CUST00169,51.0,Female,East,Books,Biography,1,37.02,15,37.02,31.47,Credit Card,4.0
ORD103432,2024-06-05,CUST01109,37.0,Male,North,Home & Kitchen,Coffee Maker,1,110.7,0,110.7,110.7,Credit Card,5.0
ORD103434,2024-06-05,CUST00963,37.0,Male,South,Sports & Outdoors,Cycling Helmet,1,25.76,0,25.76,25.76,UPI,4.0
ORD103443,2024-06-06,CUST01140,56.0,Female,West,Sports & Outdoors,Camping Tent,1,173.78,15,173.78,147.71,UPI,5.0
ORD103440,2024-06-06,CUST00645,37.0,Male,North,Beauty,Lipstick Set,1,72.94,0,72.94,72.94,Credit Card,4.0
ORD103444,2024-06-06,CUST00275,44.0,Male,South,Apparel,Women's Jeans,1,83.55,15,83.55,71.02,Debit Card,1.0
ORD103442,2024-06-06,CUST00581,18.0,Female,South,Apparel,Winter Jacket,1,28.5,0,28.5,28.5,UPI,2.0
ORD103439,2024-06-06,CUST00319,29.0,Female,East,Beauty,Sunscreen SPF50,1,67.59,0,67.59,67.59,Credit Card,5.0
ORD103441,2024-06-06,CUST00592,36.0,Female,North,Home & Kitchen,Throw Pillow,1,173.41,0,173.41,173.41,Credit Card,4.0
ORD103438,2024-06-06,CUST00766,18.0,Male,North,Apparel,Wool Sweater,4,110.08,0,440.32,440.32,Debit Card,2.0
ORD103450,2024-06-07,CUST00598,41.0,Female,North,Apparel,Women's Jeans,5,94.72,0,473.6,473.6,Credit Card,3.0
ORD103449,2024-06-07,CUST00892,29.0,Male,Central,Beauty,Shampoo,3,72.55,10,217.65,195.89,Cash on Delivery,3.0
ORD103448,2024-06-07,CUST00480,52.0,Female,South,Electronics,Smartphone Case,2,81.43,15,162.86,138.43,Net Banking,4.0
ORD103451,2024-06-07,CUST00066,21.0,Female,West,Home & Kitchen,Throw Pillow,1,114.5,10,114.5,103.05,Credit Card,5.0
ORD103446,2024-06-07,CUST00805,27.0,Female,South,Home & Kitchen,Air Fryer,1,134.67,0,134.67,134.67,Net Banking,3.0
ORD103445,2024-06-07,CUST00090,25.0,Female,East,Apparel,Baseball Cap,3,59.73,15,179.19,152.31,Cash on Delivery,4.0
ORD103447,2024-06-07,CUST00088,28.0,Female,East,Electronics,Smartwatch,1,43.33,0,43.33,43.33,Credit Card,3.0
ORD103452,2024-06-08,CUST00331,54.0,Female,North,Apparel,Men's T-Shirt,2,79.17,0,158.34,158.34,Debit Card,5.0
ORD103453,2024-06-08,CUST01137,40.0,Female,North,Apparel,Formal Shirt,1,60.23,0,60.23,60.23,Credit Card,3.0
ORD103454,2024-06-08,CUST00466,,Female,,Sports & Outdoors,Yoga Mat,1,22.39,0,22.39,22.39,Cash on Delivery,3.0
ORD103455,2024-06-08,CUST00025,27.0,Female,East,Apparel,Wool Sweater,1,99.01,15,99.01,84.16,UPI,4.0
ORD103456,2024-06-09,CUST00849,18.0,Female,Central,Apparel,Running Shoes,3,32.48,0,97.44,97.44,Credit Card,3.0
ORD103457,2024-06-09,CUST00971,32.0,Female,North,Home & Kitchen,Non-stick Pan,1,152.02,10,152.02,136.82,Credit Card,3.0
ORD103463,2024-06-10,CUST00732,40.0,Male,North,Sports & Outdoors,Yoga Mat,1,22.37,0,22.37,22.37,Debit Card,3.0
ORD103462,2024-06-10,CUST01199,48.0,Female,South,Sports & Outdoors,Tennis Racket,1,64.4,10,64.4,57.96,Debit Card,2.0
ORD103461,2024-06-10,CUST00265,41.0,Female,West,Beauty,Sunscreen SPF50,2,29.5,0,59.0,59.0,Debit Card,4.0
ORD103459,2024-06-10,CUST00372,18.0,Female,East,Electronics,Laptop Stand,3,21.85,20,65.55,52.44,UPI,4.0
ORD103458,2024-06-10,CUST00035,38.0,Male,North,Sports & Outdoors,Hiking Backpack,1,82.02,10,82.02,73.82,Debit Card,5.0
ORD103460,2024-06-10,CUST00962,,Male,North,Apparel,Baseball Cap,1,46.78,10,46.78,42.1,UPI,3.0
ORD103464,2024-06-11,CUST00291,72.0,Male,East,Sports & Outdoors,Yoga Mat,1,11.69,0,11.69,11.69,Net Banking,4.0
ORD103465,2024-06-11,CUST00593,55.0,Female,North,Books,Self-Help Guide,1,38.54,0,38.54,38.54,Credit Card,3.0
ORD103466,2024-06-11,CUST01130,35.0,Female,Central,Electronics,USB-C Cable,2,139.32,25,278.64,208.98,Cash on Delivery,5.0
ORD103467,2024-06-11,CUST01112,42.0,Male,South,Home & Kitchen,Coffee Maker,1,69.16,0,69.16,69.16,Debit Card,4.0
ORD103468,2024-06-11,CUST00384,40.0,Other,Central,Home & Kitchen,Throw Pillow,1,67.89,15,67.89,57.71,UPI,3.0
ORD103469,2024-06-11,CUST00064,31.0,Male,West,Sports & Outdoors,Water Bottle,1,149.87,0,149.87,149.87,UPI,3.0
ORD103470,2024-06-12,CUST00733,36.0,Female,West,Electronics,Laptop Stand,2,152.21,0,304.42,304.42,UPI,4.0
ORD103471,2024-06-12,CUST00330,26.0,Male,East,Apparel,Men's T-Shirt,1,87.61,0,87.61,87.61,Credit Card,4.0
ORD103472,2024-06-12,CUST00020,55.0,Female,North,Electronics,Smartwatch,1,80.32,15,80.32,68.27,UPI,4.0
ORD103473,2024-06-12,CUST00270,36.0,Male,North,Books,Comic Book,2,16.7,10,33.4,30.06,Debit Card,4.0
ORD103474,2024-06-12,CUST01058,20.0,Female,East,Beauty,Nail Polish,1,67.16,0,67.16,67.16,UPI,4.0
ORD103475,2024-06-12,CUST00054,19.0,Female,South,Beauty,Sunscreen SPF50,1,83.83,0,83.83,83.83,UPI,3.0
ORD103476,2024-06-12,CUST00048,39.0,Male,East,Electronics,Webcam,1,174.73,0,174.73,174.73,Credit Card,4.0
ORD103483,2024-06-13,CUST00879,32.0,Female,Central,Beauty,Perfume,1,46.02,20,46.02,36.82,Debit Card,3.0
ORD103484,2024-06-13,CUST00507,35.0,Female,South,Beauty,Facial Serum,1,70.98,0,70.98,70.98,Net Banking,3.0
ORD103481,2024-06-13,CUST00031,18.0,Female,South,Beauty,Face Moisturizer,2,89.63,0,179.26,179.26,Credit Card,5.0
ORD103482,2024-06-13,CUST00200,39.0,Female,West,Beauty,Lipstick Set,2,68.45,0,136.9,136.9,Cash on Delivery,4.0
ORD103479,2024-06-13,CUST00013,47.0,Female,,Apparel,Men's T-Shirt,3,79.97,5,239.91,227.91,Debit Card,5.0
ORD103480,2024-06-13,CUST00887,18.0,Male,East,Electronics,Bluetooth Speaker,1,193.57,0,193.57,193.57,Cash on Delivery,5.0
ORD103478,2024-06-13,CUST00866,49.0,Female,North,Home & Kitchen,Cutlery Set,1,117.61,0,117.61,117.61,UPI,3.0
ORD103477,2024-06-13,CUST01130,35.0,Female,South,Apparel,Men's T-Shirt,2,107.36,0,214.72,214.72,UPI,5.0
ORD103488,2024-06-14,CUST01036,36.0,Female,North,Apparel,Running Shoes,1,58.74,0,58.74,58.74,UPI,2.0
ORD103487,2024-06-14,CUST00771,18.0,Female,South,Home & Kitchen,Storage Bins,1,171.28,0,171.28,171.28,Credit Card,4.0
ORD103489,2024-06-14,CUST00172,58.0,Male,North,Apparel,Men's T-Shirt,1,89.06,0,89.06,89.06,Debit Card,4.0
ORD103485,2024-06-14,CUST00016,18.0,Male,Central,Beauty,Sunscreen SPF50,2,43.46,0,86.92,86.92,Credit Card,3.0
ORD103486,2024-06-14,CUST00251,35.0,Female,,Home & Kitchen,Non-stick Pan,1,94.64,0,94.64,94.64,UPI,3.0
ORD103490,2024-06-15,CUST00627,23.0,Female,North,Electronics,Smartphone Case,1,80.56,0,80.56,80.56,Debit Card,4.0
ORD103491,2024-06-15,CUST01063,27.0,Male,East,Beauty,Lipstick Set,2,28.71,0,57.42,57.42,Credit Card,3.0
ORD103492,2024-06-15,CUST00869,41.0,Male,North,Apparel,Yoga Pants,3,11.05,0,33.15,33.15,Debit Card,5.0
ORD103493,2024-06-15,CUST01116,24.0,Female,North,Apparel,Women's Jeans,1,19.42,0,19.42,19.42,Cash on Delivery,3.0
ORD103494,2024-06-15,CUST00858,19.0,Female,East,Apparel,Formal Shirt,1,61.46,5,61.46,58.39,Debit Card,5.0
ORD103495,2024-06-15,CUST00925,40.0,Male,Central,Electronics,Webcam,1,139.55,0,139.55,139.55,Cash on Delivery,4.0
ORD103500,2024-06-16,CUST00679,69.0,Female,North,Beauty,Shampoo,2,44.3,0,88.6,88.6,Credit Card,5.0
ORD103499,2024-06-16,CUST00378,28.0,Other,West,Beauty,Nail Polish,1,50.22,0,50.22,50.22,Debit Card,4.0
ORD103501,2024-06-16,CUST00944,51.0,Male,Central,Apparel,Women's Jeans,1,76.31,0,76.31,76.31,Net Banking,4.0
ORD103497,2024-06-16,CUST00956,36.0,Female,South,Books,Biography,1,34.38,15,34.38,29.22,UPI,4.0
ORD103496,2024-06-16,CUST00804,26.0,Female,East,Beauty,Facial Serum,1,61.32,20,61.32,49.06,UPI,4.0
ORD103498,2024-06-16,CUST00506,27.0,Female,Central,Sports & Outdoors,Water Bottle,1,93.37,0,93.37,93.37,Credit Card,4.0
ORD103502,2024-06-17,CUST00457,18.0,Female,North,Home & Kitchen,Storage Bins,1,89.55,0,89.55,89.55,Cash on Delivery,3.0
ORD103503,2024-06-17,CUST00860,40.0,Female,Central,Electronics,Bluetooth Speaker,2,227.44,0,454.88,454.88,UPI,3.0
ORD103504,2024-06-17,CUST00174,37.0,Male,South,Beauty,Sunscreen SPF50,1,30.19,10,30.19,27.17,Debit Card,2.0
ORD103505,2024-06-17,CUST00880,30.0,Other,West,Apparel,Yoga Pants,1,11.08,0,11.08,11.08,Debit Card,5.0
ORD103506,2024-06-17,CUST00897,35.0,Male,Central,Home & Kitchen,LED Desk Lamp,3,69.27,0,207.81,207.81,Net Banking,5.0
ORD103512,2024-06-18,CUST00617,44.0,Female,South,Apparel,Formal Shirt,1,57.55,10,57.55,51.79,UPI,4.0
ORD103511,2024-06-18,CUST01051,44.0,Male,East,Electronics,USB-C Cable,1,124.73,10,124.73,112.26,Credit Card,3.0
ORD103510,2024-06-18,CUST01123,36.0,Male,West,Apparel,Women's Jeans,2,22.55,0,45.1,45.1,Credit Card,2.0
ORD103508,2024-06-18,CUST00471,21.0,Male,Central,Electronics,Laptop Stand,1,101.06,0,101.06,101.06,Credit Card,4.0
ORD103507,2024-06-18,CUST00543,43.0,Female,North,Sports & Outdoors,Camping Tent,4,196.65,10,786.6,707.94,Debit Card,3.0
ORD103509,2024-06-18,CUST00941,18.0,Male,West,Sports & Outdoors,Resistance Bands,1,46.62,0,46.62,46.62,Credit Card,2.0
ORD103513,2024-06-19,CUST01078,38.0,Male,Central,Electronics,Webcam,1,79.39,0,79.39,79.39,Credit Card,3.0
ORD103514,2024-06-19,CUST00323,25.0,Male,West,Electronics,Smartwatch,3,188.72,15,566.16,481.24,Credit Card,3.0
ORD103515,2024-06-19,CUST00475,34.0,Other,West,Apparel,Wool Sweater,1,92.09,0,92.09,92.09,Credit Card,5.0
ORD103516,2024-06-19,CUST00417,37.0,Female,North,Sports & Outdoors,Water Bottle,1,142.57,5,142.57,135.44,UPI,3.0
ORD103523,2024-06-20,CUST00004,40.0,Male,North,Beauty,Nail Polish,3,73.98,0,221.94,221.94,UPI,
ORD103526,2024-06-20,CUST00687,31.0,Male,South,Apparel,Yoga Pants,1,95.36,15,95.36,81.06,Credit Card,2.0
ORD103525,2024-06-20,CUST00593,55.0,Female,West,Beauty,Facial Serum,2,8.04,10,16.08,14.47,Debit Card,5.0
ORD103524,2024-06-20,CUST00123,31.0,Female,South,Electronics,Bluetooth Speaker,1,213.55,10,213.55,192.19,UPI,3.0
ORD103522,2024-06-20,CUST01050,49.0,Male,South,Home & Kitchen,Cutlery Set,1,32.5,0,32.5,32.5,Credit Card,4.0
ORD103518,2024-06-20,CUST00278,28.0,Female,South,Home & Kitchen,Non-stick Pan,1,179.05,0,179.05,179.05,Credit Card,4.0
ORD103520,2024-06-20,CUST00180,41.0,Male,Central,Beauty,Lipstick Set,1,44.58,0,44.58,44.58,Cash on Delivery,2.0
ORD103519,2024-06-20,CUST00555,18.0,Male,West,Apparel,Winter Jacket,1,79.58,0,79.58,79.58,UPI,5.0
ORD103521,2024-06-20,CUST00954,49.0,Female,North,Home & Kitchen,Blender,1,130.5,20,130.5,104.4,Credit Card,4.0
ORD103517,2024-06-20,CUST01093,46.0,Male,North,Electronics,Wireless Earbuds,1,185.71,10,185.71,167.14,UPI,3.0
ORD103537,2024-06-21,CUST00510,,Male,South,Home & Kitchen,Non-stick Pan,1,67.42,0,67.42,67.42,Credit Card,4.0
ORD103536,2024-06-21,CUST01001,33.0,Female,West,Apparel,Women's Jeans,1,117.21,10,117.21,105.49,Net Banking,4.0
ORD103535,2024-06-21,CUST00796,22.0,Female,East,Electronics,Webcam,1,35.27,0,35.27,35.27,UPI,4.0
ORD103534,2024-06-21,CUST01024,51.0,Female,East,Apparel,Wool Sweater,1,55.07,15,55.07,46.81,Credit Card,5.0
ORD103533,2024-06-21,CUST00987,30.0,Male,East,Electronics,Smartphone Case,1,207.13,20,207.13,165.7,Credit Card,4.0
ORD103532,2024-06-21,CUST00399,33.0,Male,North,Apparel,Formal Shirt,1,31.11,15,31.11,26.44,Debit Card,5.0
ORD103531,2024-06-21,CUST00741,37.0,Male,South,Electronics,Laptop Stand,1,134.96,0,134.96,134.96,Credit Card,5.0
ORD103530,2024-06-21,CUST00934,28.0,Female,South,Apparel,Wool Sweater,2,63.63,5,127.26,120.9,Debit Card,3.0
ORD103529,2024-06-21,CUST00098,44.0,Male,West,Electronics,Bluetooth Speaker,3,42.59,10,127.77,114.99,Debit Card,4.0
ORD103528,2024-06-21,CUST00846,18.0,Male,East,Home & Kitchen,Cutlery Set,1,135.49,0,135.49,135.49,Credit Card,5.0
ORD103527,2024-06-21,CUST00761,29.0,Male,North,Home & Kitchen,Non-stick Pan,1,101.35,15,101.35,86.15,Credit Card,4.0
ORD103538,2024-06-22,CUST00788,38.0,Male,West,Sports & Outdoors,Hiking Backpack,1,149.26,10,149.26,134.33,UPI,2.0
ORD103539,2024-06-22,CUST00712,18.0,Female,South,Electronics,Smartwatch,3,45.01,20,135.03,108.02,UPI,4.0
ORD103543,2024-06-23,CUST01199,48.0,Female,South,Apparel,Yoga Pants,1,93.6,0,93.6,93.6,Debit Card,5.0
ORD103542,2024-06-23,CUST00830,40.0,Female,East,Home & Kitchen,Coffee Maker,1,60.87,0,60.87,60.87,UPI,2.0
ORD103541,2024-06-23,CUST00484,31.0,Female,South,Home & Kitchen,LED Desk Lamp,1,104.33,0,104.33,104.33,Debit Card,5.0
ORD103540,2024-06-23,CUST00625,36.0,Male,Central,Electronics,Power Bank,1,179.78,0,179.78,179.78,UPI,3.0
ORD103544,2024-06-24,CUST01106,50.0,Female,North,Apparel,Men's T-Shirt,2,74.27,0,148.54,148.54,Debit Card,4.0
ORD103545,2024-06-24,CUST00782,43.0,Male,East,Beauty,Nail Polish,1,36.76,0,36.76,36.76,Credit Card,4.0
ORD103546,2024-06-24,CUST01176,36.0,Female,North,Home & Kitchen,Air Fryer,1,44.2,15,44.2,37.57,Cash on Delivery,2.0
ORD103547,2024-06-24,CUST00716,61.0,Female,West,Home & Kitchen,Non-stick Pan,1,128.51,10,128.51,115.66,Debit Card,3.0
ORD103556,2024-06-25,CUST00209,25.0,Female,North,Apparel,Men's T-Shirt,1,20.49,0,20.49,20.49,Credit Card,3.0
ORD103555,2024-06-25,CUST01066,18.0,Female,Central,Electronics,Smartwatch,1,81.49,0,81.49,81.49,Credit Card,4.0
ORD103554,2024-06-25,CUST00571,18.0,Male,North,Apparel,Baseball Cap,1,64.36,10,64.36,57.92,Credit Card,2.0
ORD103553,2024-06-25,CUST00877,39.0,Female,East,Sports & Outdoors,Water Bottle,2,16.07,0,32.14,32.14,Credit Card,4.0
ORD103551,2024-06-25,CUST00610,30.0,Other,East,Home & Kitchen,Coffee Maker,1,20.62,0,20.62,20.62,Credit Card,
ORD103550,2024-06-25,CUST00868,18.0,Male,South,Electronics,Wireless Earbuds,1,55.37,0,55.37,55.37,UPI,2.0
ORD103549,2024-06-25,CUST01173,19.0,Male,Central,Electronics,Smartphone Case,1,101.26,0,101.26,101.26,Cash on Delivery,3.0
ORD103548,2024-06-25,CUST00829,20.0,Female,Central,Home & Kitchen,Non-stick Pan,1,88.18,10,88.18,79.36,UPI,4.0
ORD103552,2024-06-25,CUST00965,24.0,Female,South,Apparel,Yoga Pants,3,69.35,15,208.05,176.84,Credit Card,2.0
ORD103562,2024-06-26,CUST00220,30.0,Male,Central,Beauty,Lipstick Set,2,28.97,5,57.94,55.04,Credit Card,2.0
ORD103563,2024-06-26,CUST01055,30.0,Female,Central,Books,Mystery Thriller,1,27.77,0,27.77,27.77,UPI,4.0
ORD103564,2024-06-26,CUST01078,38.0,Male,Central,Apparel,Yoga Pants,2,80.46,0,160.92,160.92,Cash on Delivery,3.0
ORD103561,2024-06-26,CUST00174,37.0,Male,West,Home & Kitchen,Coffee Maker,1,140.58,0,140.58,140.58,Debit Card,3.0
ORD103558,2024-06-26,CUST00646,41.0,Male,West,Electronics,Laptop Stand,1,225.15,5,225.15,213.89,Credit Card,4.0
ORD103559,2024-06-26,CUST01136,41.0,Male,Central,Electronics,Webcam,1,239.33,20,239.33,191.46,Cash on Delivery,3.0
ORD103557,2024-06-26,CUST00998,43.0,Female,South,Apparel,Yoga Pants,1,69.56,10,69.56,62.6,Cash on Delivery,5.0
ORD103560,2024-06-26,CUST00624,45.0,Female,North,Apparel,Baseball Cap,1,64.39,0,64.39,64.39,Debit Card,3.0
ORD103565,2024-06-27,CUST00992,32.0,Male,East,Apparel,Formal Shirt,1,49.33,0,49.33,49.33,Credit Card,3.0
ORD103566,2024-06-27,CUST00346,19.0,Male,South,Electronics,Wireless Earbuds,1,97.39,0,97.39,97.39,Credit Card,3.0
ORD103567,2024-06-27,CUST01188,30.0,Male,South,Sports & Outdoors,Resistance Bands,3,122.07,0,366.21,366.21,Debit Card,3.0
ORD103568,2024-06-27,CUST00627,23.0,Female,North,Sports & Outdoors,Cycling Helmet,1,172.02,10,172.02,154.82,Cash on Delivery,3.0
ORD103569,2024-06-27,CUST00336,34.0,Male,North,Sports & Outdoors,Camping Tent,1,31.69,10,31.69,28.52,Debit Card,
ORD103570,2024-06-27,CUST00513,31.0,Female,Central,Apparel,Yoga Pants,1,10.46,0,10.46,10.46,Debit Card,4.0
ORD103571,2024-06-27,CUST00557,43.0,Female,North,Apparel,Formal Shirt,1,53.21,0,53.21,53.21,Credit Card,4.0
ORD103572,2024-06-27,CUST00558,45.0,Female,South,Electronics,Bluetooth Speaker,1,173.08,0,173.08,173.08,Credit Card,3.0
ORD103573,2024-06-27,CUST00875,18.0,Male,Central,Home & Kitchen,LED Desk Lamp,1,177.99,0,177.99,177.99,Cash on Delivery,3.0
ORD103574,2024-06-28,CUST00117,38.0,Male,Central,Electronics,Power Bank,1,36.24,0,36.24,36.24,UPI,3.0
ORD103579,2024-06-29,CUST01088,35.0,Female,West,Sports & Outdoors,Cycling Helmet,1,191.18,0,191.18,191.18,Cash on Delivery,3.0
ORD103577,2024-06-29,CUST00006,49.0,Female,South,Electronics,Bluetooth Speaker,2,195.1,0,390.2,390.2,Cash on Delivery,4.0
ORD103578,2024-06-29,CUST00692,18.0,Male,East,Electronics,Webcam,1,94.53,20,94.53,75.62,UPI,
ORD103575,2024-06-29,CUST00162,28.0,Male,West,Beauty,Facial Serum,1,32.89,5,32.89,31.25,UPI,3.0
ORD103576,2024-06-29,CUST00181,35.0,Female,North,Apparel,Formal Shirt,1,95.81,0,95.81,95.81,Credit Card,3.0
ORD103580,2024-06-30,CUST00481,35.0,Female,East,Home & Kitchen,Air Fryer,2,159.0,5,318.0,302.1,Cash on Delivery,3.0
ORD103581,2024-06-30,CUST00089,34.0,Female,South,Electronics,Wireless Earbuds,1,108.39,0,108.39,108.39,Net Banking,2.0
ORD103582,2024-06-30,CUST01068,35.0,Female,South,Beauty,Shampoo,1,49.11,0,49.11,49.11,Net Banking,2.0
ORD103583,2024-06-30,CUST00290,32.0,Male,West,Home & Kitchen,Coffee Maker,1,75.03,0,75.03,75.03,UPI,4.0
ORD103584,2024-06-30,CUST00078,29.0,Female,Central,Electronics,Power Bank,2,160.95,0,321.9,321.9,UPI,2.0
ORD103592,2024-07-01,CUST00615,35.0,Female,West,Home & Kitchen,Throw Pillow,1,37.77,0,37.77,37.77,Debit Card,3.0
ORD103591,2024-07-01,CUST00614,18.0,Male,East,Electronics,Power Bank,1,97.32,0,97.32,97.32,Cash on Delivery,2.0
ORD103590,2024-07-01,CUST00056,21.0,Female,North,Sports & Outdoors,Cycling Helmet,1,137.81,0,137.81,137.81,UPI,4.0
ORD103589,2024-07-01,CUST00619,29.0,Female,East,Beauty,Nail Polish,2,18.61,0,37.22,37.22,Cash on Delivery,3.0
ORD103586,2024-07-01,CUST00265,41.0,Female,West,Apparel,Winter Jacket,1,50.35,20,50.35,40.28,Debit Card,5.0
ORD103587,2024-07-01,CUST00281,58.0,Female,West,Sports & Outdoors,Resistance Bands,1,109.73,10,109.73,98.76,Cash on Delivery,3.0
ORD103585,2024-07-01,CUST00040,26.0,Male,North,Home & Kitchen,Throw Pillow,2,85.81,0,171.62,171.62,Credit Card,4.0
ORD103588,2024-07-01,CUST01026,53.0,Male,East,Electronics,Power Bank,1,110.43,15,110.43,93.87,Net Banking,5.0
ORD103597,2024-07-02,CUST00380,42.0,Female,North,Apparel,Winter Jacket,1,54.78,0,54.78,54.78,Debit Card,4.0
ORD103596,2024-07-02,CUST00462,57.0,Male,North,Electronics,Power Bank,1,90.13,15,90.13,76.61,Debit Card,4.0
ORD103594,2024-07-02,CUST00210,22.0,Male,West,Electronics,Bluetooth Speaker,2,178.79,5,357.58,339.7,Debit Card,4.0
ORD103593,2024-07-02,CUST00955,37.0,Female,South,Books,Biography,4,36.16,0,144.64,144.64,Credit Card,3.0
ORD103595,2024-07-02,CUST00812,42.0,Female,North,Sports & Outdoors,Hiking Backpack,2,192.85,0,385.7,385.7,Cash on Delivery,3.0
ORD103605,2024-07-03,CUST00624,45.0,Female,North,Books,Fiction Novel,1,36.09,0,36.09,36.09,Credit Card,3.0
ORD103598,2024-07-03,CUST01122,18.0,Female,West,Electronics,Laptop Stand,1,242.85,15,242.85,206.42,UPI,4.0
ORD103599,2024-07-03,CUST00294,,Male,South,Apparel,Baseball Cap,1,96.82,0,96.82,96.82,UPI,5.0
ORD103600,2024-07-03,CUST00896,36.0,Male,West,Beauty,Sunscreen SPF50,1,50.18,0,50.18,50.18,UPI,3.0
ORD103601,2024-07-03,CUST00816,37.0,Female,West,Home & Kitchen,Coffee Maker,5,27.37,0,136.85,136.85,Cash on Delivery,4.0
ORD103602,2024-07-03,CUST00257,36.0,Male,West,Apparel,Formal Shirt,1,56.15,5,56.15,53.34,Debit Card,4.0
ORD103603,2024-07-03,CUST00765,46.0,Male,North,Apparel,Baseball Cap,1,72.95,0,72.95,72.95,Debit Card,3.0
ORD103604,2024-07-03,CUST01077,44.0,Male,East,Electronics,Smartphone Case,2,62.86,0,125.72,125.72,Credit Card,4.0
ORD103606,2024-07-04,CUST00760,43.0,Male,North,Apparel,Men's T-Shirt,2,91.02,10,182.04,163.84,Net Banking,3.0
ORD103607,2024-07-04,CUST00258,52.0,Female,South,Electronics,Bluetooth Speaker,1,73.4,0,73.4,73.4,Net Banking,5.0
ORD103608,2024-07-04,CUST00630,30.0,Male,South,Beauty,Sunscreen SPF50,4,67.62,15,270.48,229.91,UPI,4.0
ORD103609,2024-07-04,CUST00727,18.0,Other,Central,Beauty,Shampoo,1,48.34,5,48.34,45.92,Cash on Delivery,5.0
ORD103610,2024-07-04,CUST00726,48.0,Female,South,Home & Kitchen,Air Fryer,2,147.27,10,294.54,265.09,Credit Card,4.0
ORD103611,2024-07-05,CUST00606,49.0,Male,South,Books,Cookbook,2,35.08,0,70.16,70.16,Credit Card,3.0
ORD103616,2024-07-06,CUST00903,47.0,Male,East,Apparel,Women's Jeans,1,93.86,20,93.86,75.09,UPI,3.0
ORD103617,2024-07-06,CUST00193,25.0,Male,East,Books,Fiction Novel,3,28.03,0,84.09,84.09,Credit Card,3.0
ORD103615,2024-07-06,CUST00695,39.0,Male,West,Electronics,Smartphone Case,1,65.41,0,65.41,65.41,Credit Card,4.0
ORD103613,2024-07-06,CUST01134,29.0,Female,South,Electronics,Smartphone Case,1,185.1,0,185.1,185.1,Debit Card,5.0
ORD103612,2024-07-06,CUST01028,32.0,Female,South,Electronics,Bluetooth Speaker,1,208.25,0,208.25,208.25,UPI,5.0
ORD103614,2024-07-06,CUST00751,31.0,Female,South,Electronics,Power Bank,1,111.95,0,111.95,111.95,Credit Card,4.0
ORD103618,2024-07-07,CUST00567,28.0,Male,East,Apparel,Yoga Pants,2,109.77,0,219.54,219.54,UPI,4.0
ORD103619,2024-07-07,CUST00360,34.0,Male,West,Home & Kitchen,Throw Pillow,2,132.44,0,264.88,264.88,UPI,5.0
ORD103620,2024-07-07,CUST00155,41.0,Male,North,Beauty,Facial Serum,2,59.41,0,118.82,118.82,Credit Card,4.0
ORD103621,2024-07-07,CUST00433,33.0,Female,Central,Electronics,Wireless Earbuds,1,52.81,0,52.81,52.81,UPI,4.0
ORD103622,2024-07-07,CUST00978,42.0,Male,South,Apparel,Winter Jacket,2,11.89,10,23.78,21.4,UPI,4.0
ORD103623,2024-07-07,CUST01114,18.0,Female,South,Electronics,USB-C Cable,2,122.15,0,244.3,244.3,Credit Card,4.0
ORD103624,2024-07-07,CUST00994,43.0,Female,Central,Apparel,Winter Jacket,2,119.84,5,239.68,227.7,Debit Card,3.0
ORD103625,2024-07-07,CUST00309,31.0,Female,East,Sports & Outdoors,Dumbbell Set,2,172.92,15,345.84,293.96,UPI,3.0
ORD103629,2024-07-08,CUST00398,35.0,Female,Central,Apparel,Yoga Pants,1,17.78,0,17.78,17.78,Debit Card,
ORD103626,2024-07-08,CUST00807,53.0,Male,South,Home & Kitchen,Throw Pillow,2,12.57,5,25.14,23.88,Credit Card,4.0
ORD103627,2024-07-08,CUST00174,37.0,Male,South,Beauty,Hair Dryer,2,12.01,0,24.02,24.02,UPI,5.0
ORD103628,2024-07-08,CUST01185,25.0,Female,East,Electronics,Power Bank,2,162.77,0,325.54,325.54,Net Banking,3.0
ORD103630,2024-07-08,CUST00843,39.0,Male,East,Home & Kitchen,Throw Pillow,1,35.91,0,35.91,35.91,Net Banking,5.0
ORD103632,2024-07-09,CUST00341,30.0,Female,South,Home & Kitchen,Air Fryer,1,84.23,0,84.23,84.23,Cash on Delivery,3.0
ORD103631,2024-07-09,CUST00177,44.0,Male,Central,Electronics,Wireless Earbuds,1,126.36,0,126.36,126.36,UPI,5.0
ORD103633,2024-07-10,CUST00872,35.0,Male,,Apparel,Wool Sweater,1,13.96,0,13.96,13.96,Credit Card,4.0
ORD103642,2024-07-11,CUST00080,22.0,Male,South,Electronics,Laptop Stand,1,42.12,0,42.12,42.12,UPI,4.0
ORD103641,2024-07-11,CUST00051,35.0,Male,East,Home & Kitchen,Cutlery Set,1,154.81,0,154.81,154.81,Credit Card,3.0
ORD103640,2024-07-11,CUST00191,28.0,Male,South,Apparel,Yoga Pants,1,74.71,10,74.71,67.24,Credit Card,3.0
ORD103639,2024-07-11,CUST00338,32.0,Male,South,Apparel,Men's T-Shirt,2,99.26,5,198.52,188.59,Credit Card,4.0
ORD103635,2024-07-11,CUST00618,55.0,Male,West,Sports & Outdoors,Hiking Backpack,3,145.59,0,436.77,436.77,Credit Card,3.0
ORD103637,2024-07-11,CUST00794,32.0,Male,South,Apparel,Baseball Cap,3,16.24,0,48.72,48.72,Credit Card,4.0
ORD103636,2024-07-11,CUST00245,38.0,Female,South,Sports & Outdoors,Camping Tent,1,139.89,0,139.89,139.89,UPI,2.0
ORD103634,2024-07-11,CUST00060,25.0,Female,West,Electronics,Webcam,2,128.42,25,256.84,192.63,Credit Card,4.0
ORD103638,2024-07-11,CUST00159,20.0,Female,West,Home & Kitchen,Cutlery Set,1,120.69,5,120.69,114.66,Credit Card,4.0
ORD103643,2024-07-12,CUST00040,26.0,Male,Central,Electronics,Webcam,1,171.86,0,171.86,171.86,Debit Card,4.0
ORD103644,2024-07-12,CUST00930,49.0,Female,West,Home & Kitchen,Storage Bins,1,115.3,0,115.3,115.3,Credit Card,4.0
ORD103645,2024-07-12,CUST00234,38.0,Male,West,Electronics,Wireless Earbuds,2,224.04,5,448.08,425.68,UPI,4.0
ORD103646,2024-07-12,CUST00151,33.0,Male,West,Apparel,Winter Jacket,1,115.09,0,115.09,115.09,Credit Card,
ORD103647,2024-07-12,CUST00603,51.0,Male,South,Sports & Outdoors,Cycling Helmet,1,33.77,10,33.77,30.39,Credit Card,5.0
ORD103648,2024-07-12,CUST00071,39.0,Male,East,Apparel,Running Shoes,1,32.04,0,32.04,32.04,Debit Card,2.0
ORD103649,2024-07-12,CUST01044,21.0,Male,South,Home & Kitchen,Coffee Maker,1,34.55,0,34.55,34.55,UPI,4.0
ORD103658,2024-07-13,CUST00185,27.0,Female,North,Home & Kitchen,Storage Bins,1,27.27,15,27.27,23.18,Credit Card,4.0
ORD103657,2024-07-13,CUST00139,40.0,Male,North,Electronics,Wireless Earbuds,3,189.33,0,567.99,567.99,Credit Card,3.0
ORD103656,2024-07-13,CUST00473,59.0,Male,South,Electronics,Laptop Stand,2,126.93,0,253.86,253.86,Net Banking,5.0
ORD103655,2024-07-13,CUST00745,35.0,Female,South,Apparel,Women's Jeans,1,62.81,0,62.81,62.81,Credit Card,2.0
ORD103653,2024-07-13,CUST00607,35.0,Female,West,Electronics,Smartphone Case,1,69.62,0,69.62,69.62,Debit Card,3.0
ORD103652,2024-07-13,CUST00080,22.0,Male,East,Beauty,Hair Dryer,1,45.47,25,45.47,34.1,Debit Card,4.0
ORD103651,2024-07-13,CUST00993,32.0,Female,South,Apparel,Wool Sweater,1,92.09,0,92.09,92.09,Credit Card,2.0
ORD103650,2024-07-13,CUST00172,58.0,Male,North,Home & Kitchen,Cutlery Set,1,51.51,10,51.51,46.36,Credit Card,3.0
ORD103654,2024-07-13,CUST01148,51.0,Male,South,Home & Kitchen,LED Desk Lamp,1,129.73,25,129.73,97.3,UPI,3.0
ORD103667,2024-07-14,CUST00909,23.0,Female,West,Books,Self-Help Guide,3,8.37,0,25.11,25.11,Cash on Delivery,4.0
ORD103659,2024-07-14,CUST00911,18.0,Male,Central,Beauty,Face Moisturizer,1,47.67,25,47.67,35.75,Credit Card,4.0
ORD103660,2024-07-14,CUST00490,28.0,Female,South,Beauty,Shampoo,1,79.91,0,79.91,79.91,Cash on Delivery,3.0
ORD103661,2024-07-14,CUST00542,30.0,Other,Central,Beauty,Nail Polish,3,33.68,0,101.04,101.04,UPI,4.0
ORD103662,2024-07-14,CUST01028,32.0,Female,North,Beauty,Perfume,1,67.67,0,67.67,67.67,Credit Card,2.0
ORD103663,2024-07-14,CUST01183,53.0,Male,East,Electronics,USB-C Cable,1,94.4,0,94.4,94.4,Credit Card,5.0
ORD103664,2024-07-14,CUST00383,59.0,Male,,Apparel,Women's Jeans,3,21.48,0,64.44,64.44,Credit Card,4.0
ORD103665,2024-07-14,CUST00567,28.0,Male,East,Electronics,Wireless Earbuds,1,181.65,0,181.65,181.65,Credit Card,5.0
ORD103666,2024-07-14,CUST00704,18.0,Male,East,Electronics,Power Bank,1,228.28,0,228.28,228.28,Cash on Delivery,3.0
ORD103669,2024-07-15,CUST00255,26.0,Male,North,Sports & Outdoors,Yoga Mat,1,145.03,20,145.03,116.02,Credit Card,3.0
ORD103670,2024-07-15,CUST00608,36.0,Male,South,Home & Kitchen,Coffee Maker,1,146.48,0,146.48,146.48,Debit Card,3.0
ORD103668,2024-07-15,CUST00486,22.0,Female,South,Home & Kitchen,Blender,1,24.33,0,24.33,24.33,Cash on Delivery,
ORD103681,2024-07-16,CUST00506,27.0,Female,East,Apparel,Winter Jacket,1,49.32,0,49.32,49.32,Debit Card,3.0
ORD103678,2024-07-16,CUST00146,48.0,Female,West,Sports & Outdoors,Cycling Helmet,1,85.25,10,85.25,76.73,Debit Card,4.0
ORD103680,2024-07-16,CUST00924,50.0,Male,North,Home & Kitchen,Air Fryer,1,53.53,0,53.53,53.53,Credit Card,3.0
ORD103679,2024-07-16,CUST00562,44.0,Male,West,Home & Kitchen,Non-stick Pan,1,14.91,15,14.91,12.67,Credit Card,4.0
ORD103677,2024-07-16,CUST00051,35.0,Male,South,Electronics,USB-C Cable,2,228.69,25,457.38,343.04,Debit Card,3.0
ORD103671,2024-07-16,CUST00017,28.0,Male,West,Electronics,Smartphone Case,1,48.28,0,48.28,48.28,Debit Card,5.0
ORD103675,2024-07-16,CUST00694,18.0,Male,Central,Electronics,Smartphone Case,2,57.41,0,114.82,114.82,Credit Card,3.0
ORD103674,2024-07-16,CUST01086,30.0,Female,North,Books,Business Book,1,25.87,15,25.87,21.99,Credit Card,3.0
ORD103673,2024-07-16,CUST00236,44.0,Male,West,Electronics,Bluetooth Speaker,1,232.06,0,232.06,232.06,Cash on Delivery,2.0
ORD103672,2024-07-16,CUST00588,52.0,Female,North,Electronics,Laptop Stand,1,30.77,0,30.77,30.77,UPI,1.0
ORD103676,2024-07-16,CUST01082,50.0,Female,East,Apparel,Formal Shirt,5,39.78,0,198.9,198.9,Net Banking,4.0
ORD103682,2024-07-17,CUST00304,21.0,Female,West,Sports & Outdoors,Tennis Racket,1,164.37,0,164.37,164.37,Net Banking,3.0
ORD103683,2024-07-17,CUST00296,38.0,Male,Central,Apparel,Women's Jeans,1,112.04,0,112.04,112.04,Cash on Delivery,2.0
ORD103684,2024-07-17,CUST00528,32.0,Male,West,Home & Kitchen,Coffee Maker,1,124.17,15,124.17,105.54,UPI,4.0
ORD103685,2024-07-17,CUST01051,44.0,Male,Central,Home & Kitchen,Throw Pillow,1,74.93,0,74.93,74.93,Cash on Delivery,4.0
ORD103686,2024-07-17,CUST00288,47.0,Female,North,Electronics,Power Bank,1,81.22,10,81.22,73.1,Debit Card,5.0
ORD103687,2024-07-17,CUST00476,18.0,Female,Central,Apparel,Yoga Pants,2,117.06,5,234.12,222.41,Debit Card,4.0
ORD103696,2024-07-19,CUST00706,38.0,Male,West,Apparel,Yoga Pants,1,117.06,0,117.06,117.06,Credit Card,2.0
ORD103695,2024-07-19,CUST00727,18.0,Other,East,Electronics,Webcam,1,128.56,0,128.56,128.56,UPI,4.0
ORD103693,2024-07-19,CUST01150,31.0,Female,Central,Electronics,Webcam,1,211.4,0,211.4,211.4,Debit Card,5.0
ORD103692,2024-07-19,CUST00343,28.0,Male,North,Sports & Outdoors,Camping Tent,1,50.72,25,50.72,38.04,Credit Card,5.0
ORD103694,2024-07-19,CUST01156,27.0,Female,Central,Electronics,USB-C Cable,1,156.15,0,156.15,156.15,Debit Card,4.0
ORD103690,2024-07-19,CUST00862,29.0,Male,Central,Sports & Outdoors,Resistance Bands,2,186.79,0,373.58,373.58,Debit Card,5.0
ORD103689,2024-07-19,CUST00366,20.0,Female,South,Beauty,Lipstick Set,2,42.22,0,84.44,84.44,Net Banking,3.0
ORD103688,2024-07-19,CUST01016,43.0,Female,West,Sports & Outdoors,Yoga Mat,2,16.53,25,33.06,24.8,Credit Card,3.0
ORD103691,2024-07-19,CUST01060,62.0,Female,Central,Electronics,Smartphone Case,1,172.42,5,172.42,163.8,UPI,4.0
ORD103697,2024-07-20,CUST00018,22.0,Female,North,Home & Kitchen,LED Desk Lamp,1,113.66,25,113.66,85.24,UPI,5.0
ORD103698,2024-07-20,CUST00429,47.0,Female,West,Electronics,Smartwatch,1,53.11,0,53.11,53.11,Cash on Delivery,4.0
ORD103699,2024-07-20,CUST01145,48.0,Female,Central,Home & Kitchen,Storage Bins,1,102.68,0,102.68,102.68,UPI,4.0
ORD103700,2024-07-20,CUST01179,24.0,Female,South,Apparel,Winter Jacket,2,16.57,20,33.14,26.51,Credit Card,4.0
ORD103709,2024-07-21,CUST00100,36.0,Female,South,Electronics,Smartwatch,1,197.59,0,197.59,197.59,Credit Card,3.0
ORD103708,2024-07-21,CUST00696,28.0,Female,East,Books,Comic Book,2,7.47,0,14.94,14.94,Credit Card,4.0
ORD103707,2024-07-21,CUST00848,44.0,Female,Central,Apparel,Women's Jeans,2,50.39,0,100.78,100.78,Credit Card,4.0
ORD103706,2024-07-21,CUST01117,38.0,Female,Central,Sports & Outdoors,Camping Tent,2,117.69,0,235.38,235.38,Credit Card,5.0
ORD103702,2024-07-21,CUST00934,28.0,Female,North,Sports & Outdoors,Hiking Backpack,1,72.57,0,72.57,72.57,UPI,2.0
ORD103704,2024-07-21,CUST00652,32.0,Male,West,Home & Kitchen,Throw Pillow,1,163.48,0,163.48,163.48,Credit Card,5.0
ORD103703,2024-07-21,CUST00258,52.0,Female,North,Home & Kitchen,Storage Bins,4,114.64,5,458.56,435.63,Cash on Delivery,2.0
ORD103701,2024-07-21,CUST01186,38.0,Male,West,Beauty,Perfume,1,52.7,0,52.7,52.7,Credit Card,4.0
ORD103705,2024-07-21,CUST00732,40.0,Male,East,Sports & Outdoors,Dumbbell Set,1,11.44,0,11.44,11.44,Credit Card,3.0
ORD103713,2024-07-22,CUST00260,40.0,Female,South,Home & Kitchen,Storage Bins,1,95.31,0,95.31,95.31,Debit Card,4.0
ORD103712,2024-07-22,CUST00486,22.0,Female,West,Beauty,Sunscreen SPF50,1,21.66,0,21.66,21.66,Debit Card,5.0
ORD103710,2024-07-22,CUST01092,19.0,Female,Central,Apparel,Wool Sweater,1,20.77,5,20.77,19.73,Debit Card,5.0
ORD103711,2024-07-22,CUST00914,58.0,Female,South,Apparel,Men's T-Shirt,1,30.25,0,30.25,30.25,UPI,5.0
ORD103714,2024-07-23,CUST00371,39.0,Male,North,Sports & Outdoors,Dumbbell Set,1,17.03,0,17.03,17.03,Debit Card,4.0
ORD103715,2024-07-23,CUST01193,36.0,Female,East,Electronics,Webcam,1,18.73,5,18.73,17.79,Debit Card,4.0
ORD103716,2024-07-23,CUST00019,49.0,Female,North,Sports & Outdoors,Dumbbell Set,1,121.76,0,121.76,121.76,Debit Card,3.0
ORD103717,2024-07-23,CUST00638,40.0,Male,Central,Sports & Outdoors,Yoga Mat,1,35.62,25,35.62,26.72,UPI,2.0
ORD103721,2024-07-24,CUST01140,56.0,Female,South,Beauty,Perfume,2,25.74,0,51.48,51.48,Debit Card,4.0
ORD103718,2024-07-24,CUST00472,36.0,Female,East,Home & Kitchen,Non-stick Pan,1,77.14,0,77.14,77.14,UPI,
ORD103719,2024-07-24,CUST01098,27.0,Female,Central,Electronics,Wireless Earbuds,1,226.29,0,226.29,226.29,Credit Card,4.0
ORD103720,2024-07-24,CUST00852,18.0,Male,West,Electronics,Power Bank,2,166.03,0,332.06,332.06,Credit Card,3.0
ORD103722,2024-07-25,CUST01094,46.0,Male,East,Electronics,Webcam,2,51.37,0,102.74,102.74,UPI,4.0
ORD103723,2024-07-25,CUST01108,52.0,Male,,Electronics,Smartphone Case,1,134.53,15,134.53,114.35,Debit Card,5.0
ORD103724,2024-07-25,CUST01152,28.0,Male,South,Apparel,Winter Jacket,1,63.74,0,63.74,63.74,Credit Card,4.0
ORD103733,2024-07-26,CUST00520,35.0,Female,West,Apparel,Yoga Pants,3,49.18,0,147.54,147.54,UPI,3.0
ORD103728,2024-07-26,CUST01038,21.0,Female,North,Electronics,Bluetooth Speaker,1,80.58,0,80.58,80.58,Cash on Delivery,4.0
ORD103735,2024-07-26,CUST00331,54.0,Female,East,Home & Kitchen,Blender,2,105.59,0,211.18,211.18,UPI,4.0
ORD103732,2024-07-26,CUST00504,32.0,Male,Central,Home & Kitchen,LED Desk Lamp,1,173.36,0,173.36,173.36,UPI,5.0
ORD103734,2024-07-26,CUST00655,32.0,Female,Central,Apparel,Baseball Cap,3,40.15,10,120.45,108.41,Credit Card,3.0
ORD103731,2024-07-26,CUST00130,38.0,Male,West,Home & Kitchen,LED Desk Lamp,1,121.35,5,121.35,115.28,Cash on Delivery,4.0
ORD103727,2024-07-26,CUST00724,32.0,Female,West,Beauty,Hair Dryer,1,38.72,10,38.72,34.85,UPI,4.0
ORD103729,2024-07-26,CUST00566,42.0,Other,Central,Beauty,Hair Dryer,1,82.22,0,82.22,82.22,Net Banking,4.0
ORD103726,2024-07-26,CUST00436,37.0,Male,West,Beauty,Nail Polish,1,31.67,0,31.67,31.67,Net Banking,3.0
ORD103725,2024-07-26,CUST00590,51.0,Female,South,Beauty,Shampoo,2,46.78,0,93.56,93.56,Credit Card,2.0
ORD103730,2024-07-26,CUST00688,31.0,Male,North,Apparel,Men's T-Shirt,1,98.34,15,98.34,83.59,Debit Card,4.0
ORD103740,2024-07-27,CUST00228,30.0,Female,Central,Sports & Outdoors,Resistance Bands,1,168.33,5,168.33,159.91,Cash on Delivery,2.0
ORD103736,2024-07-27,CUST01030,24.0,Male,West,Electronics,Bluetooth Speaker,1,74.94,0,74.94,74.94,Debit Card,5.0
ORD103737,2024-07-27,CUST00407,37.0,Female,West,Home & Kitchen,Throw Pillow,1,160.87,15,160.87,136.74,Debit Card,3.0
ORD103738,2024-07-27,CUST00017,28.0,Male,South,Beauty,Perfume,1,73.34,0,73.34,73.34,Debit Card,3.0
ORD103739,2024-07-27,CUST00317,29.0,Female,Central,Beauty,Face Moisturizer,1,68.03,15,68.03,57.83,UPI,3.0
ORD103742,2024-07-28,CUST00706,38.0,Male,South,Beauty,Lipstick Set,1,27.72,0,27.72,27.72,Cash on Delivery,5.0
ORD103743,2024-07-28,CUST01190,42.0,Male,Central,Apparel,Winter Jacket,2,101.4,15,202.8,172.38,Credit Card,5.0
ORD103741,2024-07-28,CUST00656,51.0,Male,North,Apparel,Wool Sweater,1,85.96,5,85.96,81.66,Cash on Delivery,5.0
ORD103744,2024-07-28,CUST01157,26.0,Male,East,Home & Kitchen,Cutlery Set,1,17.76,0,17.76,17.76,Credit Card,3.0
ORD103745,2024-07-29,CUST00876,35.0,Male,East,Electronics,Smartwatch,2,35.03,15,70.06,59.55,Debit Card,4.0
ORD103746,2024-07-29,CUST00584,18.0,Female,North,Home & Kitchen,Cutlery Set,1,77.02,0,77.02,77.02,UPI,4.0
ORD103748,2024-07-30,CUST00319,29.0,Female,Central,Apparel,Women's Jeans,1,105.3,0,105.3,105.3,Credit Card,4.0
ORD103747,2024-07-30,CUST01008,34.0,Male,North,Apparel,Winter Jacket,1,27.74,0,27.74,27.74,Cash on Delivery,3.0
ORD103749,2024-07-30,CUST00369,27.0,Female,South,Books,Comic Book,1,11.61,0,11.61,11.61,UPI,4.0
ORD103753,2024-07-31,CUST00421,40.0,Female,West,Apparel,Formal Shirt,1,108.45,10,108.45,97.61,Credit Card,3.0
ORD103754,2024-07-31,CUST00243,18.0,Female,East,Apparel,Formal Shirt,1,91.44,0,91.44,91.44,UPI,4.0
ORD103755,2024-07-31,CUST00973,59.0,Female,West,Apparel,Wool Sweater,2,18.38,0,36.76,36.76,Credit Card,5.0
ORD103752,2024-07-31,CUST00054,19.0,Female,South,Apparel,Women's Jeans,1,43.33,0,43.33,43.33,UPI,4.0
ORD103750,2024-07-31,CUST00710,52.0,Male,North,Home & Kitchen,LED Desk Lamp,3,123.02,0,369.06,369.06,Credit Card,2.0
ORD103751,2024-07-31,CUST00235,47.0,Male,South,Home & Kitchen,Non-stick Pan,2,16.76,0,33.52,33.52,Credit Card,3.0
ORD103756,2024-08-01,CUST00861,38.0,Male,East,Beauty,Perfume,1,42.42,20,42.42,33.94,Cash on Delivery,4.0
ORD103757,2024-08-01,CUST00216,31.0,Male,South,Home & Kitchen,Coffee Maker,2,89.49,0,178.98,178.98,Debit Card,3.0
ORD103758,2024-08-01,CUST00096,27.0,Male,West,Apparel,Formal Shirt,1,79.1,10,79.1,71.19,Cash on Delivery,2.0
ORD103759,2024-08-02,CUST01158,24.0,Female,Central,Beauty,Shampoo,1,44.79,0,44.79,44.79,Credit Card,5.0
ORD103760,2024-08-02,CUST01165,47.0,Female,Central,Apparel,Women's Jeans,1,49.08,15,49.08,41.72,Cash on Delivery,5.0
ORD103761,2024-08-02,CUST00797,18.0,Female,West,Home & Kitchen,Cutlery Set,2,88.25,0,176.5,176.5,Credit Card,3.0
ORD103762,2024-08-02,CUST00635,31.0,Male,West,Electronics,USB-C Cable,2,204.92,0,409.84,409.84,Debit Card,3.0
ORD103768,2024-08-03,CUST00857,39.0,Male,North,Beauty,Hair Dryer,1,88.55,10,88.55,79.69,UPI,2.0
ORD103767,2024-08-03,CUST00889,34.0,Male,South,Home & Kitchen,Cutlery Set,1,32.49,0,32.49,32.49,Cash on Delivery,5.0
ORD103766,2024-08-03,CUST00207,18.0,Female,West,Electronics,Webcam,1,159.31,0,159.31,159.31,Debit Card,4.0
ORD103763,2024-08-03,CUST01032,21.0,Female,North,Electronics,Smartphone Case,1,199.0,0,199.0,199.0,Credit Card,3.0
ORD103764,2024-08-03,CUST00870,27.0,Male,North,Apparel,Running Shoes,2,91.81,0,183.62,183.62,UPI,3.0
ORD103765,2024-08-03,CUST00472,36.0,Female,North,Books,Business Book,2,18.72,0,37.44,37.44,Debit Card,4.0
ORD103774,2024-08-04,CUST00556,60.0,Male,South,Apparel,Winter Jacket,1,21.14,0,21.14,21.14,Credit Card,
ORD103776,2024-08-04,CUST00726,48.0,Female,East,Home & Kitchen,Storage Bins,1,135.05,20,135.05,108.04,Credit Card,3.0
ORD103775,2024-08-04,CUST01136,41.0,Male,West,Sports & Outdoors,Yoga Mat,1,22.11,0,22.11,22.11,UPI,4.0
ORD103773,2024-08-04,CUST00606,49.0,Male,Central,Home & Kitchen,Throw Pillow,4,67.56,10,270.24,243.22,UPI,4.0
ORD103772,2024-08-04,CUST00270,36.0,Male,East,Electronics,Wireless Earbuds,1,142.66,0,142.66,142.66,Debit Card,3.0
ORD103771,2024-08-04,CUST00657,28.0,Female,South,Apparel,Winter Jacket,1,33.44,0,33.44,33.44,UPI,5.0
ORD103770,2024-08-04,CUST00896,36.0,Male,East,Home & Kitchen,Air Fryer,1,109.59,10,109.59,98.63,Credit Card,3.0
ORD103769,2024-08-04,CUST01067,18.0,Male,South,Electronics,Smartwatch,1,60.75,0,60.75,60.75,Credit Card,3.0
ORD103777,2024-08-05,CUST00905,47.0,Female,North,Apparel,Wool Sweater,1,106.54,10,106.54,95.89,Debit Card,5.0
ORD103778,2024-08-05,CUST00433,33.0,Female,Central,Home & Kitchen,Cutlery Set,1,107.31,0,107.31,107.31,Credit Card,5.0
ORD103779,2024-08-05,CUST00462,57.0,Male,West,Electronics,Bluetooth Speaker,2,232.89,0,465.78,465.78,Debit Card,4.0
ORD103780,2024-08-05,CUST00679,69.0,Female,South,Apparel,Yoga Pants,1,61.96,0,61.96,61.96,Credit Card,5.0
ORD103781,2024-08-05,CUST01100,58.0,Female,East,Electronics,Power Bank,2,148.91,0,297.82,297.82,UPI,5.0
ORD103789,2024-08-06,CUST00227,44.0,Female,East,Electronics,Bluetooth Speaker,1,171.98,0,171.98,171.98,Net Banking,3.0
ORD103788,2024-08-06,CUST00212,41.0,Male,South,Home & Kitchen,Blender,2,17.79,0,35.58,35.58,UPI,5.0
ORD103787,2024-08-06,CUST00441,45.0,Female,West,Beauty,Hair Dryer,5,9.67,0,48.35,48.35,UPI,3.0
ORD103786,2024-08-06,CUST00839,41.0,Female,Central,Electronics,Laptop Stand,2,85.68,0,171.36,171.36,UPI,4.0
ORD103782,2024-08-06,CUST00517,38.0,Female,South,Electronics,Bluetooth Speaker,1,182.88,5,182.88,173.74,Net Banking,5.0
ORD103784,2024-08-06,CUST00485,29.0,Male,North,Apparel,Running Shoes,4,48.91,0,195.64,195.64,UPI,3.0
ORD103783,2024-08-06,CUST00915,18.0,Female,North,Apparel,Men's T-Shirt,2,13.83,0,27.66,27.66,Credit Card,5.0
ORD103785,2024-08-06,CUST00572,40.0,Female,North,Electronics,Bluetooth Speaker,1,216.7,25,216.7,162.52,Cash on Delivery,5.0
ORD103794,2024-08-07,CUST00820,28.0,Male,North,Beauty,Face Moisturizer,2,68.83,0,137.66,137.66,UPI,4.0
ORD103793,2024-08-07,CUST00750,46.0,Male,East,Sports & Outdoors,Camping Tent,1,49.28,0,49.28,49.28,UPI,3.0
ORD103790,2024-08-07,CUST00731,22.0,Male,East,Beauty,Sunscreen SPF50,3,41.04,0,123.12,123.12,Debit Card,3.0
ORD103791,2024-08-07,CUST00158,18.0,Female,South,Beauty,Nail Polish,1,34.64,0,34.64,34.64,Credit Card,2.0
ORD103792,2024-08-07,CUST00929,38.0,Male,East,Apparel,Running Shoes,2,10.76,0,21.52,21.52,Debit Card,4.0
ORD103795,2024-08-08,CUST00510,18.0,Male,South,Apparel,Wool Sweater,2,107.69,0,215.38,215.38,Credit Card,1.0
ORD103796,2024-08-08,CUST00304,21.0,Female,Central,Sports & Outdoors,Yoga Mat,2,33.46,0,66.92,66.92,Debit Card,2.0
ORD103797,2024-08-09,CUST00526,39.0,Male,North,Home & Kitchen,Air Fryer,1,78.13,0,78.13,78.13,UPI,3.0
ORD103798,2024-08-09,CUST00201,35.0,Male,East,Apparel,Formal Shirt,2,25.36,0,50.72,50.72,Debit Card,3.0
ORD103809,2024-08-10,CUST00980,57.0,Male,West,Apparel,Men's T-Shirt,2,29.09,15,58.18,49.45,Debit Card,
ORD103808,2024-08-10,CUST00432,18.0,Male,South,Beauty,Lipstick Set,1,17.01,0,17.01,17.01,Credit Card,3.0
ORD103807,2024-08-10,CUST00949,38.0,Female,South,Electronics,Bluetooth Speaker,1,32.28,15,32.28,27.44,UPI,2.0
ORD103806,2024-08-10,CUST00612,45.0,Female,East,Beauty,Facial Serum,1,67.79,0,67.79,67.79,UPI,5.0
ORD103805,2024-08-10,CUST00922,35.0,Female,West,Electronics,Wireless Earbuds,1,104.25,0,104.25,104.25,Credit Card,5.0
ORD103802,2024-08-10,CUST00332,31.0,Male,Central,Home & Kitchen,Throw Pillow,1,150.09,0,150.09,150.09,Credit Card,4.0
ORD103803,2024-08-10,CUST00905,47.0,Female,South,Beauty,Shampoo,1,22.87,0,22.87,22.87,Debit Card,5.0
ORD103801,2024-08-10,CUST00199,27.0,Female,Central,Books,Fiction Novel,2,20.2,5,40.4,38.38,Cash on Delivery,3.0
ORD103800,2024-08-10,CUST00942,30.0,Male,North,Apparel,Women's Jeans,1,23.21,0,23.21,23.21,UPI,3.0
ORD103799,2024-08-10,CUST01093,46.0,Male,South,Books,Business Book,1,33.88,5,33.88,32.19,Debit Card,4.0
ORD103804,2024-08-10,CUST00255,26.0,Male,South,Beauty,Nail Polish,1,56.71,15,56.71,48.2,Credit Card,5.0
ORD103813,2024-08-11,CUST00537,36.0,Male,Central,Home & Kitchen,Throw Pillow,2,81.76,5,163.52,155.34,UPI,4.0
ORD103812,2024-08-11,CUST00870,27.0,Male,West,Apparel,Women's Jeans,1,14.18,0,14.18,14.18,Credit Card,4.0
ORD103810,2024-08-11,CUST00834,33.0,Male,Central,Electronics,Smartwatch,1,23.26,0,23.26,23.26,Cash on Delivery,4.0
ORD103811,2024-08-11,CUST00857,39.0,Male,Central,Electronics,Laptop Stand,1,90.54,0,90.54,90.54,Credit Card,4.0
ORD103814,2024-08-12,CUST00718,23.0,Male,Central,Apparel,Wool Sweater,1,100.81,0,100.81,100.81,Credit Card,
ORD103815,2024-08-12,CUST00198,31.0,Male,West,Electronics,Bluetooth Speaker,1,126.94,0,126.94,126.94,Credit Card,3.0
ORD103816,2024-08-12,CUST00436,37.0,Male,North,Apparel,Women's Jeans,2,110.23,5,220.46,209.44,Debit Card,3.0
ORD103817,2024-08-12,CUST00303,19.0,Female,East,Apparel,Yoga Pants,1,23.97,0,23.97,23.97,UPI,4.0
ORD103818,2024-08-13,CUST00826,58.0,Male,East,Sports & Outdoors,Hiking Backpack,2,104.57,5,209.14,198.68,UPI,3.0
ORD103819,2024-08-13,CUST00391,20.0,Female,North,Home & Kitchen,Coffee Maker,1,25.43,0,25.43,25.43,UPI,5.0
ORD103820,2024-08-13,CUST00505,33.0,Other,West,Apparel,Formal Shirt,2,80.89,25,161.78,121.34,Debit Card,3.0
ORD103821,2024-08-13,CUST00607,,Female,West,Sports & Outdoors,Resistance Bands,1,169.58,5,169.58,161.1,UPI,
ORD103822,2024-08-14,CUST00855,18.0,Female,West,Home & Kitchen,Blender,1,95.73,0,95.73,95.73,UPI,4.0
ORD103823,2024-08-14,CUST00760,43.0,Male,Central,Electronics,Smartphone Case,1,50.17,0,50.17,50.17,Credit Card,2.0
ORD103824,2024-08-14,CUST00278,28.0,Female,North,Books,Biography,1,10.3,0,10.3,10.3,UPI,4.0
ORD103825,2024-08-14,CUST00314,35.0,Male,West,Electronics,Webcam,1,71.55,15,71.55,60.82,Cash on Delivery,2.0
ORD103829,2024-08-15,CUST00308,32.0,Male,South,Apparel,Yoga Pants,3,49.4,0,148.2,148.2,Debit Card,2.0
ORD103828,2024-08-15,CUST00654,24.0,Female,East,Sports & Outdoors,Tennis Racket,1,43.9,5,43.9,41.71,Debit Card,2.0
ORD103830,2024-08-15,CUST00147,40.0,Female,East,Sports & Outdoors,Dumbbell Set,2,37.97,0,75.94,75.94,UPI,4.0
ORD103826,2024-08-15,CUST00096,27.0,Male,South,Apparel,Men's T-Shirt,1,111.02,0,111.02,111.02,Debit Card,5.0
ORD103827,2024-08-15,CUST01191,27.0,Female,South,Apparel,Yoga Pants,1,23.81,0,23.81,23.81,UPI,4.0
ORD103831,2024-08-16,CUST00882,25.0,Male,North,Electronics,Laptop Stand,1,72.14,10,72.14,64.93,UPI,5.0
ORD103832,2024-08-16,CUST00339,42.0,Female,South,Electronics,Smartphone Case,1,171.15,0,171.15,171.15,Debit Card,3.0
ORD103833,2024-08-16,CUST01020,45.0,Female,Central,Sports & Outdoors,Cycling Helmet,1,79.42,0,79.42,79.42,Credit Card,4.0
ORD103834,2024-08-16,CUST00153,33.0,Male,East,Apparel,Yoga Pants,1,71.5,15,71.5,60.78,UPI,3.0
ORD103835,2024-08-16,CUST00759,37.0,Male,West,Beauty,Sunscreen SPF50,1,66.05,15,66.05,56.14,Debit Card,4.0
ORD103836,2024-08-16,CUST00698,18.0,Male,South,Books,Biography,1,24.15,0,24.15,24.15,Debit Card,3.0
ORD103837,2024-08-16,CUST00845,35.0,Female,North,Sports & Outdoors,Cycling Helmet,1,19.73,0,19.73,19.73,Credit Card,5.0
ORD103838,2024-08-16,CUST00514,26.0,Male,North,Apparel,Baseball Cap,1,56.27,0,56.27,56.27,Cash on Delivery,2.0
ORD103839,2024-08-17,CUST00531,23.0,Male,North,Sports & Outdoors,Water Bottle,1,43.59,0,43.59,43.59,Debit Card,4.0
ORD103840,2024-08-17,CUST00807,53.0,Male,East,Beauty,Hair Dryer,1,66.05,0,66.05,66.05,Credit Card,4.0
ORD103841,2024-08-17,CUST01032,21.0,Female,North,Apparel,Women's Jeans,1,12.81,0,12.81,12.81,Debit Card,4.0
ORD103842,2024-08-17,CUST00430,34.0,Female,East,Electronics,Smartwatch,1,61.29,0,61.29,61.29,Debit Card,3.0
ORD103846,2024-08-18,CUST01124,49.0,Male,East,Sports & Outdoors,Resistance Bands,1,170.97,0,170.97,170.97,Credit Card,2.0
ORD103845,2024-08-18,CUST00626,31.0,Female,East,Electronics,Smartphone Case,1,71.69,0,71.69,71.69,UPI,4.0
ORD103847,2024-08-18,CUST00891,50.0,Female,North,Apparel,Winter Jacket,1,77.69,0,77.69,77.69,UPI,5.0
ORD103843,2024-08-18,CUST00284,21.0,Female,East,Apparel,Baseball Cap,5,70.51,0,352.55,352.55,UPI,4.0
ORD103844,2024-08-18,CUST00531,23.0,Male,North,Home & Kitchen,Throw Pillow,1,110.68,0,110.68,110.68,UPI,2.0
ORD103848,2024-08-19,CUST00294,19.0,Male,North,Apparel,Baseball Cap,1,21.28,0,21.28,21.28,UPI,3.0
ORD103849,2024-08-19,CUST00674,33.0,Female,Central,Sports & Outdoors,Water Bottle,1,127.77,0,127.77,127.77,Credit Card,3.0
ORD103856,2024-08-20,CUST00192,28.0,Female,East,Books,Comic Book,2,12.62,0,25.24,25.24,Credit Card,3.0
ORD103854,2024-08-20,CUST01088,35.0,Female,North,Home & Kitchen,Air Fryer,1,178.06,25,178.06,133.54,Credit Card,3.0
ORD103853,2024-08-20,CUST01132,38.0,Female,West,Apparel,Yoga Pants,1,110.33,0,110.33,110.33,Debit Card,3.0
ORD103855,2024-08-20,CUST00998,43.0,Female,Central,Electronics,Smartphone Case,4,93.22,0,372.88,372.88,Credit Card,4.0
ORD103851,2024-08-20,CUST00216,31.0,Male,East,Beauty,Face Moisturizer,1,71.08,0,71.08,71.08,UPI,5.0
ORD103850,2024-08-20,CUST00138,18.0,Female,Central,Books,Biography,1,35.59,0,35.59,35.59,Credit Card,1.0
ORD103852,2024-08-20,CUST00078,29.0,Female,East,Home & Kitchen,Blender,1,77.03,0,77.03,77.03,UPI,2.0
ORD103857,2024-08-21,CUST00157,35.0,Male,Central,Sports & Outdoors,Tennis Racket,1,133.23,15,133.23,113.25,Debit Card,3.0
ORD103858,2024-08-21,CUST00541,35.0,Female,East,Electronics,Bluetooth Speaker,1,121.56,0,121.56,121.56,UPI,4.0
ORD103859,2024-08-21,CUST00190,39.0,Male,North,Apparel,Winter Jacket,1,49.39,10,49.39,44.45,Credit Card,2.0
ORD103860,2024-08-21,CUST00519,44.0,Male,South,Home & Kitchen,Cutlery Set,1,92.2,0,92.2,92.2,Credit Card,4.0
ORD103864,2024-08-22,CUST00660,32.0,Female,West,Electronics,Webcam,1,222.22,0,222.22,222.22,UPI,4.0
ORD103861,2024-08-22,CUST01012,41.0,Female,West,Electronics,Webcam,1,26.84,0,26.84,26.84,Debit Card,3.0
ORD103862,2024-08-22,CUST00429,47.0,Female,South,Apparel,Formal Shirt,1,104.8,5,104.8,99.56,Cash on Delivery,5.0
ORD103863,2024-08-22,CUST00257,36.0,Male,,Electronics,Wireless Earbuds,1,98.25,0,98.25,98.25,Credit Card,3.0
ORD103866,2024-08-23,CUST00660,32.0,Female,Central,Sports & Outdoors,Water Bottle,1,116.11,0,116.11,116.11,Credit Card,2.0
ORD103867,2024-08-23,CUST00229,42.0,Female,South,Electronics,Smartphone Case,1,97.79,0,97.79,97.79,UPI,3.0
ORD103865,2024-08-23,CUST01188,30.0,Male,East,Electronics,Bluetooth Speaker,1,42.11,0,42.11,42.11,Cash on Delivery,3.0
ORD103876,2024-08-24,CUST00059,38.0,Male,West,Beauty,Sunscreen SPF50,1,76.39,0,76.39,76.39,Credit Card,5.0
ORD103874,2024-08-24,CUST00054,19.0,Female,West,Beauty,Hair Dryer,1,77.32,5,77.32,73.45,UPI,3.0
ORD103873,2024-08-24,CUST00782,43.0,Male,South,Beauty,Perfume,1,11.97,15,11.97,10.17,Debit Card,4.0
ORD103872,2024-08-24,CUST01093,46.0,Male,Central,Sports & Outdoors,Yoga Mat,1,89.37,0,89.37,89.37,Credit Card,4.0
ORD103875,2024-08-24,CUST00966,41.0,Male,East,Sports & Outdoors,Hiking Backpack,4,18.69,0,74.76,74.76,UPI,2.0
ORD103870,2024-08-24,CUST01141,32.0,Male,South,Sports & Outdoors,Tennis Racket,1,125.51,0,125.51,125.51,UPI,2.0
ORD103869,2024-08-24,CUST01130,35.0,Female,West,Electronics,Laptop Stand,1,223.25,15,223.25,189.76,UPI,3.0
ORD103868,2024-08-24,CUST01057,35.0,Male,South,Beauty,Shampoo,1,28.6,0,28.6,28.6,Credit Card,3.0
ORD103871,2024-08-24,CUST00547,34.0,Male,South,Apparel,Winter Jacket,2,56.62,0,113.24,113.24,Credit Card,4.0
ORD103877,2024-08-25,CUST01008,34.0,Male,West,Apparel,Men's T-Shirt,4,35.93,0,143.72,143.72,Debit Card,5.0
ORD103878,2024-08-25,CUST00290,32.0,Male,East,Beauty,Sunscreen SPF50,2,36.09,0,72.18,72.18,Net Banking,3.0
ORD103879,2024-08-25,CUST01076,28.0,Male,West,Home & Kitchen,Blender,1,127.59,0,127.59,127.59,Debit Card,1.0
ORD103880,2024-08-25,CUST00458,37.0,Male,South,Sports & Outdoors,Resistance Bands,2,72.3,0,144.6,144.6,Credit Card,4.0
ORD103881,2024-08-25,CUST00155,41.0,Male,South,Electronics,Smartphone Case,1,211.67,20,211.67,169.34,UPI,3.0
ORD103882,2024-08-25,CUST00230,48.0,Female,South,Apparel,Yoga Pants,1,16.07,0,16.07,16.07,Credit Card,4.0
ORD103887,2024-08-26,CUST00635,31.0,Male,South,Apparel,Men's T-Shirt,1,42.02,0,42.02,42.02,Debit Card,4.0
ORD103886,2024-08-26,CUST00896,36.0,Male,Central,Electronics,Power Bank,1,29.52,0,29.52,29.52,Credit Card,5.0
ORD103885,2024-08-26,CUST00905,47.0,Female,East,Apparel,Yoga Pants,2,46.74,0,93.48,93.48,UPI,2.0
ORD103884,2024-08-26,CUST01055,30.0,Female,North,Apparel,Women's Jeans,2,74.14,15,148.28,126.04,Debit Card,4.0
ORD103883,2024-08-26,CUST00490,28.0,Female,East,Electronics,Smartwatch,1,195.5,0,195.5,195.5,Credit Card,3.0
ORD103888,2024-08-27,CUST00733,36.0,Female,East,Home & Kitchen,Coffee Maker,1,118.87,15,118.87,101.04,Debit Card,4.0
ORD103889,2024-08-27,CUST00692,18.0,Male,North,Electronics,Webcam,5,156.23,5,781.15,742.09,Credit Card,3.0
ORD103890,2024-08-27,CUST00205,32.0,Female,Central,Electronics,Wireless Earbuds,1,215.53,0,215.53,215.53,UPI,4.0
ORD103891,2024-08-27,CUST00777,34.0,Male,,Sports & Outdoors,Dumbbell Set,1,168.52,0,168.52,168.52,UPI,3.0
ORD103892,2024-08-27,CUST00224,31.0,Male,South,Home & Kitchen,Cutlery Set,1,28.34,0,28.34,28.34,Credit Card,3.0
ORD103893,2024-08-27,CUST00932,28.0,Male,North,Electronics,Wireless Earbuds,1,114.32,0,114.32,114.32,UPI,3.0
ORD103901,2024-08-28,CUST00871,31.0,Female,North,Sports & Outdoors,Camping Tent,1,75.92,0,75.92,75.92,Debit Card,3.0
ORD103900,2024-08-28,CUST00341,30.0,Female,South,Home & Kitchen,LED Desk Lamp,1,99.04,10,99.04,89.14,UPI,3.0
ORD103899,2024-08-28,CUST00992,32.0,Male,North,Sports & Outdoors,Camping Tent,2,170.95,0,341.9,341.9,Credit Card,3.0
ORD103898,2024-08-28,CUST00360,34.0,Male,Central,Electronics,USB-C Cable,2,27.44,0,54.88,54.88,Credit Card,4.0
ORD103894,2024-08-28,CUST00009,35.0,Female,North,Home & Kitchen,Air Fryer,1,111.51,15,111.51,94.78,Credit Card,3.0
ORD103896,2024-08-28,CUST00496,29.0,Female,East,Sports & Outdoors,Yoga Mat,1,192.43,10,192.43,173.19,UPI,3.0
ORD103895,2024-08-28,CUST00605,28.0,Male,West,Electronics,Wireless Earbuds,1,242.27,0,242.27,242.27,Credit Card,3.0
ORD103902,2024-08-28,CUST00769,21.0,Female,East,Beauty,Shampoo,1,25.55,10,25.55,22.99,Cash on Delivery,4.0
ORD103897,2024-08-28,CUST00842,26.0,Female,West,Beauty,Shampoo,1,14.53,0,14.53,14.53,Cash on Delivery,4.0
ORD103903,2024-08-28,CUST00816,37.0,Female,South,Electronics,Smartphone Case,4,231.83,10,927.32,834.59,UPI,2.0
ORD103909,2024-08-29,CUST00920,27.0,Male,North,Home & Kitchen,Cutlery Set,1,162.86,0,162.86,162.86,UPI,3.0
ORD103910,2024-08-29,CUST00720,45.0,Female,South,Beauty,Perfume,4,68.32,10,273.28,245.95,Credit Card,5.0
ORD103908,2024-08-29,CUST00985,18.0,Male,West,Electronics,Smartwatch,1,238.31,25,238.31,178.73,Debit Card,4.0
ORD103907,2024-08-29,CUST01107,22.0,Female,North,Home & Kitchen,LED Desk Lamp,1,120.71,10,120.71,108.64,Debit Card,
ORD103906,2024-08-29,CUST00383,,Male,Central,Electronics,Wireless Earbuds,2,29.92,0,59.84,59.84,UPI,4.0
ORD103905,2024-08-29,CUST00813,34.0,Male,South,Apparel,Winter Jacket,1,75.18,0,75.18,75.18,Debit Card,
ORD103904,2024-08-29,CUST00451,50.0,Male,East,Home & Kitchen,Blender,1,89.62,0,89.62,89.62,UPI,3.0
ORD103911,2024-08-30,CUST00419,25.0,Female,North,Sports & Outdoors,Water Bottle,1,23.16,10,23.16,20.84,Credit Card,3.0
ORD103912,2024-08-30,CUST00205,32.0,Female,North,Home & Kitchen,LED Desk Lamp,1,90.61,0,90.61,90.61,UPI,2.0
ORD103913,2024-08-30,CUST00600,26.0,Female,West,Home & Kitchen,LED Desk Lamp,1,41.98,0,41.98,41.98,Debit Card,3.0
ORD103914,2024-08-30,CUST00581,18.0,Female,East,Home & Kitchen,Coffee Maker,1,131.86,0,131.86,131.86,UPI,5.0
ORD103915,2024-08-30,CUST00311,45.0,Female,East,Beauty,Facial Serum,2,85.72,15,171.44,145.72,Debit Card,3.0
ORD103917,2024-08-31,CUST00339,42.0,Female,South,Beauty,Facial Serum,5,52.51,0,262.55,262.55,Net Banking,4.0
ORD103916,2024-08-31,CUST00923,43.0,Female,West,Electronics,Bluetooth Speaker,1,218.88,0,218.88,218.88,Credit Card,4.0
ORD103918,2024-09-01,CUST00050,18.0,Male,North,Apparel,Winter Jacket,1,37.62,15,37.62,31.98,UPI,4.0
ORD103919,2024-09-01,CUST01030,24.0,Male,Central,Books,Self-Help Guide,1,17.12,5,17.12,16.26,Net Banking,4.0
ORD103920,2024-09-01,CUST00176,40.0,Female,Central,Sports & Outdoors,Resistance Bands,2,133.24,15,266.48,226.51,UPI,5.0
ORD103921,2024-09-01,CUST00336,34.0,Male,South,Home & Kitchen,Blender,4,85.99,0,343.96,343.96,UPI,3.0
ORD103922,2024-09-01,CUST00392,30.0,Male,East,Apparel,Wool Sweater,2,88.29,0,176.58,176.58,Credit Card,5.0
ORD103923,2024-09-01,CUST00350,31.0,Female,East,Beauty,Perfume,1,88.21,15,88.21,74.98,Debit Card,4.0
ORD103924,2024-09-01,CUST00387,32.0,Male,South,Home & Kitchen,Cutlery Set,1,126.56,0,126.56,126.56,Debit Card,3.0
ORD103929,2024-09-02,CUST00679,69.0,Female,South,Sports & Outdoors,Tennis Racket,1,89.93,0,89.93,89.93,Credit Card,4.0
ORD103928,2024-09-02,CUST00988,48.0,Male,West,Electronics,Smartwatch,1,222.6,25,222.6,166.95,UPI,5.0
ORD103927,2024-09-02,CUST00546,18.0,Female,West,Home & Kitchen,LED Desk Lamp,3,99.35,0,298.05,298.05,UPI,4.0
ORD103926,2024-09-02,CUST00057,46.0,Female,South,Books,Mystery Thriller,1,23.17,5,23.17,22.01,UPI,4.0
ORD103925,2024-09-02,CUST00147,,Female,South,Home & Kitchen,Coffee Maker,1,174.08,0,174.08,174.08,Credit Card,3.0
ORD103930,2024-09-03,CUST00986,26.0,Female,Central,Electronics,Smartphone Case,1,191.52,0,191.52,191.52,Net Banking,4.0
ORD103931,2024-09-03,CUST00504,32.0,Male,West,Apparel,Women's Jeans,1,62.5,0,62.5,62.5,Debit Card,4.0
ORD103932,2024-09-03,CUST00235,47.0,Male,South,Books,Biography,2,18.67,0,37.34,37.34,Cash on Delivery,4.0
ORD103933,2024-09-03,CUST00654,24.0,Female,South,Apparel,Running Shoes,2,69.18,15,138.36,117.61,Debit Card,3.0
ORD103934,2024-09-04,CUST00983,37.0,Female,East,Beauty,Perfume,2,20.59,20,41.18,32.94,Cash on Delivery,
ORD103943,2024-09-05,CUST00605,28.0,Male,West,Sports & Outdoors,Water Bottle,2,22.54,0,45.08,45.08,UPI,5.0
ORD103942,2024-09-05,CUST00869,41.0,Male,North,Apparel,Baseball Cap,1,54.75,0,54.75,54.75,Debit Card,2.0
ORD103941,2024-09-05,CUST00155,41.0,Male,Central,Apparel,Winter Jacket,3,56.47,0,169.41,169.41,Cash on Delivery,4.0
ORD103940,2024-09-05,CUST00760,43.0,Male,South,Electronics,Laptop Stand,4,19.2,0,76.8,76.8,Debit Card,5.0
ORD103937,2024-09-05,CUST00816,37.0,Female,South,Apparel,Women's Jeans,1,36.51,5,36.51,34.68,Debit Card,3.0
ORD103938,2024-09-05,CUST00951,41.0,Female,North,Electronics,Laptop Stand,1,90.97,0,90.97,90.97,UPI,4.0
ORD103936,2024-09-05,CUST00747,24.0,Other,West,Home & Kitchen,Storage Bins,1,145.51,0,145.51,145.51,Debit Card,5.0
ORD103935,2024-09-05,CUST00755,32.0,Male,South,Books,Cookbook,3,39.73,10,119.19,107.27,Credit Card,2.0
ORD103939,2024-09-05,CUST00245,38.0,Female,,Home & Kitchen,LED Desk Lamp,1,130.29,0,130.29,130.29,Credit Card,3.0
ORD103949,2024-09-06,CUST00472,36.0,Female,Central,Apparel,Yoga Pants,1,73.88,0,73.88,73.88,UPI,5.0
ORD103950,2024-09-06,CUST00891,50.0,Female,Central,Electronics,Bluetooth Speaker,3,48.94,5,146.82,139.48,Credit Card,4.0
ORD103948,2024-09-06,CUST00310,47.0,Female,South,Apparel,Wool Sweater,2,38.12,0,76.24,76.24,UPI,3.0
ORD103944,2024-09-06,CUST00607,35.0,Female,West,Home & Kitchen,Storage Bins,1,90.65,10,90.65,81.59,Cash on Delivery,3.0
ORD103946,2024-09-06,CUST00969,51.0,Female,South,Sports & Outdoors,Water Bottle,1,17.6,10,17.6,15.84,Credit Card,5.0
ORD103947,2024-09-06,CUST00426,40.0,Female,Central,Apparel,Running Shoes,1,12.65,0,12.65,12.65,Cash on Delivery,4.0
ORD103945,2024-09-06,CUST00914,58.0,Female,West,Home & Kitchen,Blender,1,48.84,10,48.84,43.96,Cash on Delivery,4.0
ORD103951,2024-09-07,CUST00676,33.0,Male,West,Electronics,Smartwatch,3,124.04,0,372.12,372.12,Debit Card,3.0
ORD103952,2024-09-07,CUST00162,28.0,Male,Central,Apparel,Women's Jeans,1,74.07,0,74.07,74.07,Net Banking,3.0
ORD103953,2024-09-07,CUST00510,18.0,Male,North,Apparel,Men's T-Shirt,3,16.65,0,49.95,49.95,Debit Card,
ORD103954,2024-09-07,CUST00897,35.0,Male,East,Beauty,Nail Polish,2,50.02,0,100.04,100.04,Credit Card,5.0
ORD103955,2024-09-07,CUST00438,19.0,Female,North,Apparel,Yoga Pants,1,93.81,0,93.81,93.81,UPI,3.0
ORD103956,2024-09-07,CUST00710,52.0,Male,,Apparel,Formal Shirt,1,14.86,0,14.86,14.86,Net Banking,2.0
ORD103957,2024-09-08,CUST00025,27.0,Female,West,Electronics,Laptop Stand,2,112.63,0,225.26,225.26,Net Banking,2.0
ORD103958,2024-09-08,CUST00111,34.0,Female,East,Sports & Outdoors,Tennis Racket,1,146.57,0,146.57,146.57,Debit Card,5.0
ORD103959,2024-09-08,CUST01078,38.0,Male,South,Beauty,Face Moisturizer,1,53.74,0,53.74,53.74,UPI,4.0
ORD103960,2024-09-08,CUST00633,45.0,Female,East,Apparel,Baseball Cap,1,60.95,5,60.95,57.9,Credit Card,4.0
ORD103961,2024-09-08,CUST00329,18.0,Male,South,Apparel,Winter Jacket,2,103.16,0,206.32,206.32,Cash on Delivery,4.0
ORD103962,2024-09-08,CUST00751,31.0,Female,Central,Electronics,Bluetooth Speaker,1,213.4,25,213.4,160.05,Cash on Delivery,4.0
ORD103966,2024-09-09,CUST00356,29.0,Female,North,Apparel,Men's T-Shirt,1,71.01,5,71.01,67.46,Credit Card,2.0
ORD103965,2024-09-09,CUST00928,48.0,Female,West,Electronics,Smartphone Case,1,141.1,0,141.1,141.1,UPI,5.0
ORD103964,2024-09-09,CUST00491,22.0,Female,East,Home & Kitchen,Cutlery Set,2,167.37,0,334.74,334.74,Credit Card,5.0
ORD103963,2024-09-09,CUST00801,38.0,Female,South,Electronics,Smartwatch,1,136.45,10,136.45,122.81,Credit Card,5.0
ORD103967,2024-09-10,CUST00752,37.0,Male,West,Electronics,Bluetooth Speaker,1,30.01,15,30.01,25.51,UPI,5.0
ORD103968,2024-09-10,CUST00149,32.0,Male,West,Sports & Outdoors,Tennis Racket,1,64.1,5,64.1,60.9,UPI,4.0
ORD103969,2024-09-10,CUST00847,21.0,Other,Central,Beauty,Hair Dryer,1,83.91,5,83.91,79.71,Debit Card,3.0
ORD103970,2024-09-10,CUST00886,43.0,Male,South,Books,Mystery Thriller,1,27.23,0,27.23,27.23,Credit Card,5.0
ORD103971,2024-09-10,CUST00465,22.0,Female,South,Electronics,Smartphone Case,2,236.69,15,473.38,402.37,UPI,4.0
ORD103972,2024-09-10,CUST00251,35.0,Female,East,Sports & Outdoors,Hiking Backpack,1,42.71,0,42.71,42.71,Debit Card,4.0
ORD103973,2024-09-10,CUST00332,31.0,Male,North,Electronics,Wireless Earbuds,1,116.13,15,116.13,98.71,Cash on Delivery,5.0
ORD103983,2024-09-11,CUST01182,32.0,Female,North,Electronics,Smartphone Case,3,95.53,15,286.59,243.6,Debit Card,4.0
ORD103989,2024-09-11,CUST00525,50.0,Male,East,Beauty,Shampoo,1,27.82,0,27.82,27.82,UPI,4.0
ORD103988,2024-09-11,CUST00024,38.0,Other,West,Electronics,USB-C Cable,1,82.5,0,82.5,82.5,Debit Card,4.0
ORD103987,2024-09-11,CUST00935,18.0,Female,West,Home & Kitchen,Throw Pillow,2,83.63,0,167.26,167.26,UPI,3.0
ORD103986,2024-09-11,CUST00964,26.0,Female,North,Home & Kitchen,Blender,1,134.16,0,134.16,134.16,Debit Card,2.0
ORD103985,2024-09-11,CUST00462,57.0,Male,North,Apparel,Baseball Cap,1,21.34,0,21.34,21.34,Debit Card,4.0
ORD103982,2024-09-11,CUST00284,21.0,Female,North,Books,Fiction Novel,1,17.45,10,17.45,15.71,Credit Card,4.0
ORD103984,2024-09-11,CUST00132,61.0,Male,East,Electronics,USB-C Cable,1,33.94,0,33.94,33.94,UPI,4.0
ORD103980,2024-09-11,CUST00944,51.0,Male,North,Sports & Outdoors,Resistance Bands,2,144.83,0,289.66,289.66,Credit Card,4.0
ORD103979,2024-09-11,CUST00320,41.0,Male,West,Sports & Outdoors,Tennis Racket,3,176.64,0,529.92,529.92,Credit Card,3.0
ORD103981,2024-09-11,CUST01165,47.0,Female,West,Sports & Outdoors,Cycling Helmet,1,105.5,20,105.5,84.4,Credit Card,3.0
ORD103978,2024-09-11,CUST00743,48.0,Female,Central,Sports & Outdoors,Camping Tent,1,92.97,0,92.97,92.97,Cash on Delivery,5.0
ORD103977,2024-09-11,CUST00912,26.0,Male,East,Electronics,Smartphone Case,1,108.65,0,108.65,108.65,UPI,4.0
ORD103976,2024-09-11,CUST01072,37.0,Female,Central,Home & Kitchen,Storage Bins,1,154.12,5,154.12,146.41,Debit Card,2.0
ORD103975,2024-09-11,CUST00996,52.0,Male,Central,Beauty,Hair Dryer,1,44.7,0,44.7,44.7,Net Banking,4.0
ORD103974,2024-09-11,CUST00959,18.0,Female,West,Beauty,Perfume,1,65.46,0,65.46,65.46,UPI,4.0
ORD103993,2024-09-12,CUST00051,35.0,Male,South,Home & Kitchen,Throw Pillow,4,77.95,0,311.8,311.8,Credit Card,4.0
ORD103992,2024-09-12,CUST00617,44.0,Female,North,Books,Comic Book,2,25.75,0,51.5,51.5,Debit Card,3.0
ORD103990,2024-09-12,CUST00775,34.0,Female,East,Apparel,Baseball Cap,1,29.94,0,29.94,29.94,Credit Card,
ORD103991,2024-09-12,CUST00788,38.0,Male,West,Beauty,Lipstick Set,2,79.18,0,158.36,158.36,Cash on Delivery,2.0
ORD103994,2024-09-13,CUST00145,34.0,Male,Central,Electronics,Smartphone Case,1,15.95,0,15.95,15.95,UPI,5.0
ORD103995,2024-09-13,CUST00360,34.0,Male,West,Sports & Outdoors,Water Bottle,1,119.78,0,119.78,119.78,Debit Card,4.0
ORD103996,2024-09-13,CUST00443,27.0,Female,North,Apparel,Wool Sweater,1,71.16,0,71.16,71.16,Net Banking,4.0
ORD103997,2024-09-13,CUST00289,45.0,Female,West,Beauty,Perfume,1,65.78,10,65.78,59.2,Credit Card,2.0
ORD103998,2024-09-13,CUST00224,31.0,Male,East,Apparel,Yoga Pants,1,86.3,0,86.3,86.3,Debit Card,2.0
ORD103999,2024-09-13,CUST00948,47.0,Female,North,Beauty,Face Moisturizer,2,63.52,0,127.04,127.04,UPI,3.0
ORD104000,2024-09-13,CUST00273,32.0,Female,West,Home & Kitchen,Coffee Maker,1,40.94,0,40.94,40.94,UPI,4.0
ORD104001,2024-09-13,CUST00134,69.0,Female,South,Electronics,Laptop Stand,5,73.19,0,365.95,365.95,UPI,4.0
ORD104006,2024-09-14,CUST00199,27.0,Female,North,Home & Kitchen,Throw Pillow,1,179.86,0,179.86,179.86,UPI,4.0
ORD104005,2024-09-14,CUST00218,31.0,Male,East,Home & Kitchen,Storage Bins,1,124.46,0,124.46,124.46,UPI,3.0
ORD104002,2024-09-14,CUST00563,51.0,Female,South,Beauty,Lipstick Set,1,50.09,0,50.09,50.09,Cash on Delivery,3.0
ORD104003,2024-09-14,CUST00880,30.0,Other,North,Electronics,Wireless Earbuds,1,218.56,0,218.56,218.56,UPI,4.0
ORD104004,2024-09-14,CUST00455,48.0,Male,West,Electronics,Wireless Earbuds,1,172.05,15,172.05,146.24,Cash on Delivery,3.0
ORD104007,2024-09-15,CUST00786,32.0,Male,South,Electronics,Webcam,2,243.6,10,487.2,438.48,Credit Card,3.0
ORD104008,2024-09-15,CUST00575,38.0,Male,West,Beauty,Shampoo,2,28.14,5,56.28,53.47,Credit Card,5.0
ORD104009,2024-09-15,CUST01167,29.0,Male,North,Home & Kitchen,LED Desk Lamp,1,175.1,15,175.1,148.84,Net Banking,1.0
ORD104010,2024-09-15,CUST00684,47.0,Female,North,Home & Kitchen,LED Desk Lamp,2,166.48,0,332.96,332.96,Net Banking,3.0
ORD104011,2024-09-15,CUST00587,46.0,Female,West,Books,Fiction Novel,1,20.49,5,20.49,19.47,Credit Card,5.0
ORD104012,2024-09-15,CUST01140,56.0,Female,South,Sports & Outdoors,Camping Tent,1,135.97,0,135.97,135.97,UPI,4.0
ORD104018,2024-09-16,CUST00856,34.0,Male,Central,Electronics,Laptop Stand,1,121.23,5,121.23,115.17,Cash on Delivery,3.0
ORD104017,2024-09-16,CUST00701,39.0,Male,Central,Electronics,Bluetooth Speaker,2,213.22,0,426.44,426.44,UPI,5.0
ORD104016,2024-09-16,CUST00008,49.0,Female,Central,Sports & Outdoors,Dumbbell Set,1,71.08,0,71.08,71.08,Cash on Delivery,4.0
ORD104014,2024-09-16,CUST01176,36.0,Female,West,Electronics,USB-C Cable,2,239.81,0,479.62,479.62,Net Banking,3.0
ORD104013,2024-09-16,CUST00826,58.0,Male,Central,Sports & Outdoors,Camping Tent,1,69.04,0,69.04,69.04,UPI,3.0
ORD104015,2024-09-16,CUST00803,20.0,Female,South,Home & Kitchen,Coffee Maker,1,156.7,15,156.7,133.2,Debit Card,3.0
ORD104025,2024-09-17,CUST00239,39.0,Female,North,Electronics,Wireless Earbuds,1,108.48,0,108.48,108.48,Cash on Delivery,5.0
ORD104027,2024-09-17,CUST01166,37.0,Female,West,Beauty,Face Moisturizer,1,76.17,5,76.17,72.36,Cash on Delivery,4.0
ORD104026,2024-09-17,CUST00070,45.0,Female,West,Beauty,Nail Polish,1,54.12,15,54.12,46.0,Credit Card,3.0
ORD104028,2024-09-17,CUST00355,47.0,Male,East,Apparel,Women's Jeans,1,14.5,0,14.5,14.5,UPI,3.0
ORD104024,2024-09-17,CUST00907,43.0,Female,South,Apparel,Baseball Cap,2,110.0,0,220.0,220.0,Debit Card,2.0
ORD104021,2024-09-17,CUST00977,36.0,Female,North,Sports & Outdoors,Resistance Bands,1,51.02,15,51.02,43.37,Debit Card,3.0
ORD104022,2024-09-17,CUST00181,35.0,Female,West,Beauty,Face Moisturizer,1,85.79,0,85.79,85.79,Credit Card,5.0
ORD104020,2024-09-17,CUST00623,48.0,Male,South,Home & Kitchen,Cutlery Set,1,157.58,0,157.58,157.58,UPI,2.0
ORD104019,2024-09-17,CUST00097,30.0,Male,South,Sports & Outdoors,Camping Tent,3,42.18,0,126.54,126.54,Credit Card,4.0
ORD104023,2024-09-17,CUST00140,29.0,Male,Central,Sports & Outdoors,Resistance Bands,1,21.0,0,21.0,21.0,Cash on Delivery,4.0
ORD104029,2024-09-18,CUST01108,52.0,Male,East,Apparel,Men's T-Shirt,1,36.59,0,36.59,36.59,UPI,3.0
ORD104030,2024-09-18,CUST00292,32.0,Male,East,Sports & Outdoors,Dumbbell Set,1,198.63,25,198.63,148.97,Cash on Delivery,2.0
ORD104041,2024-09-19,CUST00743,48.0,Female,East,Apparel,Women's Jeans,1,96.76,0,96.76,96.76,Debit Card,4.0
ORD104040,2024-09-19,CUST00006,49.0,Female,South,Electronics,USB-C Cable,1,51.78,0,51.78,51.78,Net Banking,4.0
ORD104039,2024-09-19,CUST00533,36.0,Male,Central,Beauty,Lipstick Set,1,79.71,5,79.71,75.72,UPI,4.0
ORD104038,2024-09-19,CUST00188,18.0,Male,South,Apparel,Yoga Pants,2,83.45,5,166.9,158.55,UPI,2.0
ORD104037,2024-09-19,CUST00508,27.0,Female,North,Apparel,Formal Shirt,2,27.04,0,54.08,54.08,Credit Card,5.0
ORD104034,2024-09-19,CUST00717,42.0,Male,South,Books,Comic Book,1,20.82,10,20.82,18.74,Debit Card,3.0
ORD104035,2024-09-19,CUST00848,44.0,Female,West,Beauty,Lipstick Set,1,36.35,0,36.35,36.35,Credit Card,3.0
ORD104033,2024-09-19,CUST01067,18.0,Male,East,Sports & Outdoors,Cycling Helmet,1,109.59,5,109.59,104.11,Credit Card,4.0
ORD104032,2024-09-19,CUST00226,34.0,Female,South,Home & Kitchen,Throw Pillow,5,161.82,0,809.1,809.1,Credit Card,4.0
ORD104031,2024-09-19,CUST00493,26.0,Male,Central,Apparel,Running Shoes,3,114.45,0,343.35,343.35,Net Banking,2.0
ORD104036,2024-09-19,CUST00934,28.0,Female,West,Sports & Outdoors,Water Bottle,1,141.17,0,141.17,141.17,Credit Card,4.0
ORD104046,2024-09-20,CUST00801,38.0,Female,East,Sports & Outdoors,Tennis Racket,1,115.73,0,115.73,115.73,Credit Card,4.0
ORD104045,2024-09-20,CUST00607,35.0,Female,,Apparel,Wool Sweater,1,68.42,0,68.42,68.42,Net Banking,3.0
ORD104042,2024-09-20,CUST00211,36.0,Male,North,Books,Mystery Thriller,1,24.6,0,24.6,24.6,Cash on Delivery,4.0
ORD104043,2024-09-20,CUST00370,18.0,Male,North,Beauty,Perfume,4,16.82,0,67.28,67.28,UPI,4.0
ORD104044,2024-09-20,CUST00422,45.0,Male,East,Beauty,Sunscreen SPF50,2,48.01,0,96.02,96.02,Credit Card,4.0
ORD104047,2024-09-21,CUST01038,21.0,Female,Central,Home & Kitchen,Cutlery Set,1,82.6,0,82.6,82.6,Cash on Delivery,4.0
ORD104048,2024-09-21,CUST01194,40.0,Female,East,Beauty,Perfume,1,77.99,10,77.99,70.19,UPI,1.0
ORD104049,2024-09-21,CUST00193,25.0,Male,West,Apparel,Yoga Pants,1,91.08,20,91.08,72.86,Net Banking,4.0
ORD104050,2024-09-21,CUST01100,58.0,Female,,Beauty,Shampoo,1,67.98,0,67.98,67.98,UPI,3.0
ORD104059,2024-09-22,CUST00365,20.0,Female,West,Home & Kitchen,Air Fryer,1,117.48,0,117.48,117.48,UPI,3.0
ORD104051,2024-09-22,CUST00412,32.0,Female,North,Apparel,Women's Jeans,1,82.48,5,82.48,78.36,UPI,4.0
ORD104052,2024-09-22,CUST00069,18.0,Female,West,Beauty,Sunscreen SPF50,2,22.2,0,44.4,44.4,UPI,5.0
ORD104053,2024-09-22,CUST00607,35.0,Female,North,Electronics,USB-C Cable,1,146.64,25,146.64,109.98,UPI,2.0
ORD104054,2024-09-22,CUST00222,31.0,Female,West,Home & Kitchen,Throw Pillow,1,12.95,15,12.95,11.01,Debit Card,3.0
ORD104055,2024-09-22,CUST00614,18.0,Male,North,Electronics,Smartwatch,3,194.28,0,582.84,582.84,Credit Card,3.0
ORD104056,2024-09-22,CUST00499,44.0,Female,East,Beauty,Nail Polish,1,10.86,0,10.86,10.86,Debit Card,4.0
ORD104057,2024-09-22,CUST00054,19.0,Female,South,Electronics,Bluetooth Speaker,1,219.03,0,219.03,219.03,Credit Card,4.0
ORD104058,2024-09-22,CUST01123,36.0,Male,West,Home & Kitchen,Non-stick Pan,1,141.52,10,141.52,127.37,Credit Card,2.0
ORD104063,2024-09-23,CUST01133,32.0,Female,South,Apparel,Winter Jacket,1,10.93,0,10.93,10.93,Net Banking,3.0
ORD104062,2024-09-23,CUST00732,40.0,Male,North,Home & Kitchen,Coffee Maker,1,101.54,0,101.54,101.54,Debit Card,5.0
ORD104061,2024-09-23,CUST00663,18.0,Female,North,Beauty,Shampoo,1,64.17,15,64.17,54.54,Credit Card,5.0
ORD104060,2024-09-23,CUST00133,50.0,Female,South,Sports & Outdoors,Yoga Mat,1,54.92,0,54.92,54.92,Credit Card,3.0
ORD104064,2024-09-24,CUST00796,22.0,Female,,Apparel,Winter Jacket,1,16.97,0,16.97,16.97,Debit Card,4.0
ORD104065,2024-09-24,CUST00731,22.0,Male,South,Electronics,Webcam,1,233.19,0,233.19,233.19,UPI,4.0
ORD104075,2024-09-25,CUST00591,51.0,Female,West,Home & Kitchen,Coffee Maker,2,80.96,0,161.92,161.92,UPI,2.0
ORD104074,2024-09-25,CUST00073,48.0,Male,South,Beauty,Sunscreen SPF50,1,72.14,0,72.14,72.14,UPI,5.0
ORD104073,2024-09-25,CUST00474,43.0,Male,South,Sports & Outdoors,Cycling Helmet,1,26.63,0,26.63,26.63,UPI,4.0
ORD104072,2024-09-25,CUST00954,49.0,Female,East,Beauty,Shampoo,2,52.48,0,104.96,104.96,Debit Card,5.0
ORD104071,2024-09-25,CUST01104,18.0,Female,North,Sports & Outdoors,Water Bottle,4,180.94,0,723.76,723.76,Debit Card,4.0
ORD104069,2024-09-25,CUST00972,39.0,Female,Central,Electronics,Laptop Stand,2,112.98,0,225.96,225.96,UPI,3.0
ORD104068,2024-09-25,CUST00821,39.0,Female,South,Beauty,Facial Serum,1,33.76,0,33.76,33.76,Cash on Delivery,3.0
ORD104067,2024-09-25,CUST00655,32.0,Female,East,Apparel,Men's T-Shirt,2,16.02,5,32.04,30.44,Debit Card,3.0
ORD104066,2024-09-25,CUST00758,19.0,Female,East,Apparel,Men's T-Shirt,1,89.07,0,89.07,89.07,Cash on Delivery,3.0
ORD104070,2024-09-25,CUST00345,34.0,Male,Central,Home & Kitchen,Storage Bins,4,147.36,0,589.44,589.44,Debit Card,4.0
ORD104076,2024-09-26,CUST01067,18.0,Male,South,Beauty,Hair Dryer,1,81.39,15,81.39,69.18,Debit Card,4.0
ORD104077,2024-09-26,CUST01027,37.0,Female,East,Beauty,Lipstick Set,1,48.35,0,48.35,48.35,UPI,4.0
ORD104082,2024-09-27,CUST00465,22.0,Female,Central,Apparel,Baseball Cap,1,115.08,5,115.08,109.33,Credit Card,5.0
ORD104083,2024-09-27,CUST01195,27.0,Female,East,Sports & Outdoors,Tennis Racket,2,191.46,0,382.92,382.92,Credit Card,4.0
ORD104081,2024-09-27,CUST01113,30.0,Male,North,Apparel,Women's Jeans,2,113.58,0,227.16,227.16,Debit Card,5.0
ORD104078,2024-09-27,CUST00047,18.0,Male,West,Home & Kitchen,Storage Bins,2,35.77,0,71.54,71.54,Debit Card,3.0
ORD104079,2024-09-27,CUST00058,48.0,Female,Central,Home & Kitchen,Coffee Maker,3,35.46,0,106.38,106.38,Debit Card,4.0
ORD104080,2024-09-27,CUST01188,30.0,Male,South,Beauty,Sunscreen SPF50,3,28.33,0,84.99,84.99,UPI,
ORD104084,2024-09-28,CUST00724,32.0,Female,West,Home & Kitchen,Air Fryer,1,90.45,0,90.45,90.45,Debit Card,4.0
ORD104085,2024-09-28,CUST00393,35.0,Male,West,Sports & Outdoors,Camping Tent,1,88.8,0,88.8,88.8,Cash on Delivery,4.0
ORD104086,2024-09-28,CUST00131,66.0,Male,South,Apparel,Wool Sweater,1,91.55,10,91.55,82.4,UPI,4.0
ORD104087,2024-09-28,CUST01126,30.0,Female,West,Books,Biography,1,26.93,15,26.93,22.89,Credit Card,5.0
ORD104088,2024-09-28,CUST00256,33.0,Female,North,Home & Kitchen,Throw Pillow,2,133.26,0,266.52,266.52,UPI,5.0
ORD104089,2024-09-28,CUST00228,30.0,Female,West,Apparel,Baseball Cap,2,49.43,0,98.86,98.86,Credit Card,3.0
ORD104090,2024-09-28,CUST00384,40.0,Other,East,Electronics,Wireless Earbuds,2,93.04,15,186.08,158.17,UPI,3.0
ORD104097,2024-09-29,CUST00857,39.0,Male,North,Home & Kitchen,LED Desk Lamp,1,56.62,0,56.62,56.62,Credit Card,4.0
ORD104101,2024-09-29,CUST00625,36.0,Male,West,Sports & Outdoors,Resistance Bands,1,64.39,5,64.39,61.17,UPI,5.0
ORD104100,2024-09-29,CUST00673,37.0,Female,North,Beauty,Face Moisturizer,1,62.53,0,62.53,62.53,Credit Card,5.0
ORD104098,2024-09-29,CUST00009,35.0,Female,East,Home & Kitchen,Non-stick Pan,1,66.89,15,66.89,56.86,Credit Card,1.0
ORD104096,2024-09-29,CUST00858,19.0,Female,East,Home & Kitchen,LED Desk Lamp,1,157.54,0,157.54,157.54,Credit Card,3.0
ORD104099,2024-09-29,CUST00906,29.0,Female,South,Electronics,USB-C Cable,1,28.0,0,28.0,28.0,UPI,3.0
ORD104094,2024-09-29,CUST00002,22.0,Female,North,Sports & Outdoors,Resistance Bands,1,106.9,0,106.9,106.9,Debit Card,4.0
ORD104093,2024-09-29,CUST00998,43.0,Female,East,Sports & Outdoors,Dumbbell Set,1,91.21,10,91.21,82.09,Credit Card,4.0
ORD104092,2024-09-29,CUST00377,39.0,Male,East,Apparel,Running Shoes,1,92.5,5,92.5,87.88,Debit Card,4.0
ORD104091,2024-09-29,CUST01170,63.0,Male,Central,Electronics,Smartwatch,1,132.52,5,132.52,125.89,Debit Card,3.0
ORD104095,2024-09-29,CUST00759,37.0,Male,Central,Electronics,Bluetooth Speaker,1,199.88,25,199.88,149.91,Net Banking,4.0
ORD104102,2024-09-30,CUST00984,29.0,Female,South,Apparel,Women's Jeans,2,82.19,0,164.38,164.38,UPI,3.0
ORD104103,2024-09-30,CUST00773,48.0,Female,East,Electronics,Smartphone Case,1,69.05,0,69.05,69.05,Cash on Delivery,3.0
ORD104104,2024-09-30,CUST01021,18.0,Male,North,Apparel,Yoga Pants,2,28.65,0,57.3,57.3,UPI,4.0
ORD104105,2024-09-30,CUST00202,32.0,Male,North,Electronics,Smartphone Case,1,170.36,5,170.36,161.84,Credit Card,4.0
ORD104119,2024-10-01,CUST00275,44.0,Male,West,Electronics,Bluetooth Speaker,2,248.37,0,496.74,496.74,Debit Card,3.0
ORD104118,2024-10-01,CUST00654,24.0,Female,East,Home & Kitchen,Coffee Maker,1,122.0,10,122.0,109.8,UPI,4.0
ORD104116,2024-10-01,CUST00111,34.0,Female,Central,Electronics,Webcam,1,84.43,0,84.43,84.43,Cash on Delivery,3.0
ORD104115,2024-10-01,CUST00378,28.0,Other,Central,Apparel,Running Shoes,1,21.08,0,21.08,21.08,Debit Card,3.0
ORD104114,2024-10-01,CUST01074,48.0,Male,North,Electronics,Bluetooth Speaker,2,228.19,25,456.38,342.28,UPI,3.0
ORD104113,2024-10-01,CUST00025,27.0,Female,North,Electronics,Webcam,1,127.9,0,127.9,127.9,Credit Card,5.0
ORD104117,2024-10-01,CUST00846,,Male,South,Electronics,Power Bank,1,58.74,5,58.74,55.8,Credit Card,2.0
ORD104111,2024-10-01,CUST01133,32.0,Female,South,Books,Children's Storybook,2,10.76,15,21.52,18.29,Cash on Delivery,5.0
ORD104110,2024-10-01,CUST00191,28.0,Male,West,Home & Kitchen,Storage Bins,5,77.39,10,386.95,348.25,Credit Card,5.0
ORD104109,2024-10-01,CUST00502,40.0,Male,West,Home & Kitchen,LED Desk Lamp,1,88.76,0,88.76,88.76,UPI,
ORD104108,2024-10-01,CUST00079,39.0,Male,Central,Home & Kitchen,Cutlery Set,1,19.14,5,19.14,18.18,UPI,3.0
ORD104107,2024-10-01,CUST00370,18.0,Male,West,Apparel,Baseball Cap,1,10.49,15,10.49,8.92,Credit Card,4.0
ORD104106,2024-10-01,CUST00412,32.0,Female,West,Beauty,Perfume,1,45.76,0,45.76,45.76,Credit Card,4.0
ORD104112,2024-10-01,CUST00877,39.0,Female,North,Beauty,Lipstick Set,1,45.19,20,45.19,36.15,Debit Card,4.0
ORD104124,2024-10-02,CUST00539,52.0,Female,South,Home & Kitchen,Non-stick Pan,1,87.26,0,87.26,87.26,Cash on Delivery,3.0
ORD104123,2024-10-02,CUST00345,34.0,Male,South,Sports & Outdoors,Camping Tent,5,64.97,5,324.85,308.61,Credit Card,2.0
ORD104125,2024-10-02,CUST01000,30.0,Male,,Apparel,Baseball Cap,1,51.4,0,51.4,51.4,UPI,3.0
ORD104121,2024-10-02,CUST00581,18.0,Female,West,Electronics,USB-C Cable,1,66.6,0,66.6,66.6,Cash on Delivery,4.0
ORD104120,2024-10-02,CUST00017,28.0,Male,South,Electronics,Power Bank,1,245.99,0,245.99,245.99,Credit Card,3.0
ORD104122,2024-10-02,CUST00563,51.0,Female,South,Electronics,Smartphone Case,3,215.65,0,646.95,646.95,UPI,5.0
ORD104126,2024-10-03,CUST00254,35.0,Female,West,Apparel,Men's T-Shirt,2,75.33,0,150.66,150.66,UPI,5.0
ORD104127,2024-10-03,CUST01154,45.0,Male,East,Home & Kitchen,Coffee Maker,1,136.41,5,136.41,129.59,Debit Card,2.0
ORD104128,2024-10-03,CUST00210,22.0,Male,South,Beauty,Sunscreen SPF50,1,56.99,5,56.99,54.14,Credit Card,4.0
ORD104129,2024-10-03,CUST00772,25.0,Male,South,Books,Business Book,1,36.87,5,36.87,35.03,UPI,2.0
ORD104130,2024-10-04,CUST01167,29.0,Male,South,Electronics,Wireless Earbuds,1,152.46,0,152.46,152.46,Net Banking,4.0
ORD104131,2024-10-04,CUST01008,34.0,Male,West,Beauty,Facial Serum,1,70.27,0,70.27,70.27,UPI,2.0
ORD104132,2024-10-04,CUST00136,42.0,Female,South,Beauty,Hair Dryer,1,28.95,15,28.95,24.61,Credit Card,5.0
ORD104133,2024-10-04,CUST00922,35.0,Female,North,Sports & Outdoors,Hiking Backpack,1,125.59,0,125.59,125.59,UPI,3.0
ORD104134,2024-10-04,CUST00527,23.0,Female,Central,Home & Kitchen,Air Fryer,1,89.81,0,89.81,89.81,Cash on Delivery,3.0
ORD104135,2024-10-04,CUST01110,40.0,Male,West,Home & Kitchen,LED Desk Lamp,2,46.13,10,92.26,83.03,Cash on Delivery,3.0
ORD104140,2024-10-05,CUST00813,34.0,Male,South,Electronics,Wireless Earbuds,1,108.56,20,108.56,86.85,UPI,4.0
ORD104138,2024-10-05,CUST00347,42.0,Female,West,Sports & Outdoors,Tennis Racket,1,74.84,5,74.84,71.1,UPI,3.0
ORD104139,2024-10-05,CUST00624,45.0,Female,East,Sports & Outdoors,Water Bottle,2,164.18,0,328.36,328.36,Credit Card,4.0
ORD104136,2024-10-05,CUST00192,28.0,Female,East,Apparel,Women's Jeans,1,45.38,25,45.38,34.04,Debit Card,3.0
ORD104137,2024-10-05,CUST00195,54.0,Male,South,Home & Kitchen,Throw Pillow,1,86.47,0,86.47,86.47,Credit Card,3.0
ORD104141,2024-10-06,CUST00807,53.0,Male,West,Beauty,Hair Dryer,1,65.18,20,65.18,52.14,Net Banking,4.0
ORD104142,2024-10-06,CUST00207,18.0,Female,North,Apparel,Wool Sweater,1,29.5,10,29.5,26.55,UPI,3.0
ORD104143,2024-10-06,CUST00132,61.0,Male,East,Apparel,Women's Jeans,2,117.07,0,234.14,234.14,Credit Card,4.0
ORD104144,2024-10-06,CUST01197,42.0,Other,North,Home & Kitchen,Storage Bins,1,52.84,0,52.84,52.84,Credit Card,4.0
ORD104145,2024-10-06,CUST01103,18.0,Male,West,Beauty,Sunscreen SPF50,1,52.36,0,52.36,52.36,Cash on Delivery,3.0
ORD104146,2024-10-06,CUST00856,34.0,Male,South,Beauty,Face Moisturizer,3,85.79,0,257.37,257.37,Credit Card,3.0
ORD104147,2024-10-06,CUST00024,38.0,Other,East,Sports & Outdoors,Hiking Backpack,2,177.6,0,355.2,355.2,Credit Card,3.0
ORD104155,2024-10-07,CUST00622,37.0,Male,Central,Apparel,Formal Shirt,2,100.03,10,200.06,180.05,Credit Card,3.0
ORD104158,2024-10-07,CUST00587,46.0,Female,East,Home & Kitchen,Throw Pillow,1,143.82,5,143.82,136.63,Credit Card,5.0
ORD104157,2024-10-07,CUST01045,22.0,Female,West,Sports & Outdoors,Water Bottle,3,13.63,0,40.89,40.89,Credit Card,2.0
ORD104156,2024-10-07,CUST00615,35.0,Female,,Electronics,Power Bank,2,191.54,0,383.08,383.08,Debit Card,4.0
ORD104154,2024-10-07,CUST00372,18.0,Female,South,Apparel,Baseball Cap,1,31.61,0,31.61,31.61,Debit Card,5.0
ORD104151,2024-10-07,CUST00051,35.0,Male,North,Sports & Outdoors,Tennis Racket,1,144.26,0,144.26,144.26,Debit Card,3.0
ORD104152,2024-10-07,CUST00548,48.0,Male,East,Electronics,Laptop Stand,1,70.84,0,70.84,70.84,Debit Card,3.0
ORD104150,2024-10-07,CUST01066,18.0,Female,West,Home & Kitchen,Coffee Maker,1,125.19,0,125.19,125.19,UPI,4.0
ORD104149,2024-10-07,CUST00577,41.0,Female,South,Electronics,Webcam,1,73.82,0,73.82,73.82,Credit Card,2.0
ORD104148,2024-10-07,CUST00872,35.0,Male,Central,Electronics,Laptop Stand,1,50.57,0,50.57,50.57,Credit Card,3.0
ORD104153,2024-10-07,CUST00554,30.0,Female,West,Apparel,Men's T-Shirt,1,26.2,15,26.2,22.27,Credit Card,4.0
ORD104169,2024-10-08,CUST00735,34.0,Female,East,Electronics,Bluetooth Speaker,1,37.96,0,37.96,37.96,Debit Card,2.0
ORD104166,2024-10-08,CUST00849,18.0,Female,North,Electronics,Wireless Earbuds,2,82.5,0,165.0,165.0,Credit Card,5.0
ORD104168,2024-10-08,CUST00294,19.0,Male,South,Sports & Outdoors,Cycling Helmet,2,48.5,0,97.0,97.0,Debit Card,3.0
ORD104167,2024-10-08,CUST01158,24.0,Female,North,Sports & Outdoors,Yoga Mat,1,118.19,0,118.19,118.19,Debit Card,2.0
ORD104165,2024-10-08,CUST01144,45.0,Male,North,Electronics,Laptop Stand,1,31.33,0,31.33,31.33,Credit Card,3.0
ORD104160,2024-10-08,CUST00889,34.0,Male,South,Apparel,Women's Jeans,5,105.23,0,526.15,526.15,UPI,2.0
ORD104163,2024-10-08,CUST00947,45.0,Male,East,Apparel,Running Shoes,1,74.94,5,74.94,71.19,Credit Card,4.0
ORD104162,2024-10-08,CUST00386,26.0,Female,South,Beauty,Nail Polish,3,57.21,0,171.63,171.63,Debit Card,4.0
ORD104161,2024-10-08,CUST00700,38.0,Male,West,Apparel,Winter Jacket,1,66.48,20,66.48,53.18,Credit Card,5.0
ORD104159,2024-10-08,CUST00541,35.0,Female,East,Apparel,Formal Shirt,2,65.88,0,131.76,131.76,Credit Card,4.0
ORD104164,2024-10-08,CUST01099,34.0,Other,South,Electronics,Wireless Earbuds,2,37.4,0,74.8,74.8,UPI,4.0
ORD104174,2024-10-09,CUST00058,48.0,Female,South,Apparel,Running Shoes,1,57.31,0,57.31,57.31,UPI,
ORD104175,2024-10-09,CUST00782,43.0,Male,South,Home & Kitchen,Air Fryer,4,109.43,15,437.72,372.06,Credit Card,2.0
ORD104173,2024-10-09,CUST01010,40.0,Male,West,Home & Kitchen,LED Desk Lamp,2,160.47,0,320.94,320.94,Net Banking,3.0
ORD104176,2024-10-09,CUST00170,47.0,Male,North,Electronics,Wireless Earbuds,2,82.13,0,164.26,164.26,Credit Card,4.0
ORD104171,2024-10-09,CUST00348,34.0,Female,West,Apparel,Baseball Cap,2,65.96,5,131.92,125.32,UPI,4.0
ORD104170,2024-10-09,CUST00259,49.0,Female,South,Apparel,Men's T-Shirt,1,89.01,0,89.01,89.01,Cash on Delivery,4.0
ORD104172,2024-10-09,CUST00539,52.0,Female,North,Electronics,USB-C Cable,2,111.44,20,222.88,178.3,Cash on Delivery,4.0
ORD104186,2024-10-10,CUST00710,52.0,Male,East,Apparel,Women's Jeans,1,50.08,0,50.08,50.08,Net Banking,5.0
ORD104183,2024-10-10,CUST01090,20.0,Female,West,Beauty,Perfume,2,28.49,0,56.98,56.98,Credit Card,4.0
ORD104185,2024-10-10,CUST00340,37.0,Female,West,Home & Kitchen,Blender,1,41.38,0,41.38,41.38,Credit Card,5.0
ORD104184,2024-10-10,CUST00004,40.0,Male,South,Beauty,Perfume,1,79.7,0,79.7,79.7,UPI,3.0
ORD104182,2024-10-10,CUST00021,30.0,Male,North,Electronics,Smartphone Case,1,246.75,0,246.75,246.75,Debit Card,2.0
ORD104177,2024-10-10,CUST00559,24.0,Other,West,Home & Kitchen,Blender,2,120.55,0,241.1,241.1,Debit Card,3.0
ORD104180,2024-10-10,CUST01120,56.0,Female,West,Home & Kitchen,Throw Pillow,4,68.44,0,273.76,273.76,Credit Card,2.0
ORD104179,2024-10-10,CUST00381,34.0,Female,East,Apparel,Women's Jeans,1,58.36,0,58.36,58.36,Credit Card,2.0
ORD104178,2024-10-10,CUST01172,42.0,Male,West,Home & Kitchen,Coffee Maker,1,171.26,0,171.26,171.26,UPI,4.0
ORD104181,2024-10-10,CUST01082,50.0,Female,East,Beauty,Nail Polish,2,83.69,0,167.38,167.38,Cash on Delivery,4.0
ORD104187,2024-10-11,CUST00530,18.0,Female,South,Apparel,Men's T-Shirt,1,26.06,0,26.06,26.06,Credit Card,4.0
ORD104188,2024-10-11,CUST01038,21.0,Female,East,Electronics,Laptop Stand,1,130.41,5,130.41,123.89,Credit Card,5.0
ORD104189,2024-10-11,CUST00420,53.0,Male,West,Home & Kitchen,Cutlery Set,1,79.59,0,79.59,79.59,Cash on Delivery,3.0
ORD104190,2024-10-11,CUST00417,37.0,Female,Central,Beauty,Sunscreen SPF50,1,45.96,0,45.96,45.96,Credit Card,3.0
ORD104191,2024-10-11,CUST00842,26.0,Female,South,Books,Children's Storybook,2,33.5,0,67.0,67.0,Credit Card,3.0
ORD104192,2024-10-11,CUST00855,18.0,Female,East,Home & Kitchen,Air Fryer,1,88.21,10,88.21,79.39,UPI,3.0
ORD104193,2024-10-11,CUST00860,40.0,Female,Central,Sports & Outdoors,Yoga Mat,1,96.41,0,96.41,96.41,UPI,4.0
ORD104194,2024-10-11,CUST00553,,Female,North,Beauty,Hair Dryer,1,36.06,0,36.06,36.06,Credit Card,2.0
ORD104195,2024-10-11,CUST00880,30.0,Other,North,Apparel,Formal Shirt,1,114.22,10,114.22,102.8,UPI,3.0
ORD104200,2024-10-12,CUST00738,54.0,Male,Central,Beauty,Face Moisturizer,2,47.91,15,95.82,81.45,Cash on Delivery,4.0
ORD104199,2024-10-12,CUST00262,18.0,Male,East,Apparel,Women's Jeans,1,61.9,0,61.9,61.9,Debit Card,3.0
ORD104198,2024-10-12,CUST00045,20.0,Male,South,Books,Fiction Novel,5,17.65,0,88.25,88.25,Cash on Delivery,2.0
ORD104196,2024-10-12,CUST00643,33.0,Male,West,Home & Kitchen,Air Fryer,1,167.95,0,167.95,167.95,Debit Card,2.0
ORD104197,2024-10-12,CUST01001,33.0,Female,East,Home & Kitchen,Cutlery Set,1,26.69,0,26.69,26.69,Debit Card,5.0
ORD104201,2024-10-13,CUST00633,45.0,Female,North,Home & Kitchen,Air Fryer,2,82.57,0,165.14,165.14,Debit Card,3.0
ORD104202,2024-10-13,CUST00496,29.0,Female,West,Beauty,Face Moisturizer,1,41.09,15,41.09,34.93,Credit Card,4.0
ORD104203,2024-10-13,CUST00148,40.0,Female,East,Electronics,Power Bank,1,217.49,0,217.49,217.49,Credit Card,4.0
ORD104204,2024-10-13,CUST00155,41.0,Male,West,Electronics,Power Bank,1,139.27,0,139.27,139.27,Debit Card,3.0
ORD104205,2024-10-13,CUST00278,28.0,Female,North,Electronics,Webcam,1,131.76,5,131.76,125.17,Debit Card,2.0
ORD104213,2024-10-14,CUST00459,18.0,Male,South,Apparel,Women's Jeans,2,111.68,0,223.36,223.36,UPI,4.0
ORD104206,2024-10-14,CUST01182,32.0,Female,North,Books,Cookbook,1,24.1,0,24.1,24.1,Credit Card,3.0
ORD104207,2024-10-14,CUST00416,41.0,Female,South,Apparel,Wool Sweater,3,66.83,0,200.49,200.49,Cash on Delivery,4.0
ORD104208,2024-10-14,CUST00306,45.0,Female,South,Books,Fiction Novel,1,14.45,5,14.45,13.73,Credit Card,4.0
ORD104209,2024-10-14,CUST01038,21.0,Female,South,Electronics,Laptop Stand,2,114.7,0,229.4,229.4,UPI,3.0
ORD104210,2024-10-14,CUST00778,46.0,Male,West,Books,Self-Help Guide,1,27.6,0,27.6,27.6,Debit Card,3.0
ORD104211,2024-10-14,CUST01148,51.0,Male,South,Electronics,Smartwatch,1,186.28,0,186.28,186.28,Debit Card,4.0
ORD104212,2024-10-14,CUST00215,31.0,Female,Central,Sports & Outdoors,Water Bottle,1,35.89,0,35.89,35.89,Credit Card,5.0
ORD104214,2024-10-14,CUST00371,39.0,Male,North,Beauty,Face Moisturizer,1,65.04,5,65.04,61.79,UPI,4.0
ORD104218,2024-10-15,CUST01185,25.0,Female,East,Home & Kitchen,Blender,1,140.61,5,140.61,133.58,Credit Card,4.0
ORD104216,2024-10-15,CUST00423,39.0,Male,East,Home & Kitchen,Coffee Maker,1,130.3,15,130.3,110.75,UPI,2.0
ORD104215,2024-10-15,CUST00560,35.0,Male,South,Electronics,Laptop Stand,2,156.63,10,313.26,281.93,Credit Card,3.0
ORD104217,2024-10-15,CUST00190,39.0,Male,West,Electronics,Laptop Stand,1,223.34,0,223.34,223.34,Debit Card,3.0
ORD104219,2024-10-16,CUST00463,40.0,Female,South,Apparel,Formal Shirt,1,47.85,0,47.85,47.85,Cash on Delivery,3.0
ORD104220,2024-10-16,CUST00181,35.0,Female,West,Electronics,Laptop Stand,1,49.72,5,49.72,47.23,Credit Card,5.0
ORD104221,2024-10-16,CUST00021,30.0,Male,Central,Apparel,Wool Sweater,1,17.77,0,17.77,17.77,Net Banking,4.0
ORD104222,2024-10-16,CUST00113,44.0,Male,East,Apparel,Yoga Pants,1,66.81,0,66.81,66.81,UPI,5.0
ORD104223,2024-10-16,CUST00390,39.0,Female,South,Apparel,Yoga Pants,1,57.67,0,57.67,57.67,Net Banking,3.0
ORD104224,2024-10-16,CUST00816,37.0,Female,Central,Electronics,Smartwatch,1,20.09,0,20.09,20.09,Debit Card,4.0
ORD104225,2024-10-16,CUST00342,38.0,Female,South,Apparel,Women's Jeans,1,77.43,5,77.43,73.56,UPI,3.0
ORD104226,2024-10-16,CUST00200,39.0,Female,East,Electronics,Smartphone Case,2,129.72,0,259.44,259.44,Debit Card,4.0
ORD104233,2024-10-17,CUST00920,27.0,Male,West,Apparel,Winter Jacket,1,26.63,5,26.63,25.3,Credit Card,4.0
ORD104232,2024-10-17,CUST00979,37.0,Male,Central,Beauty,Perfume,1,48.29,0,48.29,48.29,Debit Card,3.0
ORD104231,2024-10-17,CUST00194,26.0,Female,East,Home & Kitchen,Cutlery Set,1,80.26,15,80.26,68.22,Debit Card,2.0
ORD104229,2024-10-17,CUST00328,28.0,Male,Central,Home & Kitchen,Throw Pillow,1,87.7,0,87.7,87.7,Debit Card,4.0
ORD104228,2024-10-17,CUST00613,33.0,Male,South,Electronics,Laptop Stand,2,106.96,0,213.92,213.92,Debit Card,3.0
ORD104227,2024-10-17,CUST01147,34.0,Female,South,Electronics,Webcam,1,247.48,0,247.48,247.48,Debit Card,3.0
ORD104230,2024-10-17,CUST00310,47.0,Female,West,Electronics,Wireless Earbuds,3,151.25,0,453.75,453.75,UPI,3.0
ORD104242,2024-10-18,CUST00221,18.0,Male,South,Sports & Outdoors,Resistance Bands,1,122.08,0,122.08,122.08,Debit Card,4.0
ORD104247,2024-10-18,CUST01047,39.0,Female,North,Electronics,Smartphone Case,3,89.39,0,268.17,268.17,Credit Card,4.0
ORD104246,2024-10-18,CUST00651,22.0,Female,West,Home & Kitchen,Coffee Maker,1,164.12,0,164.12,164.12,UPI,5.0
ORD104245,2024-10-18,CUST00012,32.0,Male,Central,Apparel,Women's Jeans,1,105.03,0,105.03,105.03,Credit Card,4.0
ORD104244,2024-10-18,CUST00192,,Female,North,Apparel,Men's T-Shirt,2,45.55,0,91.1,91.1,UPI,3.0
ORD104243,2024-10-18,CUST00649,35.0,Male,East,Books,Self-Help Guide,1,18.02,0,18.02,18.02,UPI,5.0
ORD104241,2024-10-18,CUST00500,36.0,Male,,Beauty,Hair Dryer,2,25.71,0,51.42,51.42,UPI,5.0
ORD104235,2024-10-18,CUST01101,37.0,Female,North,Electronics,Laptop Stand,1,52.31,5,52.31,49.69,Net Banking,2.0
ORD104239,2024-10-18,CUST00346,19.0,Male,South,Electronics,Smartphone Case,1,218.27,0,218.27,218.27,Cash on Delivery,3.0
ORD104238,2024-10-18,CUST00907,43.0,Female,Central,Electronics,Power Bank,1,200.49,0,200.49,200.49,Net Banking,5.0
ORD104237,2024-10-18,CUST00400,18.0,Female,North,Electronics,Bluetooth Speaker,1,202.34,0,202.34,202.34,Credit Card,5.0
ORD104236,2024-10-18,CUST00582,38.0,Female,East,Apparel,Wool Sweater,1,28.69,0,28.69,28.69,UPI,3.0
ORD104234,2024-10-18,CUST00452,41.0,Male,South,Electronics,Smartphone Case,1,223.11,0,223.11,223.11,Credit Card,4.0
ORD104240,2024-10-18,CUST01161,24.0,Female,West,Sports & Outdoors,Tennis Racket,4,197.71,0,790.84,790.84,Credit Card,3.0
ORD104254,2024-10-19,CUST00008,49.0,Female,South,Books,Mystery Thriller,1,31.14,5,31.14,29.58,Cash on Delivery,5.0
ORD104257,2024-10-19,CUST00665,38.0,Female,West,Electronics,Smartwatch,1,140.21,0,140.21,140.21,UPI,4.0
ORD104256,2024-10-19,CUST00152,25.0,Male,North,Electronics,Smartwatch,1,59.3,0,59.3,59.3,Credit Card,2.0
ORD104255,2024-10-19,CUST00605,28.0,Male,West,Home & Kitchen,Cutlery Set,1,169.29,0,169.29,169.29,Debit Card,5.0
ORD104253,2024-10-19,CUST00192,,Female,East,Sports & Outdoors,Hiking Backpack,4,112.85,20,451.4,361.12,UPI,4.0
ORD104251,2024-10-19,CUST00919,44.0,Female,West,Books,Comic Book,1,8.3,15,8.3,7.05,Credit Card,3.0
ORD104250,2024-10-19,CUST00432,18.0,Male,North,Books,Comic Book,1,24.45,15,24.45,20.78,Cash on Delivery,4.0
ORD104249,2024-10-19,CUST00052,32.0,Male,South,Apparel,Men's T-Shirt,5,114.96,0,574.8,574.8,Debit Card,4.0
ORD104248,2024-10-19,CUST00942,30.0,Male,North,Electronics,Wireless Earbuds,2,143.32,0,286.64,286.64,UPI,2.0
ORD104252,2024-10-19,CUST00298,29.0,Female,West,Apparel,Running Shoes,1,49.39,0,49.39,49.39,Debit Card,4.0
ORD104263,2024-10-20,CUST01165,47.0,Female,Central,Electronics,Bluetooth Speaker,1,47.27,0,47.27,47.27,Cash on Delivery,5.0
ORD104258,2024-10-20,CUST00839,41.0,Female,Central,Electronics,Power Bank,2,215.71,0,431.42,431.42,Cash on Delivery,2.0
ORD104259,2024-10-20,CUST01105,30.0,Female,Central,Electronics,Smartphone Case,1,61.46,0,61.46,61.46,Net Banking,3.0
ORD104260,2024-10-20,CUST01049,59.0,Male,South,Apparel,Women's Jeans,2,24.74,5,49.48,47.01,Credit Card,4.0
ORD104261,2024-10-20,CUST00447,41.0,Female,East,Apparel,Men's T-Shirt,2,99.89,0,199.78,199.78,Debit Card,5.0
ORD104262,2024-10-20,CUST01068,35.0,Female,Central,Beauty,Face Moisturizer,1,37.98,0,37.98,37.98,Debit Card,4.0
ORD104264,2024-10-20,CUST01094,46.0,Male,East,Beauty,Facial Serum,2,50.22,5,100.44,95.42,UPI,5.0
ORD104268,2024-10-21,CUST00198,31.0,Male,West,Sports & Outdoors,Resistance Bands,1,87.0,0,87.0,87.0,UPI,3.0
ORD104267,2024-10-21,CUST00944,51.0,Male,Central,Sports & Outdoors,Cycling Helmet,4,83.4,0,333.6,333.6,Credit Card,2.0
ORD104265,2024-10-21,CUST00831,45.0,Male,South,Beauty,Sunscreen SPF50,1,59.63,15,59.63,50.69,Debit Card,3.0
ORD104266,2024-10-21,CUST00325,37.0,Male,North,Electronics,Smartwatch,1,168.41,0,168.41,168.41,Credit Card,3.0
ORD104277,2024-10-22,CUST01018,18.0,Female,North,Apparel,Wool Sweater,2,118.44,15,236.88,201.35,Credit Card,4.0
ORD104275,2024-10-22,CUST00625,36.0,Male,East,Apparel,Baseball Cap,2,108.94,20,217.88,174.3,Debit Card,3.0
ORD104276,2024-10-22,CUST00827,35.0,Female,East,Apparel,Running Shoes,1,18.99,15,18.99,16.14,Debit Card,5.0
ORD104274,2024-10-22,CUST00522,58.0,Female,East,Apparel,Running Shoes,2,73.85,0,147.7,147.7,Cash on Delivery,3.0
ORD104269,2024-10-22,CUST00264,50.0,Female,East,Electronics,Power Bank,1,36.0,25,36.0,27.0,Debit Card,5.0
ORD104272,2024-10-22,CUST01161,,Female,South,Electronics,USB-C Cable,1,164.26,10,164.26,147.83,UPI,3.0
ORD104271,2024-10-22,CUST00376,47.0,Female,South,Apparel,Wool Sweater,1,80.39,5,80.39,76.37,UPI,3.0
ORD104270,2024-10-22,CUST00475,34.0,Other,West,Beauty,Lipstick Set,1,34.68,0,34.68,34.68,Credit Card,4.0
ORD104273,2024-10-22,CUST01060,62.0,Female,South,Electronics,Bluetooth Speaker,1,90.0,0,90.0,90.0,UPI,2.0
ORD104282,2024-10-23,CUST00440,41.0,Female,Central,Sports & Outdoors,Cycling Helmet,1,89.79,0,89.79,89.79,UPI,3.0
ORD104283,2024-10-23,CUST00308,32.0,Male,West,Apparel,Baseball Cap,2,57.88,10,115.76,104.18,UPI,4.0
ORD104281,2024-10-23,CUST00217,19.0,Male,South,Home & Kitchen,Storage Bins,1,32.18,0,32.18,32.18,Credit Card,3.0
ORD104284,2024-10-23,CUST01038,21.0,Female,South,Apparel,Formal Shirt,1,38.84,0,38.84,38.84,UPI,5.0
ORD104279,2024-10-23,CUST00276,46.0,Female,South,Apparel,Men's T-Shirt,2,39.91,10,79.82,71.84,Credit Card,3.0
ORD104278,2024-10-23,CUST00299,38.0,Male,West,Home & Kitchen,Coffee Maker,1,109.3,5,109.3,103.84,Credit Card,4.0
ORD104280,2024-10-23,CUST00927,51.0,Female,East,Beauty,Face Moisturizer,2,47.01,0,94.02,94.02,Credit Card,3.0
ORD104285,2024-10-23,CUST00131,66.0,Male,Central,Electronics,Bluetooth Speaker,2,67.46,0,134.92,134.92,UPI,4.0
ORD104293,2024-10-24,CUST00774,34.0,Female,South,Beauty,Nail Polish,1,50.14,0,50.14,50.14,Cash on Delivery,2.0
ORD104292,2024-10-24,CUST00762,49.0,Female,South,Electronics,Laptop Stand,1,197.95,0,197.95,197.95,Credit Card,5.0
ORD104294,2024-10-24,CUST00264,50.0,Female,West,Apparel,Winter Jacket,2,18.36,0,36.72,36.72,Debit Card,3.0
ORD104290,2024-10-24,CUST00799,31.0,Male,North,Electronics,Smartphone Case,2,17.26,0,34.52,34.52,UPI,4.0
ORD104291,2024-10-24,CUST01162,29.0,Female,East,Books,Self-Help Guide,1,14.39,15,14.39,12.23,Credit Card,
ORD104289,2024-10-24,CUST01113,30.0,Male,East,Apparel,Wool Sweater,1,19.09,0,19.09,19.09,Debit Card,4.0
ORD104288,2024-10-24,CUST00824,46.0,Female,East,Apparel,Running Shoes,1,92.06,0,92.06,92.06,Debit Card,3.0
ORD104287,2024-10-24,CUST00758,19.0,Female,West,Electronics,Laptop Stand,2,139.56,0,279.12,279.12,Net Banking,3.0
ORD104286,2024-10-24,CUST00696,28.0,Female,East,Electronics,Wireless Earbuds,1,34.94,0,34.94,34.94,UPI,3.0
ORD104304,2024-10-25,CUST00135,23.0,Female,West,Electronics,Smartphone Case,1,232.22,15,232.22,197.39,UPI,5.0
ORD104303,2024-10-25,CUST00038,47.0,Female,Central,Electronics,Laptop Stand,1,37.15,0,37.15,37.15,Credit Card,4.0
ORD104301,2024-10-25,CUST00286,32.0,Male,North,Apparel,Formal Shirt,1,72.83,0,72.83,72.83,UPI,4.0
ORD104300,2024-10-25,CUST00011,54.0,Male,North,Electronics,Bluetooth Speaker,1,214.33,0,214.33,214.33,Credit Card,3.0
ORD104305,2024-10-25,CUST00801,38.0,Female,South,Apparel,Wool Sweater,1,62.48,0,62.48,62.48,Credit Card,4.0
ORD104298,2024-10-25,CUST00084,26.0,Female,West,Apparel,Men's T-Shirt,2,55.66,0,111.32,111.32,Debit Card,3.0
ORD104297,2024-10-25,CUST00736,18.0,Male,West,Beauty,Shampoo,2,42.93,15,85.86,72.98,Credit Card,2.0
ORD104296,2024-10-25,CUST00259,49.0,Female,East,Electronics,Wireless Earbuds,1,59.24,0,59.24,59.24,UPI,
ORD104295,2024-10-25,CUST00747,24.0,Other,South,Electronics,Laptop Stand,1,63.78,25,63.78,47.84,UPI,2.0
ORD104299,2024-10-25,CUST00787,22.0,Female,North,Electronics,USB-C Cable,2,24.88,0,49.76,49.76,Credit Card,4.0
ORD104302,2024-10-25,CUST00740,25.0,Female,North,Beauty,Nail Polish,2,36.26,0,72.52,72.52,UPI,4.0
ORD104306,2024-10-26,CUST00754,43.0,Female,North,Beauty,Shampoo,1,21.47,0,21.47,21.47,Net Banking,4.0
ORD104307,2024-10-26,CUST00707,32.0,Female,South,Books,Children's Storybook,1,15.76,0,15.76,15.76,UPI,3.0
ORD104308,2024-10-26,CUST01161,24.0,Female,Central,Sports & Outdoors,Hiking Backpack,1,108.67,0,108.67,108.67,Debit Card,4.0
ORD104309,2024-10-26,CUST01174,29.0,Male,East,Home & Kitchen,Storage Bins,1,165.7,0,165.7,165.7,Net Banking,3.0
ORD104310,2024-10-26,CUST00551,24.0,Male,South,Apparel,Yoga Pants,1,68.91,0,68.91,68.91,Credit Card,2.0
ORD104311,2024-10-26,CUST00736,18.0,Male,East,Apparel,Baseball Cap,1,75.33,10,75.33,67.8,Credit Card,5.0
ORD104325,2024-10-27,CUST00647,24.0,Other,West,Electronics,Wireless Earbuds,1,163.59,15,163.59,139.05,Credit Card,4.0
ORD104323,2024-10-27,CUST00195,54.0,Male,Central,Beauty,Perfume,2,85.98,10,171.96,154.76,Debit Card,5.0
ORD104324,2024-10-27,CUST00566,42.0,Other,East,Apparel,Yoga Pants,2,107.62,10,215.24,193.72,UPI,4.0
ORD104327,2024-10-27,CUST01032,21.0,Female,East,Sports & Outdoors,Dumbbell Set,1,100.77,0,100.77,100.77,Debit Card,4.0
ORD104329,2024-10-27,CUST00418,62.0,Female,North,Beauty,Lipstick Set,1,57.62,0,57.62,57.62,Debit Card,4.0
ORD104330,2024-10-27,CUST00606,49.0,Male,North,Apparel,Winter Jacket,1,15.17,0,15.17,15.17,Debit Card,
ORD104322,2024-10-27,CUST00468,48.0,Male,South,Books,Biography,2,28.02,0,56.04,56.04,UPI,3.0
ORD104328,2024-10-27,CUST00049,21.0,Other,Central,Sports & Outdoors,Dumbbell Set,1,86.83,10,86.83,78.15,Debit Card,5.0
ORD104321,2024-10-27,CUST00777,34.0,Male,South,Electronics,Smartwatch,1,214.53,0,214.53,214.53,Credit Card,2.0
ORD104326,2024-10-27,CUST00026,28.0,Male,South,Beauty,Hair Dryer,1,13.95,10,13.95,12.55,UPI,1.0
ORD104319,2024-10-27,CUST00911,18.0,Male,South,Electronics,Wireless Earbuds,4,37.01,5,148.04,140.64,Net Banking,5.0
ORD104312,2024-10-27,CUST00270,36.0,Male,West,Electronics,Laptop Stand,2,210.0,5,420.0,399.0,UPI,3.0
ORD104313,2024-10-27,CUST00733,36.0,Female,North,Apparel,Winter Jacket,2,105.11,0,210.22,210.22,UPI,3.0
ORD104314,2024-10-27,CUST00790,19.0,Male,East,Beauty,Hair Dryer,1,22.85,0,22.85,22.85,UPI,4.0
ORD104315,2024-10-27,CUST00301,26.0,Male,South,Books,Self-Help Guide,1,13.92,25,13.92,10.44,UPI,5.0
ORD104320,2024-10-27,CUST00971,32.0,Female,North,Apparel,Women's Jeans,1,69.09,25,69.09,51.82,Credit Card,1.0
ORD104316,2024-10-27,CUST01061,29.0,Male,West,Beauty,Sunscreen SPF50,2,25.89,5,51.78,49.19,UPI,5.0
ORD104317,2024-10-27,CUST00006,49.0,Female,East,Electronics,USB-C Cable,1,82.21,0,82.21,82.21,UPI,3.0
ORD104318,2024-10-27,CUST01171,48.0,Male,South,Sports & Outdoors,Water Bottle,1,82.19,0,82.19,82.19,Cash on Delivery,3.0
ORD104331,2024-10-28,CUST00092,31.0,Male,Central,Sports & Outdoors,Tennis Racket,2,76.68,0,153.36,153.36,UPI,4.0
ORD104333,2024-10-28,CUST00927,51.0,Female,South,Electronics,Wireless Earbuds,1,173.64,0,173.64,173.64,Debit Card,3.0
ORD104332,2024-10-28,CUST01131,43.0,Female,South,Sports & Outdoors,Tennis Racket,1,46.39,0,46.39,46.39,Credit Card,3.0
ORD104341,2024-10-29,CUST00075,52.0,Female,North,Beauty,Lipstick Set,1,59.42,5,59.42,56.45,Credit Card,4.0
ORD104334,2024-10-29,CUST00959,18.0,Female,North,Apparel,Winter Jacket,1,104.48,0,104.48,104.48,Cash on Delivery,3.0
ORD104335,2024-10-29,CUST00268,44.0,Male,South,Electronics,Webcam,4,247.98,0,991.92,991.92,Debit Card,5.0
ORD104336,2024-10-29,CUST00434,46.0,Male,West,Beauty,Nail Polish,1,9.15,0,9.15,9.15,Debit Card,4.0
ORD104337,2024-10-29,CUST00345,34.0,Male,Central,Sports & Outdoors,Camping Tent,3,168.73,10,506.19,455.57,UPI,3.0
ORD104338,2024-10-29,CUST00315,26.0,Male,South,Apparel,Formal Shirt,1,41.51,0,41.51,41.51,Debit Card,3.0
ORD104339,2024-10-29,CUST00090,25.0,Female,Central,Electronics,Power Bank,1,217.77,0,217.77,217.77,Cash on Delivery,2.0
ORD104340,2024-10-29,CUST00885,60.0,Male,East,Books,Cookbook,1,34.15,0,34.15,34.15,Debit Card,4.0
ORD104344,2024-10-30,CUST00612,45.0,Female,Central,Electronics,Laptop Stand,1,207.21,0,207.21,207.21,Debit Card,3.0
ORD104342,2024-10-30,CUST00046,39.0,Female,West,Apparel,Baseball Cap,2,98.53,0,197.06,197.06,Credit Card,3.0
ORD104343,2024-10-30,CUST00333,28.0,Male,Central,Electronics,USB-C Cable,1,190.26,5,190.26,180.75,Credit Card,2.0
ORD104345,2024-10-31,CUST00761,29.0,Male,West,Apparel,Yoga Pants,1,31.63,0,31.63,31.63,UPI,4.0
ORD104346,2024-10-31,CUST00278,28.0,Female,North,Electronics,Power Bank,2,15.15,10,30.3,27.27,Credit Card,4.0
ORD104347,2024-10-31,CUST00265,41.0,Female,South,Apparel,Women's Jeans,1,43.5,0,43.5,43.5,Debit Card,2.0
ORD104348,2024-10-31,CUST00258,52.0,Female,South,Apparel,Wool Sweater,1,101.43,0,101.43,101.43,UPI,4.0
ORD104349,2024-10-31,CUST01062,18.0,Female,North,Electronics,Smartphone Case,1,239.61,10,239.61,215.65,Credit Card,3.0
ORD104350,2024-10-31,CUST00775,34.0,Female,North,Beauty,Facial Serum,1,16.52,0,16.52,16.52,UPI,4.0
ORD104351,2024-10-31,CUST00206,46.0,Male,East,Home & Kitchen,Throw Pillow,1,84.32,15,84.32,71.67,UPI,4.0
ORD104353,2024-11-01,CUST01022,22.0,Male,South,Apparel,Wool Sweater,1,29.65,10,29.65,26.69,Debit Card,3.0
ORD104352,2024-11-01,CUST00994,43.0,Female,South,Electronics,Wireless Earbuds,2,99.13,0,198.26,198.26,UPI,4.0
ORD104354,2024-11-01,CUST00018,22.0,Female,East,Apparel,Running Shoes,1,58.34,5,58.34,55.42,Debit Card,4.0
ORD104355,2024-11-01,CUST00645,37.0,Male,West,Apparel,Wool Sweater,1,48.02,10,48.02,43.22,Credit Card,4.0
ORD104356,2024-11-01,CUST00772,25.0,Male,East,Home & Kitchen,Storage Bins,1,44.27,0,44.27,44.27,Credit Card,5.0
ORD104357,2024-11-01,CUST00856,34.0,Male,Central,Electronics,Power Bank,2,96.49,5,192.98,183.33,Credit Card,3.0
ORD104360,2024-11-02,CUST00134,,Female,East,Home & Kitchen,Cutlery Set,3,49.51,0,148.53,148.53,UPI,2.0
ORD104361,2024-11-02,CUST00482,47.0,Male,Central,Beauty,Shampoo,1,44.75,0,44.75,44.75,Credit Card,4.0
ORD104358,2024-11-02,CUST00245,38.0,Female,South,Apparel,Men's T-Shirt,2,50.22,0,100.44,100.44,Debit Card,3.0
ORD104359,2024-11-02,CUST01128,57.0,Female,East,Electronics,Power Bank,2,137.45,0,274.9,274.9,Cash on Delivery,
ORD104362,2024-11-02,CUST00797,18.0,Female,Central,Apparel,Formal Shirt,1,25.57,0,25.57,25.57,Credit Card,4.0
ORD104366,2024-11-03,CUST00595,18.0,Other,East,Apparel,Yoga Pants,1,68.59,0,68.59,68.59,UPI,4.0
ORD104365,2024-11-03,CUST00098,44.0,Male,East,Apparel,Men's T-Shirt,1,48.0,10,48.0,43.2,Credit Card,4.0
ORD104367,2024-11-03,CUST00090,25.0,Female,East,Electronics,Bluetooth Speaker,2,126.33,10,252.66,227.39,Credit Card,4.0
ORD104363,2024-11-03,CUST01025,46.0,Male,South,Home & Kitchen,Non-stick Pan,4,99.67,0,398.68,398.68,Cash on Delivery,4.0
ORD104364,2024-11-03,CUST00571,18.0,Male,West,Apparel,Baseball Cap,1,41.71,10,41.71,37.54,UPI,
ORD104368,2024-11-03,CUST00442,54.0,Female,South,Sports & Outdoors,Water Bottle,1,22.98,0,22.98,22.98,Cash on Delivery,4.0
ORD104374,2024-11-04,CUST01111,40.0,Male,East,Apparel,Women's Jeans,3,29.44,15,88.32,75.07,Credit Card,5.0
ORD104375,2024-11-04,CUST00045,20.0,Male,South,Home & Kitchen,LED Desk Lamp,1,145.84,0,145.84,145.84,Net Banking,3.0
ORD104373,2024-11-04,CUST00838,23.0,Female,East,Home & Kitchen,Cutlery Set,1,67.85,0,67.85,67.85,UPI,3.0
ORD104376,2024-11-04,CUST00794,32.0,Male,North,Electronics,Wireless Earbuds,1,100.16,0,100.16,100.16,Credit Card,3.0
ORD104371,2024-11-04,CUST00356,29.0,Female,West,Sports & Outdoors,Tennis Racket,1,87.6,0,87.6,87.6,Debit Card,4.0
ORD104370,2024-11-04,CUST01110,40.0,Male,Central,Beauty,Facial Serum,1,41.85,0,41.85,41.85,Debit Card,4.0
ORD104369,2024-11-04,CUST00862,29.0,Male,West,Home & Kitchen,Storage Bins,1,105.12,15,105.12,89.35,Credit Card,3.0
ORD104372,2024-11-04,CUST01098,27.0,Female,East,Home & Kitchen,Storage Bins,1,174.06,0,174.06,174.06,Credit Card,4.0
ORD104392,2024-11-05,CUST00198,31.0,Male,Central,Beauty,Hair Dryer,1,27.65,10,27.65,24.89,Credit Card,4.0
ORD104391,2024-11-05,CUST00431,20.0,Male,South,Apparel,Winter Jacket,1,116.73,5,116.73,110.89,Cash on Delivery,4.0
ORD104390,2024-11-05,CUST01119,31.0,Male,South,Electronics,Wireless Earbuds,1,94.52,15,94.52,80.34,UPI,4.0
ORD104389,2024-11-05,CUST00912,26.0,Male,North,Apparel,Men's T-Shirt,2,97.52,0,195.04,195.04,Credit Card,2.0
ORD104388,2024-11-05,CUST00173,29.0,Female,North,Home & Kitchen,Throw Pillow,2,122.98,0,245.96,245.96,UPI,3.0
ORD104387,2024-11-05,CUST01190,42.0,Male,East,Electronics,Smartwatch,2,20.79,0,41.58,41.58,Cash on Delivery,3.0
ORD104386,2024-11-05,CUST01093,46.0,Male,West,Beauty,Sunscreen SPF50,2,74.58,0,149.16,149.16,UPI,2.0
ORD104385,2024-11-05,CUST00952,45.0,Male,Central,Home & Kitchen,Non-stick Pan,2,75.52,0,151.04,151.04,Net Banking,4.0
ORD104383,2024-11-05,CUST01148,51.0,Male,West,Apparel,Women's Jeans,2,19.94,0,39.88,39.88,UPI,4.0
ORD104382,2024-11-05,CUST01162,29.0,Female,North,Sports & Outdoors,Tennis Racket,1,194.81,15,194.81,165.59,UPI,5.0
ORD104381,2024-11-05,CUST01047,39.0,Female,South,Home & Kitchen,Non-stick Pan,1,98.02,5,98.02,93.12,Cash on Delivery,4.0
ORD104380,2024-11-05,CUST00186,37.0,Male,East,Sports & Outdoors,Dumbbell Set,1,141.87,0,141.87,141.87,Debit Card,3.0
ORD104379,2024-11-05,CUST00367,20.0,Female,North,Apparel,Wool Sweater,1,22.2,0,22.2,22.2,UPI,4.0
ORD104378,2024-11-05,CUST00494,30.0,Female,West,Apparel,Men's T-Shirt,1,86.54,0,86.54,86.54,UPI,3.0
ORD104377,2024-11-05,CUST00194,26.0,Female,North,Electronics,Smartphone Case,1,71.36,0,71.36,71.36,Credit Card,5.0
ORD104384,2024-11-05,CUST00905,47.0,Female,Central,Apparel,Men's T-Shirt,5,42.58,0,212.9,212.9,Credit Card,3.0
ORD104400,2024-11-06,CUST00283,19.0,Female,North,Home & Kitchen,Air Fryer,1,81.27,10,81.27,73.14,Cash on Delivery,4.0
ORD104404,2024-11-06,CUST00328,28.0,Male,North,Home & Kitchen,Coffee Maker,2,115.69,0,231.38,231.38,UPI,3.0
ORD104403,2024-11-06,CUST00646,41.0,Male,North,Electronics,USB-C Cable,1,215.08,0,215.08,215.08,Debit Card,4.0
ORD104402,2024-11-06,CUST00122,60.0,Female,East,Apparel,Winter Jacket,1,104.5,0,104.5,104.5,UPI,3.0
ORD104401,2024-11-06,CUST01150,31.0,Female,Central,Sports & Outdoors,Tennis Racket,1,72.1,15,72.1,61.28,UPI,5.0
ORD104399,2024-11-06,CUST00590,51.0,Female,South,Apparel,Winter Jacket,1,105.87,0,105.87,105.87,Credit Card,2.0
ORD104394,2024-11-06,CUST00570,20.0,Female,South,Electronics,Smartwatch,1,48.96,0,48.96,48.96,Debit Card,3.0
ORD104397,2024-11-06,CUST00830,40.0,Female,East,Apparel,Formal Shirt,1,64.77,0,64.77,64.77,Credit Card,2.0
ORD104396,2024-11-06,CUST00434,46.0,Male,Central,Electronics,Webcam,3,74.98,0,224.94,224.94,Debit Card,4.0
ORD104395,2024-11-06,CUST00500,36.0,Male,West,Home & Kitchen,Cutlery Set,1,170.42,0,170.42,170.42,Cash on Delivery,4.0
ORD104393,2024-11-06,CUST00144,53.0,Male,North,Electronics,Smartphone Case,1,50.3,0,50.3,50.3,Credit Card,4.0
ORD104398,2024-11-06,CUST00355,47.0,Male,East,Electronics,Bluetooth Speaker,1,168.05,10,168.05,151.25,Cash on Delivery,4.0
ORD104405,2024-11-07,CUST00556,60.0,Male,East,Home & Kitchen,Coffee Maker,1,42.27,0,42.27,42.27,UPI,3.0
ORD104406,2024-11-07,CUST00644,46.0,Male,Central,Home & Kitchen,LED Desk Lamp,2,66.93,0,133.86,133.86,Debit Card,5.0
ORD104407,2024-11-07,CUST00156,44.0,Male,East,Apparel,Women's Jeans,2,82.13,0,164.26,164.26,Credit Card,1.0
ORD104408,2024-11-07,CUST01004,30.0,Male,North,Electronics,Wireless Earbuds,1,69.36,10,69.36,62.42,Debit Card,4.0
ORD104409,2024-11-07,CUST00585,35.0,Female,West,Electronics,Wireless Earbuds,1,150.14,0,150.14,150.14,Debit Card,3.0
ORD104418,2024-11-08,CUST00717,42.0,Male,Central,Apparel,Winter Jacket,1,30.31,10,30.31,27.28,Cash on Delivery,5.0
ORD104422,2024-11-08,CUST00685,33.0,Female,Central,Apparel,Yoga Pants,1,27.65,0,27.65,27.65,UPI,4.0
ORD104421,2024-11-08,CUST00485,29.0,Male,South,Apparel,Wool Sweater,4,106.24,0,424.96,424.96,Net Banking,4.0
ORD104420,2024-11-08,CUST00875,18.0,Male,West,Electronics,Smartphone Case,1,244.56,0,244.56,244.56,Credit Card,3.0
ORD104419,2024-11-08,CUST00494,30.0,Female,Central,Apparel,Winter Jacket,2,117.03,0,234.06,234.06,Cash on Delivery,4.0
ORD104417,2024-11-08,CUST00916,66.0,Female,North,Apparel,Winter Jacket,2,98.4,5,196.8,186.96,UPI,3.0
ORD104411,2024-11-08,CUST00552,45.0,Female,Central,Beauty,Sunscreen SPF50,1,22.53,10,22.53,20.28,UPI,4.0
ORD104415,2024-11-08,CUST00734,31.0,Female,South,Books,Fiction Novel,1,22.96,0,22.96,22.96,Debit Card,4.0
ORD104410,2024-11-08,CUST01178,26.0,Male,West,Books,Fiction Novel,1,35.42,15,35.42,30.11,UPI,3.0
ORD104412,2024-11-08,CUST01144,45.0,Male,South,Beauty,Face Moisturizer,1,66.22,0,66.22,66.22,Debit Card,2.0
ORD104416,2024-11-08,CUST00733,36.0,Female,Central,Home & Kitchen,Throw Pillow,2,154.24,0,308.48,308.48,UPI,4.0
ORD104414,2024-11-08,CUST00115,20.0,Male,North,Electronics,USB-C Cable,1,67.86,5,67.86,64.47,Debit Card,4.0
ORD104413,2024-11-08,CUST00592,36.0,Female,South,Sports & Outdoors,Tennis Racket,1,54.15,0,54.15,54.15,Cash on Delivery,2.0
ORD104423,2024-11-09,CUST00944,51.0,Male,Central,Electronics,Webcam,1,54.08,0,54.08,54.08,UPI,4.0
ORD104424,2024-11-09,CUST00337,42.0,Female,West,Electronics,Smartwatch,1,59.32,20,59.32,47.46,Credit Card,3.0
ORD104426,2024-11-09,CUST01069,48.0,Male,West,Beauty,Hair Dryer,1,51.94,10,51.94,46.75,Debit Card,
ORD104427,2024-11-09,CUST00765,46.0,Male,North,Sports & Outdoors,Hiking Backpack,4,114.35,5,457.4,434.53,Cash on Delivery,3.0
ORD104428,2024-11-09,CUST00512,18.0,Female,East,Home & Kitchen,Air Fryer,2,131.18,5,262.36,249.24,UPI,4.0
ORD104429,2024-11-09,CUST00870,27.0,Male,North,Sports & Outdoors,Resistance Bands,1,187.68,0,187.68,187.68,Debit Card,3.0
ORD104425,2024-11-09,CUST00839,41.0,Female,North,Apparel,Winter Jacket,2,81.48,0,162.96,162.96,Net Banking,4.0
ORD104437,2024-11-10,CUST01111,40.0,Male,West,Home & Kitchen,LED Desk Lamp,1,104.36,0,104.36,104.36,UPI,3.0
ORD104434,2024-11-10,CUST00148,40.0,Female,Central,Electronics,Bluetooth Speaker,1,197.07,0,197.07,197.07,Credit Card,5.0
ORD104436,2024-11-10,CUST00054,19.0,Female,West,Home & Kitchen,Storage Bins,1,132.64,0,132.64,132.64,Net Banking,4.0
ORD104435,2024-11-10,CUST00249,19.0,Male,North,Beauty,Perfume,1,17.24,10,17.24,15.52,UPI,4.0
ORD104433,2024-11-10,CUST00345,34.0,Male,Central,Apparel,Winter Jacket,1,37.44,0,37.44,37.44,UPI,3.0
ORD104431,2024-11-10,CUST00084,26.0,Female,North,Electronics,Bluetooth Speaker,2,240.9,0,481.8,481.8,Cash on Delivery,5.0
ORD104430,2024-11-10,CUST00784,34.0,Female,South,Electronics,USB-C Cable,4,21.79,0,87.16,87.16,Cash on Delivery,4.0
ORD104432,2024-11-10,CUST00539,52.0,Female,Central,Sports & Outdoors,Dumbbell Set,1,82.48,0,82.48,82.48,Credit Card,5.0
ORD104438,2024-11-11,CUST00223,26.0,Male,South,Apparel,Yoga Pants,1,79.13,10,79.13,71.22,UPI,3.0
ORD104439,2024-11-11,CUST01147,34.0,Female,North,Beauty,Shampoo,1,60.43,0,60.43,60.43,UPI,4.0
ORD104440,2024-11-11,CUST01029,45.0,Male,North,Electronics,Bluetooth Speaker,2,136.94,0,273.88,273.88,Debit Card,3.0
ORD104441,2024-11-11,CUST01133,32.0,Female,South,Home & Kitchen,LED Desk Lamp,1,44.61,25,44.61,33.46,UPI,5.0
ORD104442,2024-11-11,CUST00225,38.0,Male,Central,Electronics,Smartphone Case,1,105.99,0,105.99,105.99,UPI,4.0
ORD104443,2024-11-11,CUST00652,32.0,Male,East,Electronics,USB-C Cable,1,62.27,5,62.27,59.16,UPI,3.0
ORD104444,2024-11-11,CUST00849,18.0,Female,West,Beauty,Nail Polish,2,89.62,10,179.24,161.32,Credit Card,5.0
ORD104445,2024-11-11,CUST00962,20.0,Male,South,Electronics,Wireless Earbuds,1,104.87,15,104.87,89.14,UPI,4.0
ORD104452,2024-11-12,CUST00377,39.0,Male,East,Beauty,Shampoo,1,19.97,0,19.97,19.97,Cash on Delivery,5.0
ORD104454,2024-11-12,CUST00330,26.0,Male,North,Sports & Outdoors,Tennis Racket,1,77.93,0,77.93,77.93,Credit Card,3.0
ORD104453,2024-11-12,CUST00681,28.0,Male,South,Home & Kitchen,LED Desk Lamp,1,135.83,0,135.83,135.83,Credit Card,4.0
ORD104451,2024-11-12,CUST00229,42.0,Female,Central,Home & Kitchen,Cutlery Set,1,22.31,0,22.31,22.31,UPI,4.0
ORD104448,2024-11-12,CUST00609,48.0,Female,,Books,Cookbook,1,18.93,10,18.93,17.04,Debit Card,4.0
ORD104449,2024-11-12,CUST00211,36.0,Male,South,Home & Kitchen,Blender,1,113.46,15,113.46,96.44,Credit Card,2.0
ORD104446,2024-11-12,CUST00942,30.0,Male,West,Electronics,Wireless Earbuds,3,202.91,0,608.73,608.73,UPI,4.0
ORD104450,2024-11-12,CUST01147,34.0,Female,East,Electronics,Power Bank,1,42.5,0,42.5,42.5,Net Banking,3.0
ORD104447,2024-11-12,CUST00032,18.0,Male,East,Apparel,Women's Jeans,2,18.1,0,36.2,36.2,Net Banking,3.0
ORD104455,2024-11-13,CUST00481,35.0,Female,North,Electronics,Smartphone Case,2,33.78,5,67.56,64.18,Net Banking,5.0
ORD104456,2024-11-13,CUST00899,48.0,Male,East,Books,Mystery Thriller,4,7.66,10,30.64,27.58,Credit Card,2.0
ORD104457,2024-11-13,CUST01195,27.0,Female,West,Apparel,Formal Shirt,1,62.6,0,62.6,62.6,Debit Card,2.0
ORD104458,2024-11-13,CUST01048,36.0,Female,East,Home & Kitchen,Non-stick Pan,2,86.38,0,172.76,172.76,UPI,2.0
ORD104459,2024-11-13,CUST00943,19.0,Male,West,Electronics,USB-C Cable,1,35.84,0,35.84,35.84,Net Banking,4.0
ORD104464,2024-11-14,CUST01194,40.0,Female,West,Home & Kitchen,Air Fryer,3,35.92,0,107.76,107.76,UPI,
ORD104460,2024-11-14,CUST00933,24.0,Male,Central,Electronics,Smartwatch,1,129.86,0,129.86,129.86,Cash on Delivery,4.0
ORD104461,2024-11-14,CUST01043,18.0,Male,North,Electronics,Bluetooth Speaker,3,107.04,0,321.12,321.12,Net Banking,4.0
ORD104462,2024-11-14,CUST00044,28.0,Female,Central,Electronics,USB-C Cable,1,133.9,0,133.9,133.9,UPI,3.0
ORD104463,2024-11-14,CUST00667,,Male,Central,Home & Kitchen,Storage Bins,2,114.79,0,229.58,229.58,Net Banking,3.0
ORD104465,2024-11-14,CUST00259,49.0,Female,West,Electronics,Smartwatch,1,51.62,0,51.62,51.62,UPI,3.0
ORD104477,2024-11-15,CUST00820,28.0,Male,North,Apparel,Winter Jacket,1,14.9,0,14.9,14.9,UPI,4.0
ORD104478,2024-11-15,CUST01200,48.0,Female,South,Home & Kitchen,Coffee Maker,1,171.38,5,171.38,162.81,Cash on Delivery,4.0
ORD104479,2024-11-15,CUST00354,18.0,Female,North,Home & Kitchen,Storage Bins,1,96.25,0,96.25,96.25,Credit Card,5.0
ORD104470,2024-11-15,CUST00942,30.0,Male,West,Books,Children's Storybook,2,36.11,0,72.22,72.22,UPI,3.0
ORD104481,2024-11-15,CUST00486,22.0,Female,North,Apparel,Winter Jacket,1,79.41,0,79.41,79.41,UPI,4.0
ORD104482,2024-11-15,CUST00149,32.0,Male,South,Apparel,Formal Shirt,2,19.41,0,38.82,38.82,Credit Card,3.0
ORD104476,2024-11-15,CUST00685,33.0,Female,West,Books,Mystery Thriller,1,20.76,0,20.76,20.76,UPI,2.0
ORD104480,2024-11-15,CUST01178,26.0,Male,East,Apparel,Running Shoes,2,77.25,0,154.5,154.5,Cash on Delivery,2.0
ORD104475,2024-11-15,CUST01065,46.0,Female,West,Home & Kitchen,Cutlery Set,1,49.56,0,49.56,49.56,Debit Card,4.0
ORD104469,2024-11-15,CUST00387,32.0,Male,Central,Home & Kitchen,Blender,1,67.04,0,67.04,67.04,UPI,4.0
ORD104473,2024-11-15,CUST00501,72.0,Male,North,Sports & Outdoors,Resistance Bands,2,185.57,0,371.14,371.14,Credit Card,4.0
ORD104472,2024-11-15,CUST00767,51.0,Male,East,Apparel,Running Shoes,1,25.54,0,25.54,25.54,Net Banking,4.0
ORD104471,2024-11-15,CUST01141,32.0,Male,East,Apparel,Yoga Pants,1,76.55,20,76.55,61.24,Credit Card,4.0
ORD104468,2024-11-15,CUST00953,21.0,Female,Central,Apparel,Formal Shirt,1,73.36,10,73.36,66.02,Debit Card,4.0
ORD104467,2024-11-15,CUST00554,30.0,Female,South,Books,Mystery Thriller,1,13.34,0,13.34,13.34,UPI,2.0
ORD104466,2024-11-15,CUST00623,48.0,Male,East,Sports & Outdoors,Camping Tent,1,60.4,5,60.4,57.38,Cash on Delivery,4.0
ORD104474,2024-11-15,CUST00581,18.0,Female,East,Apparel,Formal Shirt,1,86.38,15,86.38,73.42,Cash on Delivery,4.0
ORD104489,2024-11-16,CUST00230,48.0,Female,South,Electronics,Wireless Earbuds,1,224.36,0,224.36,224.36,Debit Card,3.0
ORD104492,2024-11-16,CUST00726,48.0,Female,West,Apparel,Wool Sweater,2,11.82,10,23.64,21.28,Debit Card,3.0
ORD104491,2024-11-16,CUST01095,39.0,Female,Central,Electronics,Webcam,1,242.27,5,242.27,230.16,Debit Card,5.0
ORD104490,2024-11-16,CUST01101,37.0,Female,East,Beauty,Shampoo,1,69.61,10,69.61,62.65,UPI,4.0
ORD104493,2024-11-16,CUST00354,18.0,Female,South,Electronics,Wireless Earbuds,2,192.04,20,384.08,307.26,UPI,5.0
ORD104487,2024-11-16,CUST00269,39.0,Male,East,Electronics,Wireless Earbuds,4,29.85,0,119.4,119.4,Credit Card,2.0
ORD104486,2024-11-16,CUST00614,18.0,Male,East,Sports & Outdoors,Water Bottle,1,82.12,10,82.12,73.91,Credit Card,4.0
ORD104485,2024-11-16,CUST00451,50.0,Male,South,Beauty,Shampoo,2,9.05,0,18.1,18.1,UPI,2.0
ORD104484,2024-11-16,CUST00990,39.0,Female,East,Home & Kitchen,Storage Bins,1,22.63,15,22.63,19.24,Credit Card,3.0
ORD104483,2024-11-16,CUST00002,22.0,Female,,Apparel,Formal Shirt,4,49.29,0,197.16,197.16,UPI,4.0
ORD104488,2024-11-16,CUST00948,47.0,Female,North,Home & Kitchen,LED Desk Lamp,1,107.95,10,107.95,97.15,Credit Card,2.0
ORD104504,2024-11-17,CUST00655,32.0,Female,South,Home & Kitchen,Coffee Maker,1,84.38,0,84.38,84.38,Credit Card,5.0
ORD104503,2024-11-17,CUST00004,40.0,Male,Central,Home & Kitchen,Storage Bins,3,137.82,0,413.46,413.46,Debit Card,3.0
ORD104502,2024-11-17,CUST00630,30.0,Male,North,Beauty,Sunscreen SPF50,4,34.47,0,137.88,137.88,Debit Card,5.0
ORD104501,2024-11-17,CUST00901,32.0,Male,West,Apparel,Winter Jacket,3,99.09,15,297.27,252.68,Credit Card,4.0
ORD104500,2024-11-17,CUST00858,19.0,Female,South,Electronics,Webcam,1,176.59,0,176.59,176.59,Credit Card,4.0
ORD104499,2024-11-17,CUST01067,18.0,Male,South,Apparel,Yoga Pants,1,35.23,10,35.23,31.71,Credit Card,4.0
ORD104498,2024-11-17,CUST01014,33.0,Male,Central,Electronics,Power Bank,1,16.43,0,16.43,16.43,Debit Card,3.0
ORD104497,2024-11-17,CUST00430,34.0,Female,West,Sports & Outdoors,Dumbbell Set,1,132.86,0,132.86,132.86,UPI,4.0
ORD104496,2024-11-17,CUST00008,49.0,Female,Central,Apparel,Yoga Pants,3,90.07,0,270.21,270.21,Cash on Delivery,4.0
ORD104495,2024-11-17,CUST01146,51.0,Female,North,Home & Kitchen,Air Fryer,1,38.76,20,38.76,31.01,Cash on Delivery,4.0
ORD104494,2024-11-17,CUST00490,28.0,Female,West,Sports & Outdoors,Dumbbell Set,1,40.09,0,40.09,40.09,Credit Card,3.0
ORD104516,2024-11-18,CUST00341,30.0,Female,West,Sports & Outdoors,Cycling Helmet,1,118.99,5,118.99,113.04,Credit Card,
ORD104517,2024-11-18,CUST00244,43.0,Male,North,Electronics,Smartwatch,1,102.47,0,102.47,102.47,UPI,4.0
ORD104515,2024-11-18,CUST00216,31.0,Male,South,Apparel,Running Shoes,1,115.17,0,115.17,115.17,UPI,3.0
ORD104514,2024-11-18,CUST00908,37.0,Female,North,Electronics,Smartwatch,2,193.06,0,386.12,386.12,Debit Card,5.0
ORD104513,2024-11-18,CUST00860,40.0,Female,East,Sports & Outdoors,Camping Tent,1,91.14,0,91.14,91.14,UPI,3.0
ORD104512,2024-11-18,CUST00097,30.0,Male,East,Apparel,Running Shoes,1,104.67,0,104.67,104.67,Credit Card,2.0
ORD104506,2024-11-18,CUST00924,50.0,Male,East,Electronics,Laptop Stand,2,93.0,0,186.0,186.0,Credit Card,3.0
ORD104510,2024-11-18,CUST00887,18.0,Male,North,Home & Kitchen,Blender,1,106.15,15,106.15,90.23,UPI,3.0
ORD104509,2024-11-18,CUST00379,29.0,Male,North,Sports & Outdoors,Water Bottle,1,182.71,0,182.71,182.71,Cash on Delivery,3.0
ORD104508,2024-11-18,CUST00089,34.0,Female,West,Home & Kitchen,LED Desk Lamp,1,68.88,20,68.88,55.1,Cash on Delivery,3.0
ORD104507,2024-11-18,CUST00735,34.0,Female,West,Electronics,Bluetooth Speaker,4,209.99,0,839.96,839.96,Credit Card,3.0
ORD104505,2024-11-18,CUST00799,31.0,Male,East,Apparel,Running Shoes,1,96.44,0,96.44,96.44,Debit Card,4.0
ORD104511,2024-11-18,CUST01087,42.0,Female,Central,Electronics,Smartwatch,5,38.0,0,190.0,190.0,UPI,4.0
ORD104525,2024-11-19,CUST00109,21.0,Female,West,Electronics,USB-C Cable,1,241.58,0,241.58,241.58,Debit Card,3.0
ORD104530,2024-11-19,CUST00787,22.0,Female,West,Beauty,Perfume,2,87.38,20,174.76,139.81,Credit Card,4.0
ORD104529,2024-11-19,CUST00028,31.0,Female,North,Apparel,Formal Shirt,1,18.07,0,18.07,18.07,Debit Card,2.0
ORD104528,2024-11-19,CUST00714,34.0,Female,South,Books,Fiction Novel,1,8.74,0,8.74,8.74,UPI,4.0
ORD104526,2024-11-19,CUST00644,46.0,Male,East,Beauty,Nail Polish,1,28.1,10,28.1,25.29,Credit Card,4.0
ORD104524,2024-11-19,CUST00770,38.0,Female,South,Electronics,Wireless Earbuds,2,49.87,0,99.74,99.74,Credit Card,4.0
ORD104527,2024-11-19,CUST00679,69.0,Female,North,Sports & Outdoors,Resistance Bands,3,154.57,0,463.71,463.71,Credit Card,3.0
ORD104522,2024-11-19,CUST01186,38.0,Male,North,Apparel,Baseball Cap,2,14.43,0,28.86,28.86,UPI,4.0
ORD104521,2024-11-19,CUST00684,47.0,Female,Central,Home & Kitchen,Cutlery Set,1,90.7,0,90.7,90.7,Cash on Delivery,4.0
ORD104523,2024-11-19,CUST00901,32.0,Male,East,Beauty,Perfume,1,20.9,10,20.9,18.81,Debit Card,4.0
ORD104520,2024-11-19,CUST01063,27.0,Male,North,Sports & Outdoors,Water Bottle,1,156.0,0,156.0,156.0,Credit Card,4.0
ORD104519,2024-11-19,CUST00354,18.0,Female,East,Apparel,Men's T-Shirt,1,74.27,0,74.27,74.27,Debit Card,4.0
ORD104518,2024-11-19,CUST00732,40.0,Male,Central,Beauty,Nail Polish,1,25.51,5,25.51,24.23,Credit Card,3.0
ORD104541,2024-11-20,CUST00166,34.0,Other,East,Home & Kitchen,LED Desk Lamp,2,101.78,0,203.56,203.56,Credit Card,5.0
ORD104540,2024-11-20,CUST00821,39.0,Female,North,Electronics,USB-C Cable,1,115.65,10,115.65,104.09,Debit Card,3.0
ORD104539,2024-11-20,CUST00117,38.0,Male,West,Electronics,Wireless Earbuds,2,136.49,0,272.98,272.98,Debit Card,5.0
ORD104538,2024-11-20,CUST00311,45.0,Female,West,Apparel,Formal Shirt,1,104.76,0,104.76,104.76,UPI,4.0
ORD104537,2024-11-20,CUST00390,39.0,Female,West,Beauty,Facial Serum,1,55.21,25,55.21,41.41,Debit Card,4.0
ORD104542,2024-11-20,CUST00490,28.0,Female,North,Electronics,Laptop Stand,1,176.84,10,176.84,159.16,Net Banking,5.0
ORD104535,2024-11-20,CUST00394,43.0,Female,North,Home & Kitchen,Throw Pillow,1,23.4,5,23.4,22.23,Credit Card,3.0
ORD104534,2024-11-20,CUST00359,53.0,Female,North,Sports & Outdoors,Resistance Bands,1,140.54,20,140.54,112.43,Debit Card,5.0
ORD104533,2024-11-20,CUST00364,30.0,Female,Central,Beauty,Face Moisturizer,2,42.84,0,85.68,85.68,UPI,3.0
ORD104532,2024-11-20,CUST00206,46.0,Male,Central,Apparel,Formal Shirt,1,35.55,0,35.55,35.55,Credit Card,4.0
ORD104531,2024-11-20,CUST00095,49.0,Male,Central,Home & Kitchen,Throw Pillow,1,172.73,0,172.73,172.73,Credit Card,4.0
ORD104536,2024-11-20,CUST00743,48.0,Female,South,Electronics,Laptop Stand,1,81.89,10,81.89,73.7,Debit Card,5.0
ORD104556,2024-11-21,CUST00471,21.0,Male,West,Books,Self-Help Guide,1,14.92,20,14.92,11.94,Cash on Delivery,2.0
ORD104555,2024-11-21,CUST00130,38.0,Male,West,Electronics,Smartphone Case,1,174.25,15,174.25,148.11,UPI,4.0
ORD104554,2024-11-21,CUST00149,32.0,Male,North,Electronics,Webcam,1,202.33,10,202.33,182.1,Credit Card,4.0
ORD104553,2024-11-21,CUST00053,52.0,Male,Central,Electronics,Laptop Stand,1,32.61,5,32.61,30.98,UPI,5.0
ORD104552,2024-11-21,CUST00641,18.0,Male,South,Home & Kitchen,Throw Pillow,1,15.43,0,15.43,15.43,Cash on Delivery,5.0
ORD104551,2024-11-21,CUST00121,27.0,Male,East,Apparel,Winter Jacket,3,50.77,0,152.31,152.31,Credit Card,5.0
ORD104550,2024-11-21,CUST00109,21.0,Female,South,Books,Fiction Novel,1,24.04,0,24.04,24.04,Net Banking,3.0
ORD104548,2024-11-21,CUST00383,59.0,Male,South,Apparel,Formal Shirt,2,81.54,10,163.08,146.77,UPI,5.0
ORD104547,2024-11-21,CUST01095,39.0,Female,West,Sports & Outdoors,Camping Tent,1,178.89,0,178.89,178.89,UPI,5.0
ORD104546,2024-11-21,CUST00619,29.0,Female,South,Sports & Outdoors,Water Bottle,2,41.78,10,83.56,75.2,Credit Card,4.0
ORD104545,2024-11-21,CUST00873,25.0,Female,East,Home & Kitchen,Throw Pillow,1,103.54,5,103.54,98.36,Credit Card,4.0
ORD104544,2024-11-21,CUST01114,18.0,Female,South,Sports & Outdoors,Resistance Bands,1,160.11,0,160.11,160.11,UPI,3.0
ORD104543,2024-11-21,CUST00990,39.0,Female,Central,Beauty,Lipstick Set,1,74.3,0,74.3,74.3,Debit Card,4.0
ORD104549,2024-11-21,CUST00352,18.0,Female,South,Home & Kitchen,Air Fryer,1,36.0,5,36.0,34.2,Debit Card,3.0
ORD104562,2024-11-22,CUST01190,42.0,Male,South,Home & Kitchen,Throw Pillow,2,23.99,5,47.98,45.58,Credit Card,3.0
ORD104564,2024-11-22,CUST00918,28.0,Male,,Sports & Outdoors,Cycling Helmet,2,44.43,15,88.86,75.53,Credit Card,3.0
ORD104561,2024-11-22,CUST00999,43.0,Other,South,Electronics,Smartwatch,4,112.66,25,450.64,337.98,Debit Card,4.0
ORD104563,2024-11-22,CUST01081,41.0,Female,East,Apparel,Men's T-Shirt,2,44.01,0,88.02,88.02,Credit Card,3.0
ORD104559,2024-11-22,CUST00379,29.0,Male,West,Home & Kitchen,Throw Pillow,1,52.43,5,52.43,49.81,Net Banking,3.0
ORD104557,2024-11-22,CUST00154,50.0,Female,West,Books,Biography,1,27.58,0,27.58,27.58,Cash on Delivery,4.0
ORD104560,2024-11-22,CUST01162,29.0,Female,Central,Apparel,Women's Jeans,2,13.88,0,27.76,27.76,UPI,3.0
ORD104558,2024-11-22,CUST00592,36.0,Female,,Home & Kitchen,Storage Bins,1,104.69,0,104.69,104.69,Debit Card,3.0
ORD104572,2024-11-23,CUST01200,48.0,Female,West,Apparel,Wool Sweater,2,18.5,15,37.0,31.45,Debit Card,4.0
ORD104577,2024-11-23,CUST00248,40.0,Female,Central,Sports & Outdoors,Hiking Backpack,1,190.49,5,190.49,180.97,Credit Card,4.0
ORD104576,2024-11-23,CUST00632,19.0,Female,East,Beauty,Face Moisturizer,1,75.65,5,75.65,71.87,Debit Card,4.0
ORD104575,2024-11-23,CUST00983,37.0,Female,East,Sports & Outdoors,Hiking Backpack,1,60.92,0,60.92,60.92,Net Banking,3.0
ORD104574,2024-11-23,CUST00727,18.0,Other,Central,Home & Kitchen,Throw Pillow,3,94.22,0,282.66,282.66,Credit Card,3.0
ORD104573,2024-11-23,CUST00293,33.0,Male,South,Beauty,Sunscreen SPF50,1,12.56,0,12.56,12.56,UPI,3.0
ORD104571,2024-11-23,CUST00453,44.0,Male,East,Sports & Outdoors,Resistance Bands,2,25.97,10,51.94,46.75,UPI,4.0
ORD104570,2024-11-23,CUST00440,41.0,Female,North,Books,Mystery Thriller,1,32.0,15,32.0,27.2,UPI,3.0
ORD104569,2024-11-23,CUST00331,54.0,Female,Central,Apparel,Baseball Cap,1,31.06,0,31.06,31.06,Debit Card,3.0
ORD104568,2024-11-23,CUST01034,24.0,Female,North,Electronics,Smartphone Case,1,231.03,0,231.03,231.03,Credit Card,2.0
ORD104567,2024-11-23,CUST00531,23.0,Male,North,Electronics,Smartwatch,1,84.49,0,84.49,84.49,Credit Card,2.0
ORD104566,2024-11-23,CUST00841,55.0,Male,West,Apparel,Winter Jacket,1,52.54,0,52.54,52.54,Cash on Delivery,3.0
ORD104565,2024-11-23,CUST00895,48.0,Male,South,Electronics,Laptop Stand,2,153.38,5,306.76,291.42,Credit Card,4.0
ORD104585,2024-11-24,CUST00480,52.0,Female,East,Electronics,Smartwatch,2,172.28,0,344.56,344.56,UPI,3.0
ORD104584,2024-11-24,CUST00919,44.0,Female,East,Electronics,Bluetooth Speaker,1,249.93,0,249.93,249.93,Net Banking,4.0
ORD104583,2024-11-24,CUST01150,31.0,Female,East,Apparel,Wool Sweater,1,74.91,0,74.91,74.91,Credit Card,3.0
ORD104586,2024-11-24,CUST00478,40.0,Female,North,Electronics,Smartwatch,1,167.55,15,167.55,142.42,Debit Card,5.0
ORD104581,2024-11-24,CUST00301,26.0,Male,South,Apparel,Yoga Pants,1,14.87,15,14.87,12.64,UPI,3.0
ORD104580,2024-11-24,CUST00922,35.0,Female,East,Electronics,Smartphone Case,2,127.57,0,255.14,255.14,Credit Card,4.0
ORD104579,2024-11-24,CUST00282,26.0,Male,East,Apparel,Wool Sweater,1,109.26,15,109.26,92.87,Cash on Delivery,3.0
ORD104578,2024-11-24,CUST01099,34.0,Other,North,Electronics,Smartwatch,1,30.89,0,30.89,30.89,Debit Card,3.0
ORD104582,2024-11-24,CUST01188,30.0,Male,South,Electronics,Webcam,1,52.19,0,52.19,52.19,Credit Card,3.0
ORD104599,2024-11-25,CUST00879,32.0,Female,East,Sports & Outdoors,Hiking Backpack,2,130.75,0,261.5,261.5,Credit Card,3.0
ORD104598,2024-11-25,CUST01100,58.0,Female,South,Electronics,Webcam,2,130.89,0,261.78,261.78,UPI,3.0
ORD104597,2024-11-25,CUST00414,25.0,Male,South,Sports & Outdoors,Camping Tent,1,136.72,0,136.72,136.72,Cash on Delivery,5.0
ORD104596,2024-11-25,CUST00006,49.0,Female,West,Apparel,Baseball Cap,1,82.77,0,82.77,82.77,Debit Card,5.0
ORD104595,2024-11-25,CUST00714,34.0,Female,Central,Electronics,Smartwatch,1,131.79,0,131.79,131.79,Credit Card,4.0
ORD104594,2024-11-25,CUST00490,28.0,Female,Central,Home & Kitchen,LED Desk Lamp,1,177.58,0,177.58,177.58,Debit Card,
ORD104592,2024-11-25,CUST00170,47.0,Male,West,Books,Business Book,4,17.11,0,68.44,68.44,Net Banking,3.0
ORD104591,2024-11-25,CUST00891,50.0,Female,North,Sports & Outdoors,Resistance Bands,1,38.43,0,38.43,38.43,UPI,3.0
ORD104590,2024-11-25,CUST01029,45.0,Male,West,Electronics,Wireless Earbuds,2,210.75,0,421.5,421.5,Cash on Delivery,3.0
ORD104589,2024-11-25,CUST00849,18.0,Female,East,Books,Business Book,1,28.13,0,28.13,28.13,Cash on Delivery,4.0
ORD104588,2024-11-25,CUST00610,30.0,Other,East,Sports & Outdoors,Camping Tent,3,111.43,0,334.29,334.29,Debit Card,4.0
ORD104587,2024-11-25,CUST00016,18.0,Male,East,Electronics,Wireless Earbuds,1,227.29,0,227.29,227.29,Credit Card,1.0
ORD104593,2024-11-25,CUST01128,57.0,Female,Central,Apparel,Winter Jacket,1,13.29,5,13.29,12.63,Credit Card,5.0
ORD104604,2024-11-26,CUST00929,38.0,Male,East,Beauty,Lipstick Set,1,28.0,0,28.0,28.0,Debit Card,3.0
ORD104602,2024-11-26,CUST00934,28.0,Female,Central,Electronics,Webcam,2,21.06,15,42.12,35.8,Credit Card,2.0
ORD104603,2024-11-26,CUST00577,41.0,Female,East,Electronics,Smartphone Case,1,198.86,5,198.86,188.92,UPI,3.0
ORD104600,2024-11-26,CUST00876,35.0,Male,East,Electronics,Power Bank,1,72.11,0,72.11,72.11,Credit Card,4.0
ORD104601,2024-11-26,CUST00882,25.0,Male,North,Home & Kitchen,Non-stick Pan,1,85.8,0,85.8,85.8,Credit Card,5.0
ORD104615,2024-11-27,CUST00868,18.0,Male,West,Home & Kitchen,Air Fryer,1,38.52,0,38.52,38.52,UPI,4.0
ORD104614,2024-11-27,CUST00501,72.0,Male,West,Sports & Outdoors,Camping Tent,2,54.24,0,108.48,108.48,Net Banking,3.0
ORD104613,2024-11-27,CUST00933,24.0,Male,East,Home & Kitchen,Coffee Maker,3,85.3,25,255.9,191.92,Credit Card,4.0
ORD104612,2024-11-27,CUST01032,21.0,Female,East,Beauty,Perfume,1,56.14,0,56.14,56.14,UPI,3.0
ORD104610,2024-11-27,CUST00879,32.0,Female,West,Apparel,Winter Jacket,1,65.27,0,65.27,65.27,Debit Card,2.0
ORD104611,2024-11-27,CUST00826,58.0,Male,West,Apparel,Yoga Pants,1,113.39,10,113.39,102.05,UPI,3.0
ORD104608,2024-11-27,CUST00010,41.0,Other,South,Sports & Outdoors,Cycling Helmet,1,182.45,10,182.45,164.21,Cash on Delivery,4.0
ORD104607,2024-11-27,CUST00108,18.0,Male,,Apparel,Winter Jacket,1,67.99,10,67.99,61.19,Credit Card,4.0
ORD104606,2024-11-27,CUST00022,25.0,Male,North,Beauty,Perfume,1,69.03,0,69.03,69.03,Debit Card,3.0
ORD104605,2024-11-27,CUST00468,48.0,Male,North,Apparel,Men's T-Shirt,1,98.17,10,98.17,88.35,Debit Card,4.0
ORD104609,2024-11-27,CUST00023,19.0,Male,East,Electronics,Webcam,1,230.21,25,230.21,172.66,Cash on Delivery,2.0
ORD104622,2024-11-28,CUST00419,25.0,Female,North,Beauty,Lipstick Set,1,27.6,0,27.6,27.6,Cash on Delivery,4.0
ORD104625,2024-11-28,CUST01049,59.0,Male,North,Electronics,Wireless Earbuds,3,184.03,10,552.09,496.88,UPI,5.0
ORD104624,2024-11-28,CUST00710,52.0,Male,South,Home & Kitchen,Blender,1,163.25,0,163.25,163.25,UPI,5.0
ORD104626,2024-11-28,CUST00394,43.0,Female,East,Beauty,Hair Dryer,1,11.64,0,11.64,11.64,UPI,4.0
ORD104621,2024-11-28,CUST00517,38.0,Female,North,Apparel,Baseball Cap,2,92.12,10,184.24,165.82,Debit Card,4.0
ORD104623,2024-11-28,CUST01120,56.0,Female,,Sports & Outdoors,Cycling Helmet,1,84.18,0,84.18,84.18,UPI,4.0
ORD104619,2024-11-28,CUST01045,22.0,Female,Central,Electronics,Smartphone Case,1,108.27,0,108.27,108.27,Cash on Delivery,3.0
ORD104618,2024-11-28,CUST00207,18.0,Female,North,Apparel,Men's T-Shirt,1,85.59,10,85.59,77.03,Net Banking,3.0
ORD104617,2024-11-28,CUST00819,40.0,Female,West,Home & Kitchen,Non-stick Pan,1,170.51,15,170.51,144.93,UPI,5.0
ORD104616,2024-11-28,CUST01122,18.0,Female,North,Sports & Outdoors,Resistance Bands,1,68.48,10,68.48,61.63,Credit Card,3.0
ORD104620,2024-11-28,CUST00643,33.0,Male,South,Apparel,Women's Jeans,2,30.86,0,61.72,61.72,Credit Card,4.0
ORD104636,2024-11-29,CUST01106,50.0,Female,North,Apparel,Wool Sweater,3,50.02,5,150.06,142.56,UPI,4.0
ORD104635,2024-11-29,CUST00033,40.0,Male,East,Home & Kitchen,Coffee Maker,1,32.9,0,32.9,32.9,Credit Card,3.0
ORD104634,2024-11-29,CUST01144,45.0,Male,West,Electronics,Bluetooth Speaker,1,65.65,0,65.65,65.65,UPI,4.0
ORD104633,2024-11-29,CUST00134,69.0,Female,East,Home & Kitchen,Cutlery Set,1,137.35,0,137.35,137.35,Debit Card,3.0
ORD104632,2024-11-29,CUST00326,30.0,Male,Central,Beauty,Shampoo,2,72.95,0,145.9,145.9,Debit Card,3.0
ORD104630,2024-11-29,CUST01144,45.0,Male,Central,Books,Business Book,1,27.34,0,27.34,27.34,Credit Card,4.0
ORD104629,2024-11-29,CUST00660,32.0,Female,North,Home & Kitchen,Storage Bins,3,133.28,0,399.84,399.84,Credit Card,5.0
ORD104628,2024-11-29,CUST00238,35.0,Female,Central,Sports & Outdoors,Camping Tent,2,66.99,0,133.98,133.98,Net Banking,5.0
ORD104627,2024-11-29,CUST00628,32.0,Male,Central,Books,Cookbook,1,26.44,0,26.44,26.44,UPI,3.0
ORD104631,2024-11-29,CUST01036,36.0,Female,South,Sports & Outdoors,Camping Tent,1,37.02,0,37.02,37.02,Credit Card,4.0
ORD104650,2024-11-30,CUST01118,37.0,Male,South,Electronics,Wireless Earbuds,1,200.36,0,200.36,200.36,UPI,4.0
ORD104649,2024-11-30,CUST00957,41.0,Female,West,Books,Fiction Novel,1,37.83,20,37.83,30.26,Credit Card,4.0
ORD104648,2024-11-30,CUST00349,52.0,Female,West,Apparel,Baseball Cap,2,69.26,0,138.52,138.52,Net Banking,5.0
ORD104647,2024-11-30,CUST00889,34.0,Male,West,Apparel,Running Shoes,1,116.31,0,116.31,116.31,Credit Card,3.0
ORD104646,2024-11-30,CUST00062,18.0,Female,North,Electronics,Smartphone Case,1,82.2,0,82.2,82.2,Credit Card,4.0
ORD104645,2024-11-30,CUST00529,18.0,Female,West,Electronics,Laptop Stand,1,16.18,15,16.18,13.75,Credit Card,4.0
ORD104644,2024-11-30,CUST01026,53.0,Male,East,Electronics,Power Bank,1,242.33,10,242.33,218.1,Net Banking,4.0
ORD104642,2024-11-30,CUST00823,41.0,Female,South,Sports & Outdoors,Camping Tent,1,198.66,0,198.66,198.66,UPI,4.0
ORD104641,2024-11-30,CUST00307,38.0,Male,South,Sports & Outdoors,Cycling Helmet,2,182.42,15,364.84,310.11,UPI,4.0
ORD104640,2024-11-30,CUST00321,44.0,Male,South,Electronics,Laptop Stand,2,138.05,5,276.1,262.3,UPI,5.0
ORD104639,2024-11-30,CUST00387,32.0,Male,South,Electronics,Smartphone Case,1,80.93,0,80.93,80.93,Net Banking,4.0
ORD104638,2024-11-30,CUST00176,40.0,Female,North,Beauty,Sunscreen SPF50,1,24.6,0,24.6,24.6,Credit Card,2.0
ORD104637,2024-11-30,CUST00707,32.0,Female,West,Apparel,Wool Sweater,1,41.74,0,41.74,41.74,Credit Card,5.0
ORD104643,2024-11-30,CUST00647,24.0,Other,West,Apparel,Winter Jacket,1,116.26,5,116.26,110.45,Credit Card,5.0
ORD104662,2024-12-01,CUST00334,35.0,Female,West,Beauty,Face Moisturizer,1,73.47,0,73.47,73.47,Credit Card,5.0
ORD104661,2024-12-01,CUST00032,18.0,Male,North,Home & Kitchen,Non-stick Pan,2,63.68,0,127.36,127.36,Cash on Delivery,2.0
ORD104660,2024-12-01,CUST00011,54.0,Male,Central,Beauty,Nail Polish,1,65.96,10,65.96,59.36,Credit Card,2.0
ORD104659,2024-12-01,CUST00802,22.0,Male,,Home & Kitchen,Coffee Maker,1,164.51,0,164.51,164.51,Cash on Delivery,4.0
ORD104658,2024-12-01,CUST00747,24.0,Other,South,Apparel,Winter Jacket,1,111.06,0,111.06,111.06,Debit Card,3.0
ORD104657,2024-12-01,CUST00656,51.0,Male,East,Beauty,Facial Serum,2,49.8,10,99.6,89.64,Credit Card,4.0
ORD104655,2024-12-01,CUST00382,18.0,Female,North,Electronics,Smartphone Case,1,26.72,0,26.72,26.72,Credit Card,3.0
ORD104654,2024-12-01,CUST00712,18.0,Female,South,Sports & Outdoors,Cycling Helmet,1,160.13,0,160.13,160.13,UPI,3.0
ORD104653,2024-12-01,CUST01148,51.0,Male,East,Electronics,Bluetooth Speaker,1,140.46,0,140.46,140.46,UPI,4.0
ORD104652,2024-12-01,CUST00228,30.0,Female,East,Apparel,Running Shoes,1,15.12,5,15.12,14.36,Net Banking,2.0
ORD104651,2024-12-01,CUST00156,44.0,Male,North,Beauty,Hair Dryer,1,51.05,5,51.05,48.5,Credit Card,3.0
ORD104656,2024-12-01,CUST00002,22.0,Female,West,Electronics,USB-C Cable,1,23.19,0,23.19,23.19,Cash on Delivery,2.0
ORD104672,2024-12-02,CUST01157,26.0,Male,South,Electronics,Power Bank,1,245.88,0,245.88,245.88,Credit Card,4.0
ORD104678,2024-12-02,CUST01150,31.0,Female,West,Electronics,Laptop Stand,1,81.16,0,81.16,81.16,Credit Card,4.0
ORD104677,2024-12-02,CUST00306,45.0,Female,South,Apparel,Women's Jeans,1,105.38,0,105.38,105.38,Credit Card,4.0
ORD104676,2024-12-02,CUST00042,,Male,Central,Home & Kitchen,Cutlery Set,1,100.92,0,100.92,100.92,UPI,3.0
ORD104675,2024-12-02,CUST00822,38.0,Male,West,Books,Mystery Thriller,1,19.17,15,19.17,16.29,UPI,3.0
ORD104674,2024-12-02,CUST00960,33.0,Other,North,Home & Kitchen,Storage Bins,1,67.69,10,67.69,60.92,Debit Card,4.0
ORD104673,2024-12-02,CUST00708,24.0,Male,West,Apparel,Running Shoes,1,32.62,0,32.62,32.62,Debit Card,3.0
ORD104671,2024-12-02,CUST01032,21.0,Female,Central,Apparel,Formal Shirt,1,109.0,5,109.0,103.55,Debit Card,4.0
ORD104663,2024-12-02,CUST01043,18.0,Male,West,Books,Biography,1,32.48,0,32.48,32.48,Credit Card,3.0
ORD104669,2024-12-02,CUST00262,18.0,Male,South,Apparel,Wool Sweater,2,63.19,10,126.38,113.74,Debit Card,5.0
ORD104668,2024-12-02,CUST00368,39.0,Male,East,Sports & Outdoors,Yoga Mat,2,88.73,0,177.46,177.46,Credit Card,3.0
ORD104667,2024-12-02,CUST00267,51.0,Female,South,Books,Mystery Thriller,2,19.91,0,39.82,39.82,Credit Card,2.0
ORD104666,2024-12-02,CUST00086,38.0,Male,South,Electronics,Smartphone Case,1,142.75,0,142.75,142.75,Credit Card,4.0
ORD104665,2024-12-02,CUST00329,18.0,Male,South,Apparel,Men's T-Shirt,2,46.07,0,92.14,92.14,Credit Card,3.0
ORD104664,2024-12-02,CUST00562,44.0,Male,Central,Electronics,Laptop Stand,2,154.09,0,308.18,308.18,UPI,3.0
ORD104670,2024-12-02,CUST00872,35.0,Male,South,Beauty,Facial Serum,1,60.25,0,60.25,60.25,UPI,4.0
ORD104684,2024-12-03,CUST00770,38.0,Female,South,Apparel,Winter Jacket,2,71.25,5,142.5,135.38,Credit Card,2.0
ORD104687,2024-12-03,CUST00048,39.0,Male,North,Apparel,Running Shoes,4,14.93,0,59.72,59.72,Credit Card,4.0
ORD104685,2024-12-03,CUST00471,21.0,Male,South,Apparel,Formal Shirt,1,87.44,0,87.44,87.44,Cash on Delivery,3.0
ORD104683,2024-12-03,CUST00750,46.0,Male,North,Home & Kitchen,Cutlery Set,2,93.5,20,187.0,149.6,Cash on Delivery,4.0
ORD104686,2024-12-03,CUST00415,39.0,Male,South,Sports & Outdoors,Camping Tent,3,10.62,0,31.86,31.86,Credit Card,3.0
ORD104681,2024-12-03,CUST01035,47.0,Female,South,Books,Comic Book,1,11.34,0,11.34,11.34,UPI,3.0
ORD104679,2024-12-03,CUST00327,,Male,North,Beauty,Nail Polish,1,28.27,0,28.27,28.27,Credit Card,3.0
ORD104682,2024-12-03,CUST00821,39.0,Female,West,Electronics,Webcam,1,53.98,0,53.98,53.98,UPI,3.0
ORD104680,2024-12-03,CUST00847,21.0,Other,North,Electronics,Bluetooth Speaker,1,133.92,0,133.92,133.92,UPI,3.0
ORD104705,2024-12-04,CUST00568,44.0,Female,West,Electronics,USB-C Cable,1,108.7,0,108.7,108.7,Debit Card,5.0
ORD104704,2024-12-04,CUST00102,32.0,Male,South,Electronics,Smartwatch,1,55.29,0,55.29,55.29,Cash on Delivery,3.0
ORD104703,2024-12-04,CUST00890,18.0,Male,West,Electronics,Smartwatch,2,132.9,0,265.8,265.8,Debit Card,4.0
ORD104702,2024-12-04,CUST00018,22.0,Female,South,Books,Mystery Thriller,1,26.17,0,26.17,26.17,Debit Card,3.0
ORD104701,2024-12-04,CUST00417,37.0,Female,North,Apparel,Formal Shirt,1,13.8,0,13.8,13.8,Net Banking,5.0
ORD104700,2024-12-04,CUST00776,35.0,Female,South,Apparel,Wool Sweater,1,68.83,0,68.83,68.83,Credit Card,4.0
ORD104699,2024-12-04,CUST00026,28.0,Male,North,Books,Business Book,1,29.63,0,29.63,29.63,UPI,4.0
ORD104698,2024-12-04,CUST00157,35.0,Male,East,Beauty,Perfume,1,26.45,10,26.45,23.81,UPI,4.0
ORD104697,2024-12-04,CUST00969,51.0,Female,West,Sports & Outdoors,Tennis Racket,2,122.48,0,244.96,244.96,Credit Card,5.0
ORD104706,2024-12-04,CUST00970,40.0,Male,East,Home & Kitchen,Blender,3,42.19,10,126.57,113.91,UPI,4.0
ORD104695,2024-12-04,CUST00930,49.0,Female,West,Electronics,USB-C Cable,1,76.0,0,76.0,76.0,UPI,2.0
ORD104694,2024-12-04,CUST00711,23.0,Female,West,Sports & Outdoors,Resistance Bands,1,185.33,0,185.33,185.33,UPI,
ORD104693,2024-12-04,CUST00881,25.0,Male,South,Electronics,Wireless Earbuds,2,192.01,0,384.02,384.02,UPI,2.0
ORD104692,2024-12-04,CUST00117,38.0,Male,West,Apparel,Running Shoes,2,112.96,0,225.92,225.92,UPI,3.0
ORD104691,2024-12-04,CUST00760,43.0,Male,West,Home & Kitchen,Storage Bins,1,97.15,0,97.15,97.15,Credit Card,4.0
ORD104690,2024-12-04,CUST01120,56.0,Female,East,Beauty,Shampoo,3,36.24,5,108.72,103.28,UPI,4.0
ORD104689,2024-12-04,CUST00684,47.0,Female,East,Home & Kitchen,Air Fryer,1,48.35,20,48.35,38.68,UPI,4.0
ORD104688,2024-12-04,CUST00090,25.0,Female,East,Home & Kitchen,Cutlery Set,2,83.6,0,167.2,167.2,Credit Card,3.0
ORD104696,2024-12-04,CUST00168,36.0,Female,South,Home & Kitchen,Cutlery Set,2,109.47,0,218.94,218.94,UPI,3.0
ORD104715,2024-12-05,CUST00554,30.0,Female,South,Beauty,Sunscreen SPF50,2,34.59,0,69.18,69.18,Credit Card,3.0
ORD104714,2024-12-05,CUST01051,44.0,Male,West,Home & Kitchen,Blender,1,151.28,0,151.28,151.28,Cash on Delivery,3.0
ORD104713,2024-12-05,CUST01129,24.0,Female,South,Books,Fiction Novel,1,29.74,5,29.74,28.25,Credit Card,3.0
ORD104712,2024-12-05,CUST00957,41.0,Female,South,Sports & Outdoors,Cycling Helmet,1,105.84,0,105.84,105.84,UPI,2.0
ORD104711,2024-12-05,CUST00975,26.0,Female,Central,Apparel,Baseball Cap,2,12.82,0,25.64,25.64,UPI,3.0
ORD104709,2024-12-05,CUST00122,60.0,Female,Central,Home & Kitchen,Air Fryer,2,175.9,25,351.8,263.85,Debit Card,4.0
ORD104708,2024-12-05,CUST00187,33.0,Male,West,Sports & Outdoors,Hiking Backpack,2,147.82,0,295.64,295.64,Net Banking,4.0
ORD104707,2024-12-05,CUST00164,28.0,Male,East,Electronics,Bluetooth Speaker,1,242.35,10,242.35,218.11,Debit Card,5.0
ORD104710,2024-12-05,CUST01030,24.0,Male,South,Apparel,Running Shoes,1,71.23,0,71.23,71.23,Debit Card,4.0
ORD104716,2024-12-06,CUST00255,26.0,Male,East,Home & Kitchen,Air Fryer,1,143.57,0,143.57,143.57,Debit Card,4.0
ORD104717,2024-12-06,CUST00267,51.0,Female,South,Sports & Outdoors,Cycling Helmet,1,192.23,0,192.23,192.23,Credit Card,5.0
ORD104718,2024-12-06,CUST01072,37.0,Female,West,Apparel,Women's Jeans,1,101.99,15,101.99,86.69,Debit Card,5.0
ORD104719,2024-12-06,CUST01022,22.0,Male,West,Beauty,Nail Polish,1,48.06,0,48.06,48.06,Debit Card,3.0
ORD104720,2024-12-06,CUST00567,28.0,Male,South,Home & Kitchen,Coffee Maker,4,55.48,0,221.92,221.92,Cash on Delivery,5.0
ORD104721,2024-12-06,CUST00431,20.0,Male,East,Electronics,Laptop Stand,1,58.73,5,58.73,55.79,Credit Card,3.0
ORD104722,2024-12-06,CUST00922,35.0,Female,South,Apparel,Wool Sweater,2,97.51,0,195.02,195.02,Net Banking,2.0
ORD104727,2024-12-07,CUST01075,45.0,Female,South,Electronics,Smartwatch,1,169.49,5,169.49,161.02,Cash on Delivery,3.0
ORD104728,2024-12-07,CUST00833,,Male,South,Apparel,Formal Shirt,1,89.21,0,89.21,89.21,Cash on Delivery,
ORD104725,2024-12-07,CUST01130,35.0,Female,East,Electronics,Smartwatch,1,47.04,0,47.04,47.04,Debit Card,3.0
ORD104723,2024-12-07,CUST01005,52.0,Male,West,Electronics,Bluetooth Speaker,1,182.33,0,182.33,182.33,Cash on Delivery,4.0
ORD104724,2024-12-07,CUST00944,51.0,Male,East,Electronics,USB-C Cable,1,90.63,5,90.63,86.1,Credit Card,1.0
ORD104726,2024-12-07,CUST00581,18.0,Female,West,Beauty,Lipstick Set,1,10.42,0,10.42,10.42,Credit Card,3.0
ORD104742,2024-12-08,CUST00237,44.0,Female,West,Home & Kitchen,Blender,2,62.84,0,125.68,125.68,Debit Card,3.0
ORD104741,2024-12-08,CUST00299,38.0,Male,West,Sports & Outdoors,Resistance Bands,1,116.65,5,116.65,110.82,Cash on Delivery,4.0
ORD104740,2024-12-08,CUST00258,52.0,Female,Central,Electronics,Webcam,1,164.09,0,164.09,164.09,Net Banking,4.0
ORD104739,2024-12-08,CUST00015,37.0,Female,South,Electronics,Smartphone Case,1,134.42,0,134.42,134.42,Debit Card,3.0
ORD104737,2024-12-08,CUST00086,38.0,Male,East,Beauty,Sunscreen SPF50,1,49.26,0,49.26,49.26,Cash on Delivery,5.0
ORD104736,2024-12-08,CUST00353,21.0,Female,West,Books,Fiction Novel,2,25.37,0,50.74,50.74,UPI,2.0
ORD104738,2024-12-08,CUST01170,63.0,Male,North,Books,Mystery Thriller,3,16.02,10,48.06,43.25,Debit Card,4.0
ORD104734,2024-12-08,CUST00719,24.0,Male,Central,Books,Self-Help Guide,1,6.96,0,6.96,6.96,Cash on Delivery,4.0
ORD104733,2024-12-08,CUST00223,26.0,Male,West,Apparel,Running Shoes,1,87.46,20,87.46,69.97,Credit Card,4.0
ORD104732,2024-12-08,CUST00512,18.0,Female,East,Apparel,Winter Jacket,2,71.86,10,143.72,129.35,Debit Card,4.0
ORD104731,2024-12-08,CUST00408,30.0,Other,North,Home & Kitchen,Throw Pillow,1,129.82,5,129.82,123.33,Credit Card,4.0
ORD104730,2024-12-08,CUST00431,20.0,Male,South,Beauty,Hair Dryer,2,69.63,0,139.26,139.26,Debit Card,4.0
ORD104729,2024-12-08,CUST00965,24.0,Female,South,Home & Kitchen,Cutlery Set,1,96.15,0,96.15,96.15,Credit Card,3.0
ORD104735,2024-12-08,CUST00597,26.0,Male,West,Apparel,Baseball Cap,1,100.89,10,100.89,90.8,Debit Card,4.0
ORD104752,2024-12-09,CUST00637,37.0,Male,West,Electronics,USB-C Cable,5,119.58,0,597.9,597.9,Net Banking,4.0
ORD104757,2024-12-09,CUST00778,46.0,Male,South,Home & Kitchen,Non-stick Pan,2,142.18,10,284.36,255.92,Credit Card,4.0
ORD104756,2024-12-09,CUST00408,30.0,Other,South,Apparel,Formal Shirt,4,78.67,0,314.68,314.68,Credit Card,5.0
ORD104758,2024-12-09,CUST00387,32.0,Male,South,Sports & Outdoors,Dumbbell Set,2,168.95,0,337.9,337.9,Debit Card,3.0
ORD104755,2024-12-09,CUST00125,29.0,Male,West,Electronics,Smartphone Case,1,80.5,0,80.5,80.5,UPI,4.0
ORD104754,2024-12-09,CUST00973,59.0,Female,South,Books,Business Book,4,29.1,0,116.4,116.4,Debit Card,4.0
ORD104753,2024-12-09,CUST01128,57.0,Female,Central,Sports & Outdoors,Dumbbell Set,2,152.47,0,304.94,304.94,Debit Card,1.0
ORD104751,2024-12-09,CUST00247,39.0,Male,Central,Home & Kitchen,Air Fryer,1,121.92,0,121.92,121.92,Cash on Delivery,3.0
ORD104745,2024-12-09,CUST00649,35.0,Male,West,Beauty,Facial Serum,2,47.75,0,95.5,95.5,UPI,4.0
ORD104749,2024-12-09,CUST00672,71.0,Male,West,Beauty,Facial Serum,2,71.81,0,143.62,143.62,Debit Card,3.0
ORD104748,2024-12-09,CUST00517,38.0,Female,South,Electronics,Webcam,1,125.1,0,125.1,125.1,Debit Card,3.0
ORD104747,2024-12-09,CUST00147,40.0,Female,North,Electronics,Laptop Stand,2,64.45,0,128.9,128.9,UPI,2.0
ORD104746,2024-12-09,CUST00631,18.0,Female,South,Apparel,Men's T-Shirt,2,71.09,0,142.18,142.18,Credit Card,3.0
ORD104744,2024-12-09,CUST00424,57.0,Female,North,Apparel,Wool Sweater,3,86.32,0,258.96,258.96,Debit Card,3.0
ORD104743,2024-12-09,CUST00796,22.0,Female,North,Beauty,Perfume,1,80.12,0,80.12,80.12,Debit Card,3.0
ORD104750,2024-12-09,CUST00197,52.0,Male,East,Electronics,Webcam,1,17.06,0,17.06,17.06,UPI,5.0
ORD104764,2024-12-10,CUST00178,25.0,Male,Central,Electronics,Wireless Earbuds,1,69.36,0,69.36,69.36,UPI,3.0
ORD104767,2024-12-10,CUST00066,21.0,Female,West,Apparel,Formal Shirt,3,16.59,10,49.77,44.79,Credit Card,3.0
ORD104766,2024-12-10,CUST00035,38.0,Male,West,Sports & Outdoors,Dumbbell Set,1,43.25,0,43.25,43.25,UPI,3.0
ORD104765,2024-12-10,CUST00601,20.0,Male,Central,Electronics,USB-C Cable,1,56.77,0,56.77,56.77,UPI,3.0
ORD104768,2024-12-10,CUST00160,31.0,Female,North,Beauty,Shampoo,1,42.96,10,42.96,38.66,Credit Card,4.0
ORD104763,2024-12-10,CUST00516,32.0,Female,East,Beauty,Shampoo,3,43.27,0,129.81,129.81,Debit Card,3.0
ORD104761,2024-12-10,CUST00443,27.0,Female,West,Home & Kitchen,Blender,3,52.41,0,157.23,157.23,Cash on Delivery,3.0
ORD104759,2024-12-10,CUST00667,51.0,Male,West,Apparel,Running Shoes,1,63.2,0,63.2,63.2,Debit Card,3.0
ORD104762,2024-12-10,CUST00108,18.0,Male,East,Electronics,Power Bank,1,168.56,0,168.56,168.56,Debit Card,3.0
ORD104760,2024-12-10,CUST00496,29.0,Female,South,Electronics,Smartwatch,2,184.0,0,368.0,368.0,Credit Card,3.0
ORD104776,2024-12-11,CUST01108,52.0,Male,Central,Electronics,Smartwatch,1,142.79,0,142.79,142.79,Credit Card,3.0
ORD104779,2024-12-11,CUST01008,34.0,Male,North,Sports & Outdoors,Hiking Backpack,1,34.68,0,34.68,34.68,Cash on Delivery,2.0
ORD104778,2024-12-11,CUST00565,22.0,Female,West,Home & Kitchen,Throw Pillow,2,112.13,10,224.26,201.83,Credit Card,3.0
ORD104777,2024-12-11,CUST00219,24.0,Female,Central,Home & Kitchen,Coffee Maker,1,156.81,0,156.81,156.81,Net Banking,4.0
ORD104775,2024-12-11,CUST00927,51.0,Female,South,Apparel,Running Shoes,1,26.93,5,26.93,25.58,UPI,3.0
ORD104774,2024-12-11,CUST00133,50.0,Female,East,Books,Cookbook,5,25.95,0,129.75,129.75,Credit Card,2.0
ORD104773,2024-12-11,CUST01165,47.0,Female,South,Electronics,Wireless Earbuds,1,210.3,0,210.3,210.3,UPI,4.0
ORD104772,2024-12-11,CUST00141,53.0,Male,North,Home & Kitchen,Throw Pillow,1,26.56,0,26.56,26.56,Debit Card,3.0
ORD104771,2024-12-11,CUST01094,46.0,Male,Central,Home & Kitchen,Storage Bins,1,139.53,0,139.53,139.53,Cash on Delivery,3.0
ORD104770,2024-12-11,CUST00628,32.0,Male,West,Beauty,Nail Polish,2,61.65,0,123.3,123.3,Debit Card,3.0
ORD104769,2024-12-11,CUST01124,49.0,Male,South,Sports & Outdoors,Tennis Racket,2,66.75,0,133.5,133.5,Cash on Delivery,5.0
ORD104789,2024-12-12,CUST00943,19.0,Male,South,Electronics,Smartphone Case,2,244.63,0,489.26,489.26,Debit Card,3.0
ORD104788,2024-12-12,CUST00328,28.0,Male,East,Beauty,Face Moisturizer,1,67.58,0,67.58,67.58,UPI,3.0
ORD104787,2024-12-12,CUST00731,22.0,Male,South,Apparel,Wool Sweater,4,37.48,0,149.92,149.92,Credit Card,5.0
ORD104786,2024-12-12,CUST01185,25.0,Female,South,Apparel,Formal Shirt,1,46.07,10,46.07,41.46,UPI,5.0
ORD104790,2024-12-12,CUST00460,43.0,Male,East,Home & Kitchen,Non-stick Pan,3,69.8,0,209.4,209.4,Credit Card,4.0
ORD104784,2024-12-12,CUST00622,,Male,East,Apparel,Yoga Pants,1,90.05,0,90.05,90.05,UPI,4.0
ORD104783,2024-12-12,CUST00929,38.0,Male,North,Home & Kitchen,LED Desk Lamp,1,151.34,25,151.34,113.5,Net Banking,3.0
ORD104782,2024-12-12,CUST00030,35.0,Female,North,Electronics,Smartwatch,1,206.16,0,206.16,206.16,Credit Card,5.0
ORD104781,2024-12-12,CUST00038,47.0,Female,Central,Home & Kitchen,Coffee Maker,1,134.7,10,134.7,121.23,Debit Card,3.0
ORD104780,2024-12-12,CUST00984,29.0,Female,North,Beauty,Face Moisturizer,3,75.02,0,225.06,225.06,UPI,4.0
ORD104785,2024-12-12,CUST01021,18.0,Male,South,Apparel,Wool Sweater,1,54.73,5,54.73,51.99,UPI,4.0
ORD104799,2024-12-13,CUST00744,,Male,Central,Sports & Outdoors,Dumbbell Set,1,58.68,0,58.68,58.68,Credit Card,4.0
ORD104798,2024-12-13,CUST00654,24.0,Female,East,Beauty,Facial Serum,2,66.02,15,132.04,112.23,UPI,3.0
ORD104797,2024-12-13,CUST01142,33.0,Female,East,Apparel,Baseball Cap,1,17.67,0,17.67,17.67,Net Banking,
ORD104796,2024-12-13,CUST00342,38.0,Female,East,Home & Kitchen,Cutlery Set,1,161.75,10,161.75,145.57,Cash on Delivery,5.0
ORD104795,2024-12-13,CUST01176,36.0,Female,East,Sports & Outdoors,Camping Tent,1,127.25,20,127.25,101.8,Cash on Delivery,4.0
ORD104793,2024-12-13,CUST00844,27.0,Male,West,Electronics,Smartwatch,1,222.37,15,222.37,189.01,Cash on Delivery,5.0
ORD104792,2024-12-13,CUST00472,36.0,Female,South,Beauty,Nail Polish,1,11.97,15,11.97,10.17,Cash on Delivery,3.0
ORD104791,2024-12-13,CUST00652,32.0,Male,East,Electronics,Wireless Earbuds,4,151.41,0,605.64,605.64,Credit Card,5.0
ORD104794,2024-12-13,CUST00546,18.0,Female,Central,Apparel,Wool Sweater,1,11.77,0,11.77,11.77,UPI,3.0
ORD104810,2024-12-14,CUST00431,20.0,Male,East,Electronics,USB-C Cable,1,242.26,0,242.26,242.26,UPI,5.0
ORD104809,2024-12-14,CUST00181,35.0,Female,West,Sports & Outdoors,Camping Tent,1,131.33,0,131.33,131.33,Cash on Delivery,2.0
ORD104808,2024-12-14,CUST00753,30.0,Male,South,Home & Kitchen,LED Desk Lamp,2,168.28,5,336.56,319.73,Credit Card,5.0
ORD104807,2024-12-14,CUST00575,38.0,Male,West,Books,Fiction Novel,1,11.13,5,11.13,10.57,Cash on Delivery,3.0
ORD104806,2024-12-14,CUST00052,32.0,Male,West,Electronics,Power Bank,1,181.41,5,181.41,172.34,Credit Card,4.0
ORD104803,2024-12-14,CUST00333,28.0,Male,Central,Electronics,Power Bank,1,245.97,0,245.97,245.97,Credit Card,4.0
ORD104804,2024-12-14,CUST00250,51.0,Male,South,Home & Kitchen,Air Fryer,2,65.1,0,130.2,130.2,Credit Card,2.0
ORD104802,2024-12-14,CUST01096,38.0,Female,South,Electronics,Bluetooth Speaker,1,147.94,0,147.94,147.94,Debit Card,5.0
ORD104801,2024-12-14,CUST00739,26.0,Male,West,Beauty,Perfume,1,54.15,0,54.15,54.15,Credit Card,5.0
ORD104800,2024-12-14,CUST00442,54.0,Female,South,Beauty,Hair Dryer,2,83.03,0,166.06,166.06,Debit Card,4.0
ORD104805,2024-12-14,CUST01195,27.0,Female,South,Electronics,USB-C Cable,2,114.35,10,228.7,205.83,Credit Card,5.0
ORD104821,2024-12-15,CUST00841,55.0,Male,North,Electronics,Webcam,3,151.33,0,453.99,453.99,Credit Card,4.0
ORD104820,2024-12-15,CUST00029,42.0,Male,South,Home & Kitchen,Cutlery Set,1,130.26,5,130.26,123.75,UPI,3.0
ORD104819,2024-12-15,CUST00956,36.0,Female,East,Electronics,Webcam,5,74.49,0,372.45,372.45,Credit Card,4.0
ORD104818,2024-12-15,CUST00417,37.0,Female,Central,Electronics,Webcam,1,54.84,0,54.84,54.84,UPI,4.0
ORD104816,2024-12-15,CUST01166,37.0,Female,East,Apparel,Yoga Pants,1,58.07,0,58.07,58.07,Debit Card,3.0
ORD104817,2024-12-15,CUST00552,45.0,Female,Central,Sports & Outdoors,Dumbbell Set,1,76.24,0,76.24,76.24,Debit Card,3.0
ORD104814,2024-12-15,CUST00316,33.0,Male,South,Home & Kitchen,Throw Pillow,1,122.65,0,122.65,122.65,Debit Card,3.0
ORD104813,2024-12-15,CUST00032,18.0,Male,West,Sports & Outdoors,Resistance Bands,1,177.1,0,177.1,177.1,Credit Card,5.0
ORD104812,2024-12-15,CUST00376,47.0,Female,South,Sports & Outdoors,Cycling Helmet,1,68.34,5,68.34,64.92,Cash on Delivery,4.0
ORD104811,2024-12-15,CUST00123,31.0,Female,North,Home & Kitchen,Coffee Maker,2,122.12,5,244.24,232.03,Debit Card,4.0
ORD104815,2024-12-15,CUST00653,42.0,Female,East,Beauty,Face Moisturizer,2,62.01,5,124.02,117.82,Cash on Delivery,3.0
ORD104831,2024-12-16,CUST00277,35.0,Male,East,Electronics,Webcam,2,96.85,0,193.7,193.7,Credit Card,3.0
ORD104835,2024-12-16,CUST00655,32.0,Female,South,Electronics,Wireless Earbuds,1,35.64,5,35.64,33.86,UPI,3.0
ORD104834,2024-12-16,CUST00739,26.0,Male,Central,Apparel,Men's T-Shirt,1,67.46,0,67.46,67.46,UPI,5.0
ORD104836,2024-12-16,CUST00688,31.0,Male,Central,Sports & Outdoors,Camping Tent,2,134.02,10,268.04,241.24,Credit Card,4.0
ORD104833,2024-12-16,CUST00055,51.0,Male,East,Electronics,Smartphone Case,2,121.35,0,242.7,242.7,Net Banking,3.0
ORD104832,2024-12-16,CUST00729,52.0,Male,North,Sports & Outdoors,Water Bottle,1,45.58,5,45.58,43.3,Credit Card,1.0
ORD104830,2024-12-16,CUST00338,32.0,Male,,Apparel,Formal Shirt,1,15.48,10,15.48,13.93,UPI,5.0
ORD104824,2024-12-16,CUST00942,30.0,Male,North,Home & Kitchen,Air Fryer,1,70.48,10,70.48,63.43,Credit Card,3.0
ORD104828,2024-12-16,CUST00729,52.0,Male,East,Apparel,Winter Jacket,1,50.22,0,50.22,50.22,Net Banking,4.0
ORD104827,2024-12-16,CUST00898,26.0,Female,South,Beauty,Face Moisturizer,1,36.23,0,36.23,36.23,UPI,2.0
ORD104826,2024-12-16,CUST00411,30.0,Other,North,Electronics,Wireless Earbuds,2,68.4,0,136.8,136.8,UPI,5.0
ORD104825,2024-12-16,CUST00212,41.0,Male,East,Home & Kitchen,Throw Pillow,1,51.94,15,51.94,44.15,Credit Card,4.0
ORD104823,2024-12-16,CUST00706,38.0,Male,Central,Home & Kitchen,Cutlery Set,1,112.03,0,112.03,112.03,Credit Card,4.0
ORD104822,2024-12-16,CUST01161,24.0,Female,West,Electronics,Smartphone Case,1,97.53,5,97.53,92.65,Cash on Delivery,3.0
ORD104829,2024-12-16,CUST00876,35.0,Male,West,Electronics,Bluetooth Speaker,2,81.2,15,162.4,138.04,Credit Card,3.0
ORD104849,2024-12-17,CUST01086,30.0,Female,South,Apparel,Men's T-Shirt,2,38.65,0,77.3,77.3,Credit Card,3.0
ORD104848,2024-12-17,CUST00035,38.0,Male,West,Beauty,Perfume,1,38.52,0,38.52,38.52,Debit Card,4.0
ORD104847,2024-12-17,CUST00813,34.0,Male,West,Apparel,Wool Sweater,1,70.67,0,70.67,70.67,UPI,5.0
ORD104846,2024-12-17,CUST00466,43.0,Female,South,Electronics,Bluetooth Speaker,1,123.5,0,123.5,123.5,Credit Card,4.0
ORD104845,2024-12-17,CUST00599,,Male,East,Home & Kitchen,Air Fryer,1,45.18,0,45.18,45.18,Credit Card,5.0
ORD104844,2024-12-17,CUST00239,39.0,Female,East,Books,Cookbook,1,12.82,15,12.82,10.9,Net Banking,2.0
ORD104841,2024-12-17,CUST01116,24.0,Female,Central,Books,Biography,2,20.84,10,41.68,37.51,Debit Card,4.0
ORD104842,2024-12-17,CUST00043,43.0,Male,East,Electronics,Smartphone Case,1,179.83,0,179.83,179.83,Cash on Delivery,4.0
ORD104840,2024-12-17,CUST00299,38.0,Male,South,Home & Kitchen,Throw Pillow,1,70.1,0,70.1,70.1,UPI,2.0
ORD104839,2024-12-17,CUST00246,31.0,Male,Central,Electronics,USB-C Cable,1,221.76,10,221.76,199.58,UPI,2.0
ORD104838,2024-12-17,CUST00613,33.0,Male,West,Apparel,Men's T-Shirt,1,55.3,0,55.3,55.3,UPI,2.0
ORD104837,2024-12-17,CUST00505,33.0,Other,East,Electronics,Power Bank,1,38.56,0,38.56,38.56,Debit Card,3.0
ORD104843,2024-12-17,CUST00458,37.0,Male,East,Electronics,Wireless Earbuds,1,38.75,15,38.75,32.94,Debit Card,3.0
ORD104860,2024-12-18,CUST00419,25.0,Female,East,Home & Kitchen,Coffee Maker,1,95.49,10,95.49,85.94,Debit Card,4.0
ORD104858,2024-12-18,CUST00517,38.0,Female,West,Apparel,Yoga Pants,1,50.26,5,50.26,47.75,Debit Card,3.0
ORD104857,2024-12-18,CUST00769,21.0,Female,West,Home & Kitchen,Non-stick Pan,1,90.95,0,90.95,90.95,UPI,3.0
ORD104856,2024-12-18,CUST00174,37.0,Male,South,Beauty,Shampoo,3,54.49,5,163.47,155.3,Debit Card,4.0
ORD104855,2024-12-18,CUST00651,22.0,Female,West,Sports & Outdoors,Water Bottle,1,171.11,0,171.11,171.11,Cash on Delivery,4.0
ORD104859,2024-12-18,CUST00100,36.0,Female,East,Home & Kitchen,Storage Bins,1,152.27,0,152.27,152.27,Credit Card,5.0
ORD104853,2024-12-18,CUST00417,37.0,Female,Central,Electronics,Wireless Earbuds,1,94.6,0,94.6,94.6,Credit Card,3.0
ORD104852,2024-12-18,CUST00486,22.0,Female,South,Books,Self-Help Guide,1,33.14,15,33.14,28.17,Credit Card,4.0
ORD104851,2024-12-18,CUST01073,29.0,Female,South,Home & Kitchen,Storage Bins,1,158.67,15,158.67,134.87,Credit Card,5.0
ORD104850,2024-12-18,CUST00043,43.0,Male,West,Sports & Outdoors,Yoga Mat,1,183.59,5,183.59,174.41,Credit Card,3.0
ORD104854,2024-12-18,CUST00331,54.0,Female,North,Beauty,Shampoo,1,34.16,25,34.16,25.62,Cash on Delivery,3.0
ORD104868,2024-12-19,CUST00043,43.0,Male,West,Sports & Outdoors,Yoga Mat,1,138.92,5,138.92,131.97,Debit Card,5.0
ORD104867,2024-12-19,CUST00301,26.0,Male,North,Apparel,Winter Jacket,3,66.59,15,199.77,169.8,Cash on Delivery,5.0
ORD104866,2024-12-19,CUST00180,41.0,Male,West,Beauty,Shampoo,2,49.64,5,99.28,94.32,Debit Card,2.0
ORD104865,2024-12-19,CUST00979,,Male,West,Books,Biography,1,18.04,0,18.04,18.04,Net Banking,4.0
ORD104863,2024-12-19,CUST01037,48.0,Other,West,Beauty,Shampoo,1,21.11,5,21.11,20.05,UPI,2.0
ORD104862,2024-12-19,CUST00169,51.0,Female,Central,Electronics,Webcam,1,107.02,0,107.02,107.02,Credit Card,4.0
ORD104861,2024-12-19,CUST00208,24.0,Female,South,Sports & Outdoors,Yoga Mat,1,13.27,10,13.27,11.94,Net Banking,
ORD104864,2024-12-19,CUST00531,23.0,Male,North,Apparel,Running Shoes,1,15.55,0,15.55,15.55,Debit Card,4.0
ORD104876,2024-12-20,CUST01004,,Male,West,Home & Kitchen,Cutlery Set,1,21.39,0,21.39,21.39,Debit Card,4.0
ORD104880,2024-12-20,CUST00136,42.0,Female,North,Apparel,Yoga Pants,1,72.96,0,72.96,72.96,Credit Card,4.0
ORD104879,2024-12-20,CUST00568,44.0,Female,Central,Electronics,Laptop Stand,2,54.15,0,108.3,108.3,UPI,3.0
ORD104878,2024-12-20,CUST00875,18.0,Male,North,Apparel,Yoga Pants,1,93.58,0,93.58,93.58,Credit Card,4.0
ORD104877,2024-12-20,CUST00904,31.0,Female,North,Sports & Outdoors,Cycling Helmet,2,84.4,0,168.8,168.8,UPI,4.0
ORD104875,2024-12-20,CUST01052,18.0,Female,South,Books,Mystery Thriller,1,6.22,20,6.22,4.98,Credit Card,5.0
ORD104881,2024-12-20,CUST00930,49.0,Female,North,Home & Kitchen,Throw Pillow,1,138.98,0,138.98,138.98,Debit Card,4.0
ORD104873,2024-12-20,CUST00896,36.0,Male,East,Apparel,Winter Jacket,2,76.74,5,153.48,145.81,Debit Card,4.0
ORD104869,2024-12-20,CUST01118,37.0,Male,Central,Beauty,Lipstick Set,1,38.48,0,38.48,38.48,Credit Card,3.0
ORD104870,2024-12-20,CUST00576,,Male,South,Sports & Outdoors,Dumbbell Set,2,156.75,15,313.5,266.48,Credit Card,4.0
ORD104874,2024-12-20,CUST00244,43.0,Male,West,Books,Biography,1,16.57,5,16.57,15.74,Credit Card,3.0
ORD104872,2024-12-20,CUST00732,40.0,Male,South,Books,Comic Book,1,23.28,10,23.28,20.95,Debit Card,4.0
ORD104871,2024-12-20,CUST00498,31.0,Female,East,Home & Kitchen,Cutlery Set,2,34.92,5,69.84,66.35,Credit Card,3.0
ORD104892,2024-12-21,CUST01108,52.0,Male,North,Electronics,Bluetooth Speaker,1,51.29,10,51.29,46.16,UPI,3.0
ORD104891,2024-12-21,CUST00011,54.0,Male,West,Sports & Outdoors,Water Bottle,1,64.51,0,64.51,64.51,UPI,4.0
ORD104890,2024-12-21,CUST00732,40.0,Male,West,Apparel,Yoga Pants,1,63.92,5,63.92,60.72,Credit Card,5.0
ORD104889,2024-12-21,CUST00953,21.0,Female,West,Home & Kitchen,Non-stick Pan,2,102.39,0,204.78,204.78,Credit Card,3.0
ORD104887,2024-12-21,CUST00318,33.0,Male,North,Sports & Outdoors,Hiking Backpack,1,159.33,0,159.33,159.33,Debit Card,3.0
ORD104888,2024-12-21,CUST00185,27.0,Female,Central,Apparel,Formal Shirt,1,113.42,0,113.42,113.42,Debit Card,4.0
ORD104885,2024-12-21,CUST00241,20.0,Male,South,Sports & Outdoors,Water Bottle,1,55.55,0,55.55,55.55,Cash on Delivery,3.0
ORD104884,2024-12-21,CUST00728,40.0,Male,West,Electronics,Smartwatch,1,120.05,0,120.05,120.05,Cash on Delivery,3.0
ORD104883,2024-12-21,CUST01091,41.0,Male,North,Sports & Outdoors,Hiking Backpack,1,163.73,10,163.73,147.36,UPI,4.0
ORD104882,2024-12-21,CUST00209,25.0,Female,,Books,Comic Book,1,18.48,5,18.48,17.56,UPI,3.0
ORD104886,2024-12-21,CUST00546,18.0,Female,South,Electronics,Power Bank,3,80.31,0,240.93,240.93,Credit Card,4.0
ORD104903,2024-12-22,CUST00547,34.0,Male,Central,Electronics,Wireless Earbuds,1,150.13,0,150.13,150.13,Debit Card,5.0
ORD104902,2024-12-22,CUST00258,52.0,Female,Central,Electronics,Smartphone Case,3,179.8,15,539.4,458.49,UPI,5.0
ORD104901,2024-12-22,CUST00716,61.0,Female,West,Apparel,Winter Jacket,1,46.6,10,46.6,41.94,Debit Card,3.0
ORD104900,2024-12-22,CUST01091,41.0,Male,South,Sports & Outdoors,Yoga Mat,1,189.62,5,189.62,180.14,Net Banking,4.0
ORD104899,2024-12-22,CUST01019,28.0,Female,East,Sports & Outdoors,Tennis Racket,1,107.21,0,107.21,107.21,Debit Card,2.0
ORD104897,2024-12-22,CUST00929,38.0,Male,West,Electronics,Smartphone Case,2,82.11,0,164.22,164.22,Credit Card,4.0
ORD104896,2024-12-22,CUST00586,21.0,Other,North,Electronics,Power Bank,1,175.24,20,175.24,140.19,UPI,3.0
ORD104895,2024-12-22,CUST00988,48.0,Male,Central,Books,Business Book,1,13.12,0,13.12,13.12,Credit Card,3.0
ORD104894,2024-12-22,CUST00166,34.0,Other,North,Electronics,Laptop Stand,1,180.45,15,180.45,153.38,Net Banking,3.0
ORD104893,2024-12-22,CUST00073,48.0,Male,South,Beauty,Shampoo,2,27.08,0,54.16,54.16,Credit Card,5.0
ORD104898,2024-12-22,CUST00481,35.0,Female,East,Beauty,Facial Serum,1,34.12,0,34.12,34.12,Credit Card,3.0
ORD104914,2024-12-23,CUST00381,34.0,Female,West,Sports & Outdoors,Water Bottle,1,185.29,0,185.29,185.29,Cash on Delivery,4.0
ORD104913,2024-12-23,CUST00991,61.0,Female,South,Beauty,Hair Dryer,1,59.92,0,59.92,59.92,Credit Card,5.0
ORD104912,2024-12-23,CUST00100,36.0,Female,Central,Electronics,Laptop Stand,1,62.19,0,62.19,62.19,Credit Card,3.0
ORD104911,2024-12-23,CUST00073,48.0,Male,South,Books,Biography,1,17.15,5,17.15,16.29,UPI,4.0
ORD104910,2024-12-23,CUST00118,39.0,Female,West,Electronics,USB-C Cable,1,62.49,0,62.49,62.49,Debit Card,3.0
ORD104908,2024-12-23,CUST00702,48.0,Female,South,Home & Kitchen,Throw Pillow,1,150.57,0,150.57,150.57,UPI,3.0
ORD104907,2024-12-23,CUST00391,20.0,Female,East,Home & Kitchen,LED Desk Lamp,1,112.16,0,112.16,112.16,Cash on Delivery,4.0
ORD104906,2024-12-23,CUST00191,28.0,Male,South,Electronics,Smartphone Case,1,24.18,0,24.18,24.18,UPI,3.0
ORD104905,2024-12-23,CUST00228,30.0,Female,South,Electronics,Laptop Stand,2,88.37,0,176.74,176.74,UPI,4.0
ORD104904,2024-12-23,CUST01067,18.0,Male,East,Home & Kitchen,Coffee Maker,1,28.76,0,28.76,28.76,Debit Card,1.0
ORD104909,2024-12-23,CUST00412,32.0,Female,Central,Sports & Outdoors,Yoga Mat,1,185.28,0,185.28,185.28,Credit Card,5.0
ORD104924,2024-12-24,CUST01080,43.0,Female,West,Beauty,Shampoo,1,73.83,0,73.83,73.83,Credit Card,2.0
ORD104923,2024-12-24,CUST00196,21.0,Male,West,Sports & Outdoors,Resistance Bands,2,184.53,0,369.06,369.06,Credit Card,4.0
ORD104922,2024-12-24,CUST00381,34.0,Female,East,Electronics,Smartwatch,1,183.1,0,183.1,183.1,Credit Card,3.0
ORD104920,2024-12-24,CUST00394,43.0,Female,West,Books,Children's Storybook,1,8.49,0,8.49,8.49,Debit Card,5.0
ORD104921,2024-12-24,CUST00717,42.0,Male,East,Apparel,Winter Jacket,2,24.97,5,49.94,47.44,Debit Card,2.0
ORD104918,2024-12-24,CUST00475,34.0,Other,West,Electronics,Smartwatch,1,63.96,0,63.96,63.96,Credit Card,3.0
ORD104917,2024-12-24,CUST00689,24.0,Female,North,Beauty,Nail Polish,1,51.54,0,51.54,51.54,Credit Card,3.0
ORD104916,2024-12-24,CUST00596,18.0,Other,South,Home & Kitchen,Non-stick Pan,3,166.73,0,500.19,500.19,UPI,4.0
ORD104915,2024-12-24,CUST00961,53.0,Male,South,Home & Kitchen,Storage Bins,1,149.99,0,149.99,149.99,Debit Card,5.0
ORD104919,2024-12-24,CUST00688,31.0,Male,East,Beauty,Shampoo,2,52.62,25,105.24,78.93,UPI,5.0
ORD104932,2024-12-25,CUST00344,18.0,Male,West,Electronics,Laptop Stand,1,131.24,0,131.24,131.24,Credit Card,3.0
ORD104931,2024-12-25,CUST00080,22.0,Male,East,Electronics,Bluetooth Speaker,1,225.53,15,225.53,191.7,Debit Card,3.0
ORD104930,2024-12-25,CUST00387,32.0,Male,South,Electronics,Bluetooth Speaker,2,123.94,0,247.88,247.88,Debit Card,4.0
ORD104929,2024-12-25,CUST00533,36.0,Male,South,Beauty,Lipstick Set,1,25.77,0,25.77,25.77,Credit Card,3.0
ORD104927,2024-12-25,CUST00458,37.0,Male,North,Home & Kitchen,Blender,1,147.3,0,147.3,147.3,UPI,3.0
ORD104926,2024-12-25,CUST00759,37.0,Male,South,Sports & Outdoors,Dumbbell Set,2,52.98,0,105.96,105.96,UPI,4.0
ORD104925,2024-12-25,CUST00450,44.0,Male,East,Home & Kitchen,Non-stick Pan,1,107.54,0,107.54,107.54,Credit Card,2.0
ORD104928,2024-12-25,CUST00980,57.0,Male,Central,Electronics,Power Bank,1,49.5,0,49.5,49.5,Debit Card,3.0
ORD104941,2024-12-26,CUST00075,52.0,Female,North,Electronics,Power Bank,1,145.48,0,145.48,145.48,UPI,3.0
ORD104947,2024-12-26,CUST00215,31.0,Female,South,Beauty,Nail Polish,4,79.37,0,317.48,317.48,Credit Card,3.0
ORD104946,2024-12-26,CUST00805,,Female,South,Apparel,Wool Sweater,1,66.16,0,66.16,66.16,Debit Card,4.0
ORD104945,2024-12-26,CUST01016,43.0,Female,North,Apparel,Winter Jacket,1,86.41,0,86.41,86.41,Credit Card,5.0
ORD104944,2024-12-26,CUST00507,35.0,Female,West,Books,Children's Storybook,1,31.32,0,31.32,31.32,Debit Card,5.0
ORD104942,2024-12-26,CUST00251,35.0,Female,East,Sports & Outdoors,Camping Tent,1,146.06,10,146.06,131.45,UPI,5.0
ORD104940,2024-12-26,CUST00066,21.0,Female,West,Beauty,Perfume,2,18.08,0,36.16,36.16,Credit Card,4.0
ORD104943,2024-12-26,CUST01183,53.0,Male,South,Apparel,Formal Shirt,2,68.45,0,136.9,136.9,Debit Card,2.0
ORD104938,2024-12-26,CUST00582,38.0,Female,East,Electronics,Power Bank,4,226.78,0,907.12,907.12,Credit Card,3.0
ORD104937,2024-12-26,CUST00072,57.0,Female,North,Books,Fiction Novel,2,19.61,5,39.22,37.26,Credit Card,4.0
ORD104936,2024-12-26,CUST00169,51.0,Female,South,Home & Kitchen,Cutlery Set,1,113.7,0,113.7,113.7,Cash on Delivery,2.0
ORD104935,2024-12-26,CUST00208,24.0,Female,North,Beauty,Facial Serum,1,77.87,10,77.87,70.08,Cash on Delivery,2.0
ORD104934,2024-12-26,CUST00771,18.0,Female,East,Electronics,Smartphone Case,1,233.66,10,233.66,210.29,UPI,4.0
ORD104933,2024-12-26,CUST00849,18.0,Female,South,Electronics,USB-C Cable,1,56.24,10,56.24,50.62,Debit Card,4.0
ORD104939,2024-12-26,CUST00698,18.0,Male,South,Electronics,Smartphone Case,2,55.07,0,110.14,110.14,Debit Card,3.0
ORD104958,2024-12-27,CUST00188,18.0,Male,North,Sports & Outdoors,Dumbbell Set,1,52.54,10,52.54,47.29,UPI,2.0
ORD104957,2024-12-27,CUST00518,48.0,Female,Central,Electronics,Power Bank,2,146.54,0,293.08,293.08,Credit Card,3.0
ORD104956,2024-12-27,CUST00494,30.0,Female,North,Electronics,Power Bank,1,82.38,25,82.38,61.78,Cash on Delivery,5.0
ORD104955,2024-12-27,CUST01053,35.0,Male,South,Apparel,Running Shoes,1,89.7,0,89.7,89.7,UPI,4.0
ORD104954,2024-12-27,CUST00459,18.0,Male,North,Electronics,Laptop Stand,1,202.4,10,202.4,182.16,Debit Card,4.0
ORD104953,2024-12-27,CUST00866,49.0,Female,West,Home & Kitchen,Storage Bins,3,172.38,15,517.14,439.57,Credit Card,4.0
ORD104951,2024-12-27,CUST01102,18.0,Female,South,Beauty,Hair Dryer,1,58.83,0,58.83,58.83,Credit Card,4.0
ORD104950,2024-12-27,CUST00980,57.0,Male,North,Beauty,Sunscreen SPF50,1,19.67,25,19.67,14.75,Credit Card,3.0
ORD104949,2024-12-27,CUST01009,46.0,Male,West,Electronics,Laptop Stand,1,231.27,0,231.27,231.27,Debit Card,5.0
ORD104948,2024-12-27,CUST00526,39.0,Male,West,Home & Kitchen,Cutlery Set,1,141.93,0,141.93,141.93,Debit Card,3.0
ORD104952,2024-12-27,CUST00597,26.0,Male,South,Beauty,Perfume,1,31.35,0,31.35,31.35,Credit Card,4.0
ORD104968,2024-12-28,CUST00591,51.0,Female,West,Beauty,Lipstick Set,1,25.53,10,25.53,22.98,Net Banking,5.0
ORD104974,2024-12-28,CUST00897,35.0,Male,West,Electronics,Wireless Earbuds,2,118.48,25,236.96,177.72,UPI,3.0
ORD104973,2024-12-28,CUST00319,29.0,Female,South,Beauty,Sunscreen SPF50,2,63.37,10,126.74,114.07,Credit Card,3.0
ORD104972,2024-12-28,CUST00227,44.0,Female,West,Apparel,Formal Shirt,2,67.78,15,135.56,115.23,Credit Card,3.0
ORD104971,2024-12-28,CUST00190,39.0,Male,East,Beauty,Perfume,3,68.24,0,204.72,204.72,UPI,4.0
ORD104970,2024-12-28,CUST00708,24.0,Male,North,Sports & Outdoors,Water Bottle,1,102.87,10,102.87,92.58,Credit Card,4.0
ORD104969,2024-12-28,CUST00530,18.0,Female,Central,Home & Kitchen,Air Fryer,2,107.32,0,214.64,214.64,UPI,5.0
ORD104967,2024-12-28,CUST01187,26.0,Male,Central,Apparel,Formal Shirt,1,107.18,0,107.18,107.18,Cash on Delivery,4.0
ORD104959,2024-12-28,CUST00419,25.0,Female,North,Books,Children's Storybook,2,37.35,25,74.7,56.02,Cash on Delivery,4.0
ORD104965,2024-12-28,CUST01108,52.0,Male,West,Electronics,Bluetooth Speaker,1,89.36,5,89.36,84.89,Cash on Delivery,4.0
ORD104964,2024-12-28,CUST01187,26.0,Male,North,Home & Kitchen,Cutlery Set,1,17.99,10,17.99,16.19,UPI,3.0
ORD104963,2024-12-28,CUST00876,35.0,Male,South,Electronics,Laptop Stand,1,120.77,0,120.77,120.77,UPI,4.0
ORD104962,2024-12-28,CUST01145,48.0,Female,West,Electronics,Smartphone Case,1,108.62,15,108.62,92.33,Cash on Delivery,4.0
ORD104961,2024-12-28,CUST00578,18.0,Male,West,Home & Kitchen,Cutlery Set,1,98.29,25,98.29,73.72,Debit Card,4.0
ORD104960,2024-12-28,CUST00648,34.0,Female,West,Books,Business Book,1,14.29,0,14.29,14.29,Credit Card,4.0
ORD104966,2024-12-28,CUST00061,18.0,Male,North,Home & Kitchen,Blender,1,62.01,0,62.01,62.01,Credit Card,3.0
ORD104979,2024-12-29,CUST00082,47.0,Male,West,Beauty,Shampoo,1,33.44,5,33.44,31.77,Credit Card,3.0
ORD104978,2024-12-29,CUST00660,32.0,Female,West,Electronics,Smartphone Case,1,200.46,0,200.46,200.46,Credit Card,3.0
ORD104976,2024-12-29,CUST00511,48.0,Male,East,Beauty,Perfume,1,16.15,0,16.15,16.15,Credit Card,3.0
ORD104975,2024-12-29,CUST00493,26.0,Male,West,Apparel,Women's Jeans,1,27.21,0,27.21,27.21,UPI,4.0
ORD104977,2024-12-29,CUST00216,31.0,Male,West,Electronics,USB-C Cable,2,93.54,5,187.08,177.73,Debit Card,2.0
ORD104987,2024-12-30,CUST00051,35.0,Male,North,Home & Kitchen,Blender,1,23.64,0,23.64,23.64,UPI,3.0
ORD104990,2024-12-30,CUST01104,18.0,Female,North,Beauty,Sunscreen SPF50,2,59.44,25,118.88,89.16,UPI,4.0
ORD104989,2024-12-30,CUST01190,42.0,Male,Central,Home & Kitchen,Storage Bins,2,95.76,0,191.52,191.52,Credit Card,4.0
ORD104988,2024-12-30,CUST00543,43.0,Female,South,Beauty,Face Moisturizer,1,48.18,5,48.18,45.77,Credit Card,4.0
ORD104991,2024-12-30,CUST00298,29.0,Female,East,Home & Kitchen,Non-stick Pan,1,96.96,0,96.96,96.96,Debit Card,3.0
ORD104986,2024-12-30,CUST00794,32.0,Male,South,Home & Kitchen,Air Fryer,2,73.03,5,146.06,138.76,UPI,4.0
ORD104983,2024-12-30,CUST00740,25.0,Female,East,Electronics,Smartwatch,1,171.23,0,171.23,171.23,Debit Card,2.0
ORD104984,2024-12-30,CUST00510,18.0,Male,West,Electronics,USB-C Cable,3,204.82,0,614.46,614.46,Debit Card,3.0
ORD104982,2024-12-30,CUST00697,46.0,Female,South,Apparel,Wool Sweater,1,78.88,10,78.88,70.99,Cash on Delivery,5.0
ORD104981,2024-12-30,CUST01053,35.0,Male,South,Electronics,Webcam,1,73.05,0,73.05,73.05,Cash on Delivery,
ORD104980,2024-12-30,CUST01027,37.0,Female,South,Apparel,Running Shoes,1,17.09,0,17.09,17.09,Cash on Delivery,4.0
ORD104985,2024-12-30,CUST00634,43.0,Male,West,Electronics,USB-C Cable,2,29.52,0,59.04,59.04,Cash on Delivery,2.0
ORD104998,2024-12-31,CUST00919,44.0,Female,West,Beauty,Perfume,2,49.66,0,99.32,99.32,UPI,3.0
ORD104992,2024-12-31,CUST00803,20.0,Female,West,Beauty,Shampoo,1,44.35,5,44.35,42.13,Cash on Delivery,2.0
ORD104993,2024-12-31,CUST00626,31.0,Female,Central,Home & Kitchen,Coffee Maker,1,131.74,0,131.74,131.74,Debit Card,4.0
ORD104994,2024-12-31,CUST00239,39.0,Female,East,Beauty,Shampoo,2,59.89,0,119.78,119.78,Credit Card,5.0
ORD104995,2024-12-31,CUST00285,21.0,Female,South,Apparel,Men's T-Shirt,3,85.26,0,255.78,255.78,Debit Card,4.0
ORD104996,2024-12-31,CUST00736,18.0,Male,South,Books,Self-Help Guide,1,7.71,0,7.71,7.71,Cash on Delivery,2.0
ORD104997,2024-12-31,CUST00121,27.0,Male,North,Home & Kitchen,Throw Pillow,1,107.81,0,107.81,107.81,UPI,3.0
ORD104999,2024-12-31,CUST00706,38.0,Male,East,Apparel,Men's T-Shirt,1,65.18,0,65.18,65.18,Debit Card,4.0
